brand,source,country,review_id,date,month,week_start,rating,sentiment_bucket,title,text,text_clean,app_version,char_count,word_count,language_flag,use_for_ratings,use_for_topics
Oura,app_store,us,14598618504,2026-09-27 07:47:02+00:00,2026-09,2026-09-21,4,positive,not connecting by to apple health,i’ve disconnected & reconnected my apple health a few times to this app but it’s not integrating the apple health data nor exporting it into apple health. i have the most updated iOS and the app is updated. pls fix.,i've disconnected & reconnected my apple health a few times to this app but it's not integrating the apple health data nor exporting it into apple health. i have the most updated iOS and the app is updated. pls fix.,7.25.0,215,40,english,True,True
Oura,app_store,us,14597805367,2026-09-27 02:01:11+00:00,2026-09,2026-09-21,1,negative,Do not buy,"Bought one for my birthday, wanted one to help track my sleep and my period cycle. Come to find out you have to pay for a subscription to access anything. The “free” things aren’t detailed at all. Do not waist your money on the Oura products at all!!!!!!! Get the cheaper similar products from Amazon/ tiktok and not pay nearly as much.","Bought one for my birthday, wanted one to help track my sleep and my period cycle. Come to find out you have to pay for a subscription to access anything. The ""free"" things aren't detailed at all. Do not waist your money on the Oura products at all!!!!!!! Get the cheaper similar products from Amazon/ tiktok and not pay nearly as much.",7.25.0,336,62,english,True,True
Oura,app_store,us,14596409074,2026-09-26 17:19:02+00:00,2026-09,2026-09-21,5,positive,Measures,It’s great factor for our health and helps me review my weekly. Where I need to improve!!,It's great factor for our health and helps me review my weekly. Where I need to improve!!,7.25.0,89,17,english,True,True
Oura,app_store,us,14596103305,2026-09-26 15:48:05+00:00,2026-09,2026-09-21,1,negative,Greedy Money Grab,"After spending a small fortune on the ring itself, having access to all of its features and technology should not be an extra monthly charge to unlock through a subscription. Despicable practice.","After spending a small fortune on the ring itself, having access to all of its features and technology should not be an extra monthly charge to unlock through a subscription. Despicable practice.",7.25.0,195,32,english,True,True
Oura,app_store,us,14594861450,2026-09-26 09:03:34+00:00,2026-09,2026-09-21,2,negative,Not reliable,"I’m mostly happy with my Oura Ring and the information it provides, but unfortunately, I don’t feel that I can completely trust the data because of the frequent glitches—especially with activity detection.

The biggest issue is that the ring constantly suggests that I’m doing strength training when I’m not. I do strength train regularly, but during the day I work in an office and spend a significant amount of time sitting at a desk. Despite that, about 90% of the activities Oura automatically detects are labeled as strength training. It has even suggested strength training while I’m sleeping.

This happens so frequently that it makes me question the accuracy of the rest of the data. If the ring thinks I’m strength training while I’m sitting at my desk or sleeping, it’s difficult for me to fully trust the other readings it provides.

I really like the concept of the Oura Ring and many of its features, but the activity-detection glitches need significant improvement before I can consider the data completely reliable.","I'm mostly happy with my Oura Ring and the information it provides, but unfortunately, I don't feel that I can completely trust the data because of the frequent glitches—especially with activity detection. The biggest issue is that the ring constantly suggests that I'm doing strength training when I'm not. I do strength train regularly, but during the day I work in an office and spend a significant amount of time sitting at a desk. Despite that, about 90% of the activities Oura automatically detects are labeled as strength training. It has even suggested strength training while I'm sleeping. This happens so frequently that it makes me question the accuracy of the rest of the data. If the ring thinks I'm strength training while I'm sitting at my desk or sleeping, it's difficult for me to fully trust the other readings it provides. I really like the concept of the Oura Ring and many of its features, but the activity-detection glitches need significant improvement before I can consider the data completely reliable.",7.25.0,1027,171,english,True,True
Oura,app_store,us,14594615539,2026-09-26 07:21:08+00:00,2026-09,2026-09-21,1,negative,Oura Company is trash,"Buy a ring from a competitor that doesn’t require a monthly subscription. Their ring doesn’t last more than 2 years. When it fails, they make you buy a new one.","Buy a ring from a competitor that doesn't require a monthly subscription. Their ring doesn't last more than 2 years. When it fails, they make you buy a new one.",7.25.0,160,30,english,True,True
Oura,app_store,us,14594020488,2026-09-26 03:02:53+00:00,2026-09,2026-09-21,1,negative,App crashes,"I’ve loved the app, but recently with iOS 27, the app keeps crashing. I’ve tried everything, even talked to support on oura’s website and we exhausted all options. Right now it’s just a dud on my Home Screen taking up space. Please do better updates to ensure that all bugs are fixed because event with the newest app update, it still won’t open!","I've loved the app, but recently with iOS 27, the app keeps crashing. I've tried everything, even talked to support on oura's website and we exhausted all options. Right now it's just a dud on my Home Screen taking up space. Please do better updates to ensure that all bugs are fixed because event with the newest app update, it still won't open!",7.25.0,346,63,english,True,True
Oura,app_store,us,14593000589,2026-09-25 20:20:30+00:00,2026-09,2026-09-21,2,negative,Disappointing,"I’ve owned my ring for a week over my 1 yr purchase. About 10 mos in, battery started failing. I only track sleep and activity. I’ve done a soft reset. I now charge every day and a half. I could’ve stayed with my Apple Watch for this battery life.","I've owned my ring for a week over my 1 yr purchase. About 10 mos in, battery started failing. I only track sleep and activity. I've done a soft reset. I now charge every day and a half. I could've stayed with my Apple Watch for this battery life.",7.25.0,247,49,english,True,True
Oura,app_store,us,14591174214,2026-09-25 10:37:15+00:00,2026-09,2026-09-21,1,negative,Missing Data.,"I really wanted to love the Oura Ring, but I’m extremely disappointed. For the price of the ring AND a monthly subscription, I expect it to reliably collect my data. Instead, I frequently have missing sleep and health data, which defeats the entire purpose of wearing it. The battery also does not last nearly as long as I expected, so I’m constantly having to think about charging it. When you’re paying this much for a health tracker, reliability should be the bare minimum. I like the concept and the app, but the inconsistent data and poor battery life have made me regret the purchase.","I really wanted to love the Oura Ring, but I'm extremely disappointed. For the price of the ring AND a monthly subscription, I expect it to reliably collect my data. Instead, I frequently have missing sleep and health data, which defeats the entire purpose of wearing it. The battery also does not last nearly as long as I expected, so I'm constantly having to think about charging it. When you're paying this much for a health tracker, reliability should be the bare minimum. I like the concept and the app, but the inconsistent data and poor battery life have made me regret the purchase.",7.25.0,590,104,english,True,True
Oura,app_store,us,14590021034,2026-09-25 02:23:51+00:00,2026-09,2026-09-21,3,neutral,Background,Love the app but would like an option to be able to switch from light mode to dark mode on the background! Unfortunately reading anything in the app hurts my eyes and I cannot read it since it’s only in dark mode!,Love the app but would like an option to be able to switch from light mode to dark mode on the background! Unfortunately reading anything in the app hurts my eyes and I cannot read it since it's only in dark mode!,7.25.0,213,42,english,True,True
Oura,app_store,us,14588513303,2026-09-24 16:55:11+00:00,2026-09,2026-09-21,2,negative,Frustrated,"App keeps logging me out and it’s cumbersome to get back in, ring won’t stay charged for more than a day, getting no insights because of it. Frustrating","App keeps logging me out and it's cumbersome to get back in, ring won't stay charged for more than a day, getting no insights because of it. Frustrating",7.25.0,152,28,english,True,True
Oura,app_store,us,14588507079,2026-09-24 16:53:12+00:00,2026-09,2026-09-21,5,positive,Someone who works in law enforcement,"I absolutely have never within my history of being an Apple user have left a full review for anything. BUT this ring deserves a review! 
I have been wearing this ring since beginning of August. (I bought as a birthday present to myself) about exactly a year ago I was told I had a heart issue and I needed to get my weight back to my normal I weighted in at that time 185lbs I am now at 125. I did that with in a years time. I noticed I started to work out more and more over the summer doing water areobics, I had an Apple Watch before and absolutely hated it. I hate the screen I hate when I get calls, and text, I needed something that didn’t do any of that. But in the line of work I am in I didn’t want anything on my wrist anyways. 
When I saw this ring after googling great ideas for a person that don’t want a second screen this popped up and I did MORE research, pros and cons because the price I didn’t wanna invest in something such as the Apple Watch for me to put it in my closet and never look at it again. 
I have to say wearing the sizer for about a week before I bought was very good, I switched between several sizes learning that I swell in the mornings and that dies down throughout the day. I got to a point wear I feel naked without wearing my oura ring and it’s apart of me now. 
That charge is amazing and fast! If the battery is about 20ft yrs out I put it on the charger while I’m in the shower and by the time I am out it’s got a pretty good charge done. 
The app is great. It took a while for me to get the hang out it. I had to google a lot of the terminology etc and what the app was capable of doing. 
Adding my meals is GREAT. I love the fact I can take a photo of my meal and ai analyzes it. Sometimes I have to make corrections to modify but not to bad. 
I do wish they still had the desktop version because I already hate the phone in general. 
(I’m old school) but the app if you play around on it it definitely is worth it and ur time. 
For a while the ring is collecting data so there within the first couple of weeks there really isn’t much data because it’s learning your typical baseline of things. 
But after the analyzing, the app has given me better solutions on over all health like instead of eating this u should eat this. Telling me that yesterday I worked hard yesterday and today you need to rest and take it easy. 
I love love the fact that if I am working out or just doing house work its analyzes every step every flick! Which is exactly what I wanted not just a work out but everyday movements especially cleaning my house 
The sleeping portion is HANDS DOWN worth every penny in my opinion with oura! Compared to other brand oura definitely gets this one right! 
The workouts sometimes aren’t always on point but you can modify that if needed or agree to it! 
The sleeping portion is the one thing I wanted right and they did good, I work shift work and flipping 14 day rotation from days to nights so this tells me how to combat that and make sure my body gets the rest that it needs. 
Previously I thought I knew what I was doing and listening to my body BUT oura gives you tips and tricks to battle that “fatigue” u can say for a healthy life style! I also love the fact that the stress levels indicate specific times of when your excelling up there and to basically calm tf down. Lol
Thank you oura!","I absolutely have never within my history of being an Apple user have left a full review for anything. BUT this ring deserves a review! I have been wearing this ring since beginning of August. (I bought as a birthday present to myself) about exactly a year ago I was told I had a heart issue and I needed to get my weight back to my normal I weighted in at that time 185lbs I am now at 125. I did that with in a years time. I noticed I started to work out more and more over the summer doing water areobics, I had an Apple Watch before and absolutely hated it. I hate the screen I hate when I get calls, and text, I needed something that didn't do any of that. But in the line of work I am in I didn't want anything on my wrist anyways. When I saw this ring after googling great ideas for a person that don't want a second screen this popped up and I did MORE research, pros and cons because the price I didn't wanna invest in something such as the Apple Watch for me to put it in my closet and never look at it again. I have to say wearing the sizer for about a week before I bought was very good, I switched between several sizes learning that I swell in the mornings and that dies down throughout the day. I got to a point wear I feel naked without wearing my oura ring and it's apart of me now. That charge is amazing and fast! If the battery is about 20ft yrs out I put it on the charger while I'm in the shower and by the time I am out it's got a pretty good charge done. The app is great. It took a while for me to get the hang out it. I had to google a lot of the terminology etc and what the app was capable of doing. Adding my meals is GREAT. I love the fact I can take a photo of my meal and ai analyzes it. Sometimes I have to make corrections to modify but not to bad. I do wish they still had the desktop version because I already hate the phone in general. (I'm old school) but the app if you play around on it it definitely is worth it and ur time. For a while the ring is collecting data so there within the first couple of weeks there really isn't much data because it's learning your typical baseline of things. But after the analyzing, the app has given me better solutions on over all health like instead of eating this u should eat this. Telling me that yesterday I worked hard yesterday and today you need to rest and take it easy. I love love the fact that if I am working out or just doing house work its analyzes every step every flick! Which is exactly what I wanted not just a work out but everyday movements especially cleaning my house The sleeping portion is HANDS DOWN worth every penny in my opinion with oura! Compared to other brand oura definitely gets this one right! The workouts sometimes aren't always on point but you can modify that if needed or agree to it! The sleeping portion is the one thing I wanted right and they did good, I work shift work and flipping 14 day rotation from days to nights so this tells me how to combat that and make sure my body gets the rest that it needs. Previously I thought I knew what I was doing and listening to my body BUT oura gives you tips and tricks to battle that ""fatigue"" u can say for a healthy life style! I also love the fact that the stress levels indicate specific times of when your excelling up there and to basically calm tf down. Lol Thank you oura!",7.25.0,3343,667,english,True,True
Oura,app_store,us,14588211145,2026-09-24 15:23:23+00:00,2026-09,2026-09-21,1,negative,Garbage numbers,"This app is just spitting out garbage numbers. Told me yesterday my recovery index “needed attention” because my lowest heart rate wasn’t until 4am. Told me today my recovery index was optimal, yet my lowest was 6am. All the information is buried in weird places. My first time with an Oura and il be sending it back.","This app is just spitting out garbage numbers. Told me yesterday my recovery index ""needed attention"" because my lowest heart rate wasn't until 4am. Told me today my recovery index was optimal, yet my lowest was 6am. All the information is buried in weird places. My first time with an Oura and il be sending it back.",7.25.0,317,57,english,True,True
Oura,app_store,us,14587599542,2026-09-24 12:23:51+00:00,2026-09,2026-09-21,2,negative,Short battery life and not accurate,"I’m looking for another solution for tracking health and fitness. The Ring’s tiny battery doesn’t last more than 4 days when new, and that quickly drops to 2 days after about 6 months. The step counts are grossly inaccurate. If I hike the same 2 mile trail each day, the Ring shows anywhere between 3500 and 8000 steps. Today I took a different trail, 3 miles and more elevation, 4400 steps. Lol.","I'm looking for another solution for tracking health and fitness. The Ring's tiny battery doesn't last more than 4 days when new, and that quickly drops to 2 days after about 6 months. The step counts are grossly inaccurate. If I hike the same 2 mile trail each day, the Ring shows anywhere between 3500 and 8000 steps. Today I took a different trail, 3 miles and more elevation, 4400 steps. Lol.",7.25.0,396,72,english,True,True
Oura,app_store,us,14587278775,2026-09-24 10:35:29+00:00,2026-09,2026-09-21,1,negative,New update is buggy,I just got the update and now I can use the sleep card without being automatically taken to the sleep stages graph. Everything I tap takes me to sleep stages graph. Waste of money.,I just got the update and now I can use the sleep card without being automatically taken to the sleep stages graph. Everything I tap takes me to sleep stages graph. Waste of money.,7.25.0,180,34,english,True,True
Oura,app_store,us,14586252525,2026-09-24 02:47:05+00:00,2026-09,2026-09-21,3,neutral,Planned Obsolescence?,"With one of the prior updates my gen 3 dropped from 4 days of battery to 3. That is planned obsolescence.

Now, my ring is missing huge chunks of each day’s data. Crazy. I take care of it, and it’s not *that* old. I get the feeling they want me to pay for an upgrade, and I don’t really appreciate that as a customer.","With one of the prior updates my gen 3 dropped from 4 days of battery to 3. That is planned obsolescence. Now, my ring is missing huge chunks of each day's data. Crazy. I take care of it, and it's not *that* old. I get the feeling they want me to pay for an upgrade, and I don't really appreciate that as a customer.",7.25.0,316,64,english,True,True
Oura,app_store,us,14586182697,2026-09-24 02:17:57+00:00,2026-09,2026-09-21,4,positive,Great,Some of the information is confusing to understand. Overall I like it but I feel the sleep feedback is not accurate.,Some of the information is confusing to understand. Overall I like it but I feel the sleep feedback is not accurate.,7.25.0,116,21,english,True,True
Oura,app_store,us,14585580134,2026-09-23 22:16:12+00:00,2026-09,2026-09-21,2,negative,Ours ring,"I love that I can track my health especially after the loss of my son, I don’t like that the battery dies in less than 24 hours. 😭","I love that I can track my health especially after the loss of my son, I don't like that the battery dies in less than 24 hours. 😭",7.25.0,130,28,english,True,True
Oura,app_store,us,14584305988,2026-09-23 14:59:55+00:00,2026-09,2026-09-21,5,positive,Miracle Ring,"I want to hide, live to without this for so many years, it is such an amazing tool that only helps me understand my health explains how I can improve my overall well-being, I feel that I should have this dream to make a difference in their lives","I want to hide, live to without this for so many years, it is such an amazing tool that only helps me understand my health explains how I can improve my overall well-being, I feel that I should have this dream to make a difference in their lives",7.25.0,245,48,english,True,True
Oura,app_store,us,14582391359,2026-09-23 02:46:34+00:00,2026-09,2026-09-21,5,positive,A great idea!,"The Oura ring is so good! It has all the features of a smart watch and compacts it nicely into a ring.  Get the Oura ring 5, because it’s even skinnier than the 4 version. I have co-workers who had the 4, and have gotten the 5 because they liked the fit of the Oura 5!","The Oura ring is so good! It has all the features of a smart watch and compacts it nicely into a ring. Get the Oura ring 5, because it's even skinnier than the 4 version. I have co-workers who had the 4, and have gotten the 5 because they liked the fit of the Oura 5!",7.25.0,267,56,english,True,True
Oura,app_store,us,14581125430,2026-09-22 18:50:42+00:00,2026-09,2026-09-21,4,positive,I’d love to see tag organization!,"I’ve had my Oura ring for almost a year and I’m constantly adapting and finding new ways to use it! My only qualm is with the tagging feature in the app. It’s incredibly broad (which is great!) but I tend to forget what I want or need to track. I would love to be able to pick a selection of tags that I can either say “yes” or “no” to each day. Or be able to sort by categories. Or better yet, just apply a tag to the whole day instead of at a specific time. I’m currently not using the tags to their potential (or at all) simply because it’s overwhelming.","I've had my Oura ring for almost a year and I'm constantly adapting and finding new ways to use it! My only qualm is with the tagging feature in the app. It's incredibly broad (which is great!) but I tend to forget what I want or need to track. I would love to be able to pick a selection of tags that I can either say ""yes"" or ""no"" to each day. Or be able to sort by categories. Or better yet, just apply a tag to the whole day instead of at a specific time. I'm currently not using the tags to their potential (or at all) simply because it's overwhelming.",7.25.0,557,112,english,True,True
Oura,app_store,us,14581020677,2026-09-22 18:15:46+00:00,2026-09,2026-09-21,4,positive,Please!,"I love my OURA ring, however I do wish for a real food log so I don’t need to also pay for additional apps. It would be great if OURA would track macro & micro nutrients alongside calories","I love my OURA ring, however I do wish for a real food log so I don't need to also pay for additional apps. It would be great if OURA would track macro & micro nutrients alongside calories",7.25.0,188,38,english,True,True
Oura,app_store,us,14580821678,2026-09-22 17:10:22+00:00,2026-09,2026-09-21,5,positive,Love my Oura ring,"I really love my Oura Ring. I honestly didn’t realize how much I wasn’t paying attention to what my body was telling me until I started using it. I love checking my sleep, stress, recovery, and readiness and actually understanding why I may feel the way I do that day. The app is super easy to use and gives me useful information without making it complicated. It’s definitely made me more intentional about resting when I need to, moving more, and just taking better care of myself overall. So glad I finally got one.","I really love my Oura Ring. I honestly didn't realize how much I wasn't paying attention to what my body was telling me until I started using it. I love checking my sleep, stress, recovery, and readiness and actually understanding why I may feel the way I do that day. The app is super easy to use and gives me useful information without making it complicated. It's definitely made me more intentional about resting when I need to, moving more, and just taking better care of myself overall. So glad I finally got one.",7.25.0,518,94,english,True,True
Oura,app_store,us,14580371704,2026-09-22 14:54:13+00:00,2026-09,2026-09-21,2,negative,Nonsense,"Occasionally it reflects my actual experience, but mostly it’s laughable. When I sleep restlessly through the night it shows a score in the low 60s, when I’m awake all night after a stressful day it shows high 70s and low 80s. The best part of the ring is that you need to update the software multiple times per month. It’s basically worthless","Occasionally it reflects my actual experience, but mostly it's laughable. When I sleep restlessly through the night it shows a score in the low 60s, when I'm awake all night after a stressful day it shows high 70s and low 80s. The best part of the ring is that you need to update the software multiple times per month. It's basically worthless",7.25.0,343,62,english,True,True
Oura,app_store,us,14580112411,2026-09-22 13:38:53+00:00,2026-09,2026-09-21,5,positive,Medical Device?,"No, a wellness device with  info that is Very helpful supporting health and lifestyle!","No, a wellness device with info that is Very helpful supporting health and lifestyle!",7.25.0,85,14,english,True,True
Oura,app_store,us,14579181266,2026-09-22 07:52:32+00:00,2026-09,2026-09-21,5,positive,Love the app,"Great useful data, well laid out","Great useful data, well laid out",7.25.0,32,6,english,True,True
Oura,app_store,us,14578666793,2026-09-22 03:49:01+00:00,2026-09,2026-09-21,1,negative,Bad,Ring only last 24 hrs after 1 year.   It constantly disconnects and has a difficulty reconnecting to the app.,Ring only last 24 hrs after 1 year. It constantly disconnects and has a difficulty reconnecting to the app.,7.24.0,107,19,english,True,True
Oura,app_store,us,14578344293,2026-09-22 01:35:51+00:00,2026-09,2026-09-21,5,positive,More accurate than Apple Watch,"Amazing, low maintenance, highly accurate! Highly recommended","Amazing, low maintenance, highly accurate! Highly recommended",7.24.0,61,7,english,True,True
Oura,app_store,us,14577745026,2026-09-21 21:40:26+00:00,2026-09,2026-09-21,5,positive,Excellent Insights,My ring showed signs of poor sleep and potential blood pressure issues. I’ve had a sleep study and started CPAP because I could show the doctor my reports.,My ring showed signs of poor sleep and potential blood pressure issues. I've had a sleep study and started CPAP because I could show the doctor my reports.,7.24.0,155,28,english,True,True
Oura,app_store,us,14576516883,2026-09-21 14:58:02+00:00,2026-09,2026-09-21,1,negative,Sleep Tracking not working,The sleep tracking is not working on my or my husbands phone. We have reset the ring multiple times with no luck.,The sleep tracking is not working on my or my husbands phone. We have reset the ring multiple times with no luck.,7.24.0,113,22,english,True,True
Oura,app_store,us,14575037937,2026-09-21 05:29:20+00:00,2026-09,2026-09-21,3,neutral,Nap Detection,"I really enjoy my Oura Ring, especially for letting me know when I may be getting sick or when my body is experiencing extra strain, as well as for tracking my activity. However, I’m a heavy napper, and while the ring fits snugly on my finger, it sometimes fails to recognize my naps even when they last 1–2+ hours. My biggest frustration is that there’s no option to manually log a nap when it isn’t detected.","I really enjoy my Oura Ring, especially for letting me know when I may be getting sick or when my body is experiencing extra strain, as well as for tracking my activity. However, I'm a heavy napper, and while the ring fits snugly on my finger, it sometimes fails to recognize my naps even when they last 1–2+ hours. My biggest frustration is that there's no option to manually log a nap when it isn't detected.",7.24.0,410,76,english,True,True
Oura,app_store,us,14574798379,2026-09-21 03:38:27+00:00,2026-09,2026-09-21,1,negative,Great when it works,"Fails to connect way too often even when charged and only feet away from iPhone. Software is buggy 
Won’t let me in to anything except the app not recommended at all",Fails to connect way too often even when charged and only feet away from iPhone. Software is buggy Won't let me in to anything except the app not recommended at all,7.24.0,164,31,english,True,True
Oura,app_store,us,14574723943,2026-09-21 03:05:53+00:00,2026-09,2026-09-21,1,negative,Awful,"Connectivity has been miserable, I’ve tried to leave reviews on amazon and the website and Google. They’ve obviously done a great job at preventing those from going through since I wrote out two that didn’t save and reset. I’ve had, and been wearing mine for over a week. App says it’s connected and the ring has 35% battery left, yet just spins and says not connected nor will it pull any data into the app or let me know what has been going on. Sort of the entire point of this thing. So far: full charge, wear non stop for 8 days. Zero data, zero connectivity, zero reason it isn’t working and no idea how to fix.","Connectivity has been miserable, I've tried to leave reviews on amazon and the website and Google. They've obviously done a great job at preventing those from going through since I wrote out two that didn't save and reset. I've had, and been wearing mine for over a week. App says it's connected and the ring has 35% battery left, yet just spins and says not connected nor will it pull any data into the app or let me know what has been going on. Sort of the entire point of this thing. So far: full charge, wear non stop for 8 days. Zero data, zero connectivity, zero reason it isn't working and no idea how to fix.",7.24.0,616,117,english,True,True
Oura,app_store,us,14574415607,2026-09-21 01:02:10+00:00,2026-09,2026-09-21,1,negative,Junk,It does not tell me anything,It does not tell me anything,7.24.0,28,6,english,True,True
Oura,app_store,us,14574162700,2026-09-20 23:21:24+00:00,2026-09,2026-09-14,5,positive,love it!,Great product!,Great product!,7.24.0,14,2,english,True,False
Oura,app_store,us,14572450717,2026-09-20 14:15:30+00:00,2026-09,2026-09-14,1,negative,metric calculations needs to be revisited,"I’ve been an Oura customer long enough to know this isn’t just one bad reading, the product has become increasingly difficult to trust.

There have been multiple times when I’ve felt completely calm and relaxed, yet Oura has told me I was under significant stress. The most ridiculous example was during a massage, when Oura somehow logged nearly three hours of stress. If the ring can’t accurately distinguish between actual physiological stress and someone lying on a massage table relaxing, then I have to question how useful that data really is.

The guidance is also constantly contradictory. Oura tells me my HRV is low, my recovery is poor, and I should take it easy, then in the same breath gives me a 10,000+ step target. If I push myself, my recovery suffers. If I rest, I miss my activity goal. Either way, my scores take a hit. At some point, the product stops feeling insightful and starts feeling like a system designed to tell you that you’re doing something wrong no matter what you do.

The battery life is another disappointment, especially for a device at this price point. And I paid extra for the gold finish, which has aged so poorly that it now looks cheap, worn, and frankly embarrassing. Charging a premium for a finish that deteriorates like this is unacceptable.

There are far more smart-ring options available now than when I originally bought Oura. Based on my experience, I would not spend my money on another one unless Oura can show that the quality, durability, battery performance, and accuracy have actually improved.

For a product that positions itself as premium, my ring no longer looks or performs like one. I’d expect Oura to stand behind the product and offer a replacement or another meaningful resolution, because at this point I certainly wouldn’t feel comfortable paying full price for another ring.","I've been an Oura customer long enough to know this isn't just one bad reading, the product has become increasingly difficult to trust. There have been multiple times when I've felt completely calm and relaxed, yet Oura has told me I was under significant stress. The most ridiculous example was during a massage, when Oura somehow logged nearly three hours of stress. If the ring can't accurately distinguish between actual physiological stress and someone lying on a massage table relaxing, then I have to question how useful that data really is. The guidance is also constantly contradictory. Oura tells me my HRV is low, my recovery is poor, and I should take it easy, then in the same breath gives me a 10,000+ step target. If I push myself, my recovery suffers. If I rest, I miss my activity goal. Either way, my scores take a hit. At some point, the product stops feeling insightful and starts feeling like a system designed to tell you that you're doing something wrong no matter what you do. The battery life is another disappointment, especially for a device at this price point. And I paid extra for the gold finish, which has aged so poorly that it now looks cheap, worn, and frankly embarrassing. Charging a premium for a finish that deteriorates like this is unacceptable. There are far more smart-ring options available now than when I originally bought Oura. Based on my experience, I would not spend my money on another one unless Oura can show that the quality, durability, battery performance, and accuracy have actually improved. For a product that positions itself as premium, my ring no longer looks or performs like one. I'd expect Oura to stand behind the product and offer a replacement or another meaningful resolution, because at this point I certainly wouldn't feel comfortable paying full price for another ring.",7.24.0,1841,313,english,True,True
Oura,app_store,us,14571831706,2026-09-20 11:04:59+00:00,2026-09,2026-09-14,2,negative,Another issue,"I’ve had every single version of the Oura ring since it first came out. and I’ve always been a big supporter of know thyself and individual access to one’s own data however, over the last four years, I’ve had to have a warranty replacement every six months, and I just got the iPhone 18 Pro Max, and the ring just stopped connecting. I was able to set it up one time, stopped connecting, had to do a factory reset on the ring. lost my data for the day, woke up this morning and again can’t connect, so they’re sending a replacement ring. This is just frustrating and tiresome - I’m wondering if they did a full QC of the ring, the app, and the iPhone 18 Pro Max","I've had every single version of the Oura ring since it first came out. and I've always been a big supporter of know thyself and individual access to one's own data however, over the last four years, I've had to have a warranty replacement every six months, and I just got the iPhone 18 Pro Max, and the ring just stopped connecting. I was able to set it up one time, stopped connecting, had to do a factory reset on the ring. lost my data for the day, woke up this morning and again can't connect, so they're sending a replacement ring. This is just frustrating and tiresome - I'm wondering if they did a full QC of the ring, the app, and the iPhone 18 Pro Max",7.24.0,661,128,english,True,True
Oura,app_store,us,14570753561,2026-09-20 03:23:36+00:00,2026-09,2026-09-14,1,negative,Your device is nothing,"Your ring is expensive and is nothing without subscriptor, nothing!","Your ring is expensive and is nothing without subscriptor, nothing!",7.24.0,67,10,english,True,True
Oura,app_store,us,14570593784,2026-09-20 02:18:48+00:00,2026-09,2026-09-14,1,negative,Aura 5 is a poor piece of technology,"The Aura 5 has a known glitch that erroneously logs high calorie burns and workout minutes. Aura is aware but apparently as of now, are unable to fix the issue. I had to stop it from writing to my health app as it was totally distorting my numbers. Stick with the Aura 4. My wife’s Aura 4 has given her no problems. Stay away from the Generation 5!!!","The Aura 5 has a known glitch that erroneously logs high calorie burns and workout minutes. Aura is aware but apparently as of now, are unable to fix the issue. I had to stop it from writing to my health app as it was totally distorting my numbers. Stick with the Aura 4. My wife's Aura 4 has given her no problems. Stay away from the Generation 5!!!",7.24.0,350,68,english,True,True
Oura,app_store,us,14569574819,2026-09-19 19:44:10+00:00,2026-09,2026-09-14,1,negative,App crashes and won’t sync data to log in,"Title says it all. Mixed to iPhone, used the app once, and then it just crashes. Deleted and reinstalled multiple times to try to reset it and now it won’t re-sync days to log me in. Just says it has a problem. Guess I’m just gonna go back to my watch. 🤷🏼‍♀️🤷🏼‍♀️","Title says it all. Mixed to iPhone, used the app once, and then it just crashes. Deleted and reinstalled multiple times to try to reset it and now it won't re-sync days to log me in. Just says it has a problem. Guess I'm just gonna go back to my watch. 🤷🏼‍♀️🤷🏼‍♀️",7.24.0,263,52,english,True,True
Oura,app_store,us,14568734990,2026-09-19 15:28:13+00:00,2026-09,2026-09-14,2,negative,Missed tracking,If I don’t go in daily and confirm my activity nothing is tracked. Doesn’t really make sense to me. Been missing the tracking for by busiest days,If I don't go in daily and confirm my activity nothing is tracked. Doesn't really make sense to me. Been missing the tracking for by busiest days,7.24.0,145,27,english,True,True
Oura,app_store,us,14568639451,2026-09-19 15:01:41+00:00,2026-09,2026-09-14,5,positive,Grandes mejoras,Desde Julio lo he estado usando y he seguido la sugerencias y de un promedio de recuperación del 40% en promedio hoy puedo decir que estoy en el 80% . Desde Julio lo he estado usando y he seguido la sugerencias y de un promedio de recuperación del 40% en promedio hoy puedo decir que estoy en el 80% Punto. Estamos en la mitad de septiembre Estamos en la mitad de septiembre,Desde Julio lo he estado usando y he seguido la sugerencias y de un promedio de recuperación del 40% en promedio hoy puedo decir que estoy en el 80% . Desde Julio lo he estado usando y he seguido la sugerencias y de un promedio de recuperación del 40% en promedio hoy puedo decir que estoy en el 80% Punto. Estamos en la mitad de septiembre Estamos en la mitad de septiembre,7.24.0,374,72,english,True,True
Oura,app_store,us,14567750070,2026-09-19 10:29:37+00:00,2026-09,2026-09-14,5,positive,Life changing!,Had helped me to organize my health issues in ways I couldn’t have even imagined😁,Had helped me to organize my health issues in ways I couldn't have even imagined😁,7.24.0,81,15,english,True,True
Oura,app_store,us,14564735966,2026-09-18 15:36:57+00:00,2026-09,2026-09-14,5,positive,OURA is amazing,"I definitely recommend the Oura ring. It is an effortless way to measure your health. Sleep exercise, hot health, and if there is an issue in your body. Which did alert me I was having a diverticulitis attack. And it warned me a day before it happens, which then I did end up in the hospital. But if it wasn’t for the Oura ring I would’ve let it go on longer but because of the warning I went straight to the doctors so I thank you for a ring.","I definitely recommend the Oura ring. It is an effortless way to measure your health. Sleep exercise, hot health, and if there is an issue in your body. Which did alert me I was having a diverticulitis attack. And it warned me a day before it happens, which then I did end up in the hospital. But if it wasn't for the Oura ring I would've let it go on longer but because of the warning I went straight to the doctors so I thank you for a ring.",7.24.0,443,89,english,True,True
Oura,app_store,us,14564432468,2026-09-18 14:11:47+00:00,2026-09,2026-09-14,2,negative,Inaccurate,I was dancing for 2.5 hours then had an hour strength training workout. My ring said I burned 2 calories. What a joke. My stress levels don’t feel accurate to what I’m feeling. Hard to trust any of the stats on this ring.,I was dancing for 2.5 hours then had an hour strength training workout. My ring said I burned 2 calories. What a joke. My stress levels don't feel accurate to what I'm feeling. Hard to trust any of the stats on this ring.,7.24.0,221,43,english,True,True
Oura,app_store,us,14564116265,2026-09-18 12:40:18+00:00,2026-09,2026-09-14,5,positive,Ring,I LOVE MY OURA RING!!!!! WOWSER,I LOVE MY OURA RING!!!!! WOWSER,7.24.0,31,6,english,True,True
Oura,app_store,us,14562956857,2026-09-18 04:47:05+00:00,2026-09,2026-09-14,5,positive,Best purchase,"I’ve lost 30 pounds prepping for my wedding and I truly credit my Oura ring for a lot of that. Seeing my daily caloric burn, my sleep score, and my readiness score has helped gauge my health and keep up with my habits. Seriously worth the money, I’m never taking mine off!!!","I've lost 30 pounds prepping for my wedding and I truly credit my Oura ring for a lot of that. Seeing my daily caloric burn, my sleep score, and my readiness score has helped gauge my health and keep up with my habits. Seriously worth the money, I'm never taking mine off!!!",7.24.0,274,52,english,True,True
Oura,app_store,us,14560749192,2026-09-17 15:10:18+00:00,2026-09,2026-09-14,4,positive,"Helps me track sleep, but locator is not precise — look at Wunderfind","The app really is user friendly, slick design, and helpful with one exception: the ring locator. This could be a lot more precise! It was almost impossible to find a lost oura ring because instead of a % signal strength, it just says a generic “Nearby”. I’d recommend the devs consider replicating Wunderfind or referring to a similar app which provides more precision. This way future users could avoid the same pitfalls.","The app really is user friendly, slick design, and helpful with one exception: the ring locator. This could be a lot more precise! It was almost impossible to find a lost oura ring because instead of a % signal strength, it just says a generic ""Nearby"". I'd recommend the devs consider replicating Wunderfind or referring to a similar app which provides more precision. This way future users could avoid the same pitfalls.",7.24.0,422,72,english,True,True
Oura,app_store,us,14560073308,2026-09-17 11:51:07+00:00,2026-09,2026-09-14,1,negative,Stop working,"My family bought it as a birthday present, it worked fine for about 40 days and now it doesnt open the app… It crashes every time for no apparent reason.","My family bought it as a birthday present, it worked fine for about 40 days and now it doesnt open the app… It crashes every time for no apparent reason.",7.24.0,153,30,english,True,True
Oura,app_store,us,14557175934,2026-09-16 16:34:17+00:00,2026-09,2026-09-14,5,positive,No better device anywhere,I got my ring when they first became available.  The amount of info provided and actionable suggestions does make a difference.  Its the first thing i check every morning.  Nothing else compares.  They constantly improve functionality.  Customer support is pleasant and actually resolve any issues.  Kudos to the Oura team.,I got my ring when they first became available. The amount of info provided and actionable suggestions does make a difference. Its the first thing i check every morning. Nothing else compares. They constantly improve functionality. Customer support is pleasant and actually resolve any issues. Kudos to the Oura team.,7.24.0,317,50,english,True,True
Oura,app_store,us,14557061728,2026-09-16 15:59:57+00:00,2026-09,2026-09-14,4,positive,Synching and battery problems,My ring is not even a year old and I have been experiencing multiple daily synching problems and fast battery depletion.,My ring is not even a year old and I have been experiencing multiple daily synching problems and fast battery depletion.,7.24.0,120,21,english,True,True
Oura,app_store,us,14556759357,2026-09-16 14:33:06+00:00,2026-09,2026-09-14,4,positive,Good but location access needs to be addressed,"I do like how this app complements the ring. It can be tricky to navigate and find specific things, but overall, it’s good. What bothers me is I have location set to only while using app - with any other app, I can “minimize” it, and the app stops using my location (at least to the naked eye). I’ll minimize Oura, and the big blue arrow, like I’m using directions or whatever, is full on in the Home Screen. And my phone is always in low battery mode, so having that always on sucks battery life down even faster. I have to close out of the app completely .","I do like how this app complements the ring. It can be tricky to navigate and find specific things, but overall, it's good. What bothers me is I have location set to only while using app - with any other app, I can ""minimize"" it, and the app stops using my location (at least to the naked eye). I'll minimize Oura, and the big blue arrow, like I'm using directions or whatever, is full on in the Home Screen. And my phone is always in low battery mode, so having that always on sucks battery life down even faster. I have to close out of the app completely .",7.24.0,558,109,english,True,True
Oura,app_store,us,14556522320,2026-09-16 13:25:38+00:00,2026-09,2026-09-14,1,negative,Awful Since the 5 Came Out,"I used to love my Oura Ring 4, but since the 5 came out, my ring dies within 24-48 hours whereas before it would last 5-6 days before needing to charge. Sometimes my ring does not read my vitals or my sleep data. When I open my app, it’s unable to find my ring. I know companies slow down older modeled devices but since the 5 came out, it’s VERY apparent that they slowed down the 4 and created all these bugs/issues. It doesn’t even make me want the 5, it makes me not want to wear my ring anymore.","I used to love my Oura Ring 4, but since the 5 came out, my ring dies within 24-48 hours whereas before it would last 5-6 days before needing to charge. Sometimes my ring does not read my vitals or my sleep data. When I open my app, it's unable to find my ring. I know companies slow down older modeled devices but since the 5 came out, it's VERY apparent that they slowed down the 4 and created all these bugs/issues. It doesn't even make me want the 5, it makes me not want to wear my ring anymore.",7.24.0,500,100,english,True,True
Oura,app_store,us,14554752666,2026-09-16 01:42:51+00:00,2026-09,2026-09-14,1,negative,Food track,"The ring is pretty good so far. Food tracking is pointless, it doesn’t tell you anything about nutrients or calories.","The ring is pretty good so far. Food tracking is pointless, it doesn't tell you anything about nutrients or calories.",7.24.0,117,20,english,True,True
Oura,app_store,us,14554561114,2026-09-16 00:27:42+00:00,2026-09,2026-09-14,5,positive,Please develop the iPad version of the app.,"Hardware and iOS versions of apps are very easy to use, but as a hardware-based and software subscription product, it is far behind the progress of large-screen adaptation. Many pure software applications are already very good for iOS 27 and iPad (the kind used with Apple Watch), and Apple‘s health is also a good experience. If there is an iPad version, I will study my own health data more carefully, which I think is very important to your guys. Plz make sure to list the iPad version development as an important to-do, thank you.","Hardware and iOS versions of apps are very easy to use, but as a hardware-based and software subscription product, it is far behind the progress of large-screen adaptation. Many pure software applications are already very good for iOS 27 and iPad (the kind used with Apple Watch), and Apple's health is also a good experience. If there is an iPad version, I will study my own health data more carefully, which I think is very important to your guys. Plz make sure to list the iPad version development as an important to-do, thank you.",7.24.0,534,94,english,True,True
Oura,app_store,us,14554530909,2026-09-16 00:15:48+00:00,2026-09,2026-09-14,1,negative,Battery life,Love the ring however the battery life is now suspect and only lasts 3 days after charging. I’m annoyed that it started to occur right after the annual warranty was up.,Love the ring however the battery life is now suspect and only lasts 3 days after charging. I'm annoyed that it started to occur right after the annual warranty was up.,7.24.0,168,31,english,True,True
Oura,app_store,us,14553445637,2026-09-15 17:29:03+00:00,2026-09,2026-09-14,5,positive,Love it!,Love my Oura ring. Battery life is amazeballs. Super happy with the purchase,Love my Oura ring. Battery life is amazeballs. Super happy with the purchase,7.24.0,76,13,english,True,True
Oura,app_store,us,14551301548,2026-09-15 03:52:03+00:00,2026-09,2026-09-14,2,negative,"Good Ring, Terrible App","First off, the UX design is obnoxious and you have to click around a bunch to get to the metrics you actually want to see. Next the individual metrics don’t show deeper readings of my own data. It just explains whatever the metric is. Let us see our own data, thats why I got the thing in the first place.","First off, the UX design is obnoxious and you have to click around a bunch to get to the metrics you actually want to see. Next the individual metrics don't show deeper readings of my own data. It just explains whatever the metric is. Let us see our own data, thats why I got the thing in the first place.",7.24.0,305,60,english,True,True
Oura,app_store,us,14549255562,2026-09-14 15:06:38+00:00,2026-09,2026-09-14,3,neutral,"Неплохо, но пока не ощущается что стоит своих денег","Странный высокий уровень стресса, который непонятно как рассчиьывается, маловато конкретики для постоянно получаемых точных данных, не особо дружелюбный интерфейс,   в котором чтобы найти что-то конкретное, нужно перерыть все приложение, нет русской версии и даже ии в приложении из-за внутренних ограничений не может отвечать на русском.","Странный высокий уровень стресса, который непонятно как рассчиьывается, маловато конкретики для постоянно получаемых точных данных, не особо дружелюбный интерфейс, в котором чтобы найти что-то конкретное, нужно перерыть все приложение, нет русской версии и даже ии в приложении из-за внутренних ограничений не может отвечать на русском.",7.24.0,336,45,non_english,False,False
Oura,app_store,us,14548675780,2026-09-14 12:09:24+00:00,2026-09,2026-09-14,3,neutral,Battery life,I charged my ring last night and in  12 hours it went down to 48%. I’ve had the ring 1 year. This is disappointing.,I charged my ring last night and in 12 hours it went down to 48%. I've had the ring 1 year. This is disappointing.,7.24.0,114,24,english,True,True
Oura,app_store,us,14548308328,2026-09-14 09:52:30+00:00,2026-09,2026-09-14,1,negative,Battery life issues.,"Already charging premium for the ring monthly.  Used to be a customer for years, after having battery issues looking to switch to alternatives.","Already charging premium for the ring monthly. Used to be a customer for years, after having battery issues looking to switch to alternatives.",7.24.0,142,23,english,True,True
Oura,app_store,us,14546606877,2026-09-13 21:20:48+00:00,2026-09,2026-09-07,5,positive,Visão detalhada,O Oura me ajudou a entender meu cansaço pós horas de sono e melhorar pontualmente aonde esta o problema é administrar,O Oura me ajudou a entender meu cansaço pós horas de sono e melhorar pontualmente aonde esta o problema é administrar,7.24.0,117,21,english,True,True
Oura,app_store,us,14546362636,2026-09-13 19:54:00+00:00,2026-09,2026-09-07,3,neutral,"Love the ring, but the app gives me problems",The ring is amazing. I wanted to track my sleep and monitor my stress levels and the times that I experience stress the most. This ring does both and so much more. The only issue I have is with the actual app. Most times the app does not open for me. It constantly shut down. I would love for whatever the glitch is to be fixed. I would give five stars if the app that is used in conjunction with the ring would work on my phone. I have an iPhone 17 Pro Max.,The ring is amazing. I wanted to track my sleep and monitor my stress levels and the times that I experience stress the most. This ring does both and so much more. The only issue I have is with the actual app. Most times the app does not open for me. It constantly shut down. I would love for whatever the glitch is to be fixed. I would give five stars if the app that is used in conjunction with the ring would work on my phone. I have an iPhone 17 Pro Max.,7.24.0,458,94,english,True,True
Oura,app_store,us,14545638690,2026-09-13 16:14:55+00:00,2026-09,2026-09-07,5,positive,Best of the Best,This Smart Ring is one of the best things I’ve ever bought,This Smart Ring is one of the best things I've ever bought,7.24.0,58,12,english,True,True
Oura,app_store,us,14545425214,2026-09-13 15:15:30+00:00,2026-09,2026-09-07,5,positive,Ring 5,"Absolutely love my Ring 5! It’s beautiful, comfortable, and I love how much insight it gives me into my sleep, recovery, and daily activity. I wear it every day and barely notice it’s there. Definitely one of my favorite purchases!","Absolutely love my Ring 5! It's beautiful, comfortable, and I love how much insight it gives me into my sleep, recovery, and daily activity. I wear it every day and barely notice it's there. Definitely one of my favorite purchases!",7.24.0,231,40,english,True,True
Oura,app_store,us,14542824243,2026-09-12 23:10:59+00:00,2026-09,2026-09-07,1,negative,"Firmware update is an own-goal, blew out my ring. Why??","Was working fine until a firmware update I didn’t ask for. Update your app!  Do this! Do that!  


Previous:
Had v2.  It was fine. 
Got v3.  Tracks a couple more things. Invaluable sleep tracking. 
I cannot wear a watch at night it wakes me up. Ring you forget you have on. 

To anyone thinking this is a day time tracker you are mistaken. None of that works. But that’s ok that’s not why I bot it. I wear the Apple Watch which is literally 10x the size.   It’s just a very good sleep tracker with HRV and pulse.  

Don’t expect more, don’t be disappointed.","Was working fine until a firmware update I didn't ask for. Update your app! Do this! Do that! Previous: Had v2. It was fine. Got v3. Tracks a couple more things. Invaluable sleep tracking. I cannot wear a watch at night it wakes me up. Ring you forget you have on. To anyone thinking this is a day time tracker you are mistaken. None of that works. But that's ok that's not why I bot it. I wear the Apple Watch which is literally 10x the size. It's just a very good sleep tracker with HRV and pulse. Don't expect more, don't be disappointed.",7.24.0,541,104,english,True,True
Oura,app_store,us,14541973773,2026-09-12 18:01:16+00:00,2026-09,2026-09-07,4,positive,Hoping for future integrations,I’m hoping that they will provide future integrations with Apple health and Dexcom import health information along with Omron for their health information.,I'm hoping that they will provide future integrations with Apple health and Dexcom import health information along with Omron for their health information.,7.24.0,155,23,english,True,True
Oura,app_store,us,14541805419,2026-09-12 17:09:46+00:00,2026-09,2026-09-07,5,positive,Love my oura ring and love the app,No problems with the app. Helps me keep track of my sleep and aligning how I feel at the start of the day BEFORE checking my readiness score and its very accurate. Tells me when Im about to be sick! such a worth it purchase,No problems with the app. Helps me keep track of my sleep and aligning how I feel at the start of the day BEFORE checking my readiness score and its very accurate. Tells me when Im about to be sick! such a worth it purchase,7.24.0,223,45,english,True,True
Oura,app_store,us,14541383675,2026-09-12 15:09:27+00:00,2026-09,2026-09-07,5,positive,Excellent User Experience,Beautifully designed application. I always look forward to making Oura a part of my day.,Beautifully designed application. I always look forward to making Oura a part of my day.,7.24.0,88,15,english,True,True
Oura,app_store,us,14540633768,2026-09-12 11:30:59+00:00,2026-09,2026-09-07,5,positive,The best!,Best app to track all my things. Workouts. Cycles. Sleep patterns. Even notice what disrupts my sleep.,Best app to track all my things. Workouts. Cycles. Sleep patterns. Even notice what disrupts my sleep.,7.24.0,102,17,english,True,True
Oura,app_store,us,14538036582,2026-09-11 18:30:37+00:00,2026-09,2026-09-07,5,positive,Positive words,This has been so helpful to change my lifestyle! I would highly recommend!,This has been so helpful to change my lifestyle! I would highly recommend!,7.24.0,74,13,english,True,True
Oura,app_store,us,14537652184,2026-09-11 16:26:13+00:00,2026-09,2026-09-07,5,positive,Maravilloso accesorio,Me ha ayudado mucho especialmente a dormir mejor !,Me ha ayudado mucho especialmente a dormir mejor !,7.24.0,50,9,english,True,True
Oura,app_store,us,14537300961,2026-09-11 14:43:00+00:00,2026-09,2026-09-07,5,positive,The best wearable,"I’ve used many health trackers, and oura ring beats them all.  I’ve had it for over 3 years and it’s helped me so much in my health, specifically my sleep insights.  Would definitely recommend.","I've used many health trackers, and oura ring beats them all. I've had it for over 3 years and it's helped me so much in my health, specifically my sleep insights. Would definitely recommend.",7.24.0,191,34,english,True,True
Oura,app_store,us,14534572894,2026-09-10 21:00:35+00:00,2026-09,2026-09-07,2,negative,self-contradictory & gaslighting,"UPDATE: The app’s Sleep Score just told me literally this: 

Coffee talk
You got less deep sleep than average last night. This could be due to your late coffee yesterday.
To help improve your chances of getting more deep sleep, try to stick to caffeine-free drinks in the late afternoon and evening.

It literally made this up. I didn’t drink coffee and more importantly I didn’t log anything so where did that come from?! “Advice” based on an assumption/accusation is NOT useful bc it’s not based on ANY facts. PLEASE FIX THIS. 

—-

Oura recognizes different chronotypes, but the app still forces everyone into a midnight cutoff that doesn’t match real sleep patterns. If I’m awake after 12 AM, I have to scroll back to the previous day to see my data, which makes the app harder to use and splits sleep and activity across two days. Please let members define their own day boundaries, or set day and night timing based on their chronotype, so the app supports their natural rhythm instead of fighting it.","UPDATE: The app's Sleep Score just told me literally this: Coffee talk You got less deep sleep than average last night. This could be due to your late coffee yesterday. To help improve your chances of getting more deep sleep, try to stick to caffeine-free drinks in the late afternoon and evening. It literally made this up. I didn't drink coffee and more importantly I didn't log anything so where did that come from?! ""Advice"" based on an assumption/accusation is NOT useful bc it's not based on ANY facts. PLEASE FIX THIS. —- Oura recognizes different chronotypes, but the app still forces everyone into a midnight cutoff that doesn't match real sleep patterns. If I'm awake after 12 AM, I have to scroll back to the previous day to see my data, which makes the app harder to use and splits sleep and activity across two days. Please let members define their own day boundaries, or set day and night timing based on their chronotype, so the app supports their natural rhythm instead of fighting it.",7.24.0,1001,176,english,True,True
Oura,app_store,us,14533047616,2026-09-10 13:03:54+00:00,2026-09,2026-09-07,4,positive,Great health tracker,"It’s is a very good health tracker. It has a very friendly, easy, and fully featured interface.  The design is elegant and comfortable. My only concern is everytime has a software update, the accuracy changes. It is very notorious","It's is a very good health tracker. It has a very friendly, easy, and fully featured interface. The design is elegant and comfortable. My only concern is everytime has a software update, the accuracy changes. It is very notorious",7.24.0,229,39,english,True,True
Oura,app_store,us,14532941637,2026-09-10 12:32:49+00:00,2026-09,2026-09-07,3,neutral,Great Idea Not Accurate,"Tracks my steps appropriately, but what I was really interested in was my sleep metrics and it is way off. I mean by hours.","Tracks my steps appropriately, but what I was really interested in was my sleep metrics and it is way off. I mean by hours.",7.24.0,123,24,english,True,True
Oura,app_store,us,14531550793,2026-09-10 03:00:09+00:00,2026-09,2026-09-07,1,negative,No more sleep data,It somehow updated the firmware without my permission and now sleep data is no longer being recorded into the app.,It somehow updated the firmware without my permission and now sleep data is no longer being recorded into the app.,7.24.0,114,20,english,True,True
Oura,app_store,us,14530947382,2026-09-09 23:05:33+00:00,2026-09,2026-09-07,1,negative,Waste of Money,The Oura ring doesn't capture activities on real time compared to apple watch.  Return the ring and don't subscribe. No worth it.,The Oura ring doesn't capture activities on real time compared to apple watch. Return the ring and don't subscribe. No worth it.,7.24.0,128,22,english,True,True
Oura,app_store,us,14529737494,2026-09-09 16:08:52+00:00,2026-09,2026-09-07,4,positive,Feature request,"I wish there was a way to save your “Other” activity names, so it wouldn’t needed to be re-typed every single time. 

For example: I wear my Oura ring daily, while using my Hypervolt for very active fascia release sessions. While the ring monitors some activity has occurred; I hate that everyday I have to re-type the activity name “Hypervolt” to accurately capture the effort. Same for when I’m using a mobility stick or mace which the app adoringly calls “Pilates” :/

If the app could just save at the top, maybe a list of the 5 or 10 most manually recently added “Other” activities that would be so perfect!","I wish there was a way to save your ""Other"" activity names, so it wouldn't needed to be re-typed every single time. For example: I wear my Oura ring daily, while using my Hypervolt for very active fascia release sessions. While the ring monitors some activity has occurred; I hate that everyday I have to re-type the activity name ""Hypervolt"" to accurately capture the effort. Same for when I'm using a mobility stick or mace which the app adoringly calls ""Pilates"" :/ If the app could just save at the top, maybe a list of the 5 or 10 most manually recently added ""Other"" activities that would be so perfect!",7.24.0,609,110,english,True,True
Oura,app_store,us,14529217247,2026-09-09 13:38:20+00:00,2026-09,2026-09-07,1,negative,App always freezes on update,This app is the only one on my phone that just refuses to update. It always gets stuck updating. Ever since I’ve had it which has been about a year. Fix it.,This app is the only one on my phone that just refuses to update. It always gets stuck updating. Ever since I've had it which has been about a year. Fix it.,7.24.0,156,32,english,True,True
Oura,app_store,us,14527781321,2026-09-09 04:07:35+00:00,2026-09,2026-09-07,2,negative,Scam,"I enjoyed oura and the insights for the first 7 months. When they rolled out a new ring model, mine started having issues. I thought it was the battery deteriorating. It started needing a charge more frequently. After only 7 months of use. Now in almost a year, it does not stay connected for more than a couple of hours, but I’ve discovered it’s not a battery issue. It disconnects and won’t connect back to Bluetooth until it’s placed on the charger, but when it gets put on the charger and reconnects it shows full battery life. So in my opinion, oura rolled out an update on their app to cause issues with oura ring connection for older models to move us to purchasing a new ring. Scam as hell. I can’t wait to find a new ring.","I enjoyed oura and the insights for the first 7 months. When they rolled out a new ring model, mine started having issues. I thought it was the battery deteriorating. It started needing a charge more frequently. After only 7 months of use. Now in almost a year, it does not stay connected for more than a couple of hours, but I've discovered it's not a battery issue. It disconnects and won't connect back to Bluetooth until it's placed on the charger, but when it gets put on the charger and reconnects it shows full battery life. So in my opinion, oura rolled out an update on their app to cause issues with oura ring connection for older models to move us to purchasing a new ring. Scam as hell. I can't wait to find a new ring.",7.24.0,731,138,english,True,True
Oura,app_store,us,14527623938,2026-09-09 02:57:44+00:00,2026-09,2026-09-07,4,positive,Latest updates have made things worse.,"I’ve been using the Oura app for six years now. Overall I’ve been very happy with it. Lately though, the app records a randomly named workout that I haven’t done. But I’ll do an actual workout and it won’t record it. Lately I’m only satisfied with the sleep recording feature. I hope there is a future solution to this that sticks. Thanks.","I've been using the Oura app for six years now. Overall I've been very happy with it. Lately though, the app records a randomly named workout that I haven't done. But I'll do an actual workout and it won't record it. Lately I'm only satisfied with the sleep recording feature. I hope there is a future solution to this that sticks. Thanks.",7.24.0,339,62,english,True,True
Oura,app_store,us,14527482315,2026-09-09 02:00:20+00:00,2026-09,2026-09-07,4,positive,Postpartum,I wish I could tell my ring I’m postpartum and have it adjust my calories and sleep expectations accordingly,I wish I could tell my ring I'm postpartum and have it adjust my calories and sleep expectations accordingly,7.24.0,108,19,english,True,True
Oura,app_store,us,14526843979,2026-09-08 21:49:12+00:00,2026-09,2026-09-07,5,positive,Oura Love,"I really like my ring, got rid of my Apple Watch for the ring and have never looked back. I couldn’t wear my watch at night. Lots of great info and suggestions . Practically tucks me in at night.","I really like my ring, got rid of my Apple Watch for the ring and have never looked back. I couldn't wear my watch at night. Lots of great info and suggestions . Practically tucks me in at night.",7.24.0,195,39,english,True,True
Oura,app_store,us,14526598055,2026-09-08 20:18:49+00:00,2026-09,2026-09-07,1,negative,Well to update on my earlier review…,"After trying to steal with Oura’s AI bot Finn, I posted a review.  The review did get a reaction, except they sent me right back to their AI bot.  And once again they say nothing wrong.  Since they don’t promise 6-9 days - it is perfectly acceptable to see only 3 days and a 15% drop in less than 7 hours.  The items they told me to turn off have not been on (o2 and Activities). Not sure why activities - surely they tested with activities on, since that to me would be a pretty important feature to be using.  And I am unable to use the self-service portal since I did but the item through amazon, so they obviously don’t recognize anything not purchased directly through them.  At the moment I will wait and see if someone (a live person) actually contacts me.  And since when reaching out to me following my review and sending me right back to their AI Bot I am dropping my review to 1-Star.  I’ll update once I hear something more.","After trying to steal with Oura's AI bot Finn, I posted a review. The review did get a reaction, except they sent me right back to their AI bot. And once again they say nothing wrong. Since they don't promise 6-9 days - it is perfectly acceptable to see only 3 days and a 15% drop in less than 7 hours. The items they told me to turn off have not been on (o2 and Activities). Not sure why activities - surely they tested with activities on, since that to me would be a pretty important feature to be using. And I am unable to use the self-service portal since I did but the item through amazon, so they obviously don't recognize anything not purchased directly through them. At the moment I will wait and see if someone (a live person) actually contacts me. And since when reaching out to me following my review and sending me right back to their AI Bot I am dropping my review to 1-Star. I'll update once I hear something more.",unknown,928,177,english,True,True
Oura,app_store,us,14526395684,2026-09-08 19:09:45+00:00,2026-09,2026-09-07,2,negative,Travel? It doesn’t follow you….  Slider edits don’t work. Forced Sleep times inaccurate.,"If ring goes battery dead in the night, the sleep becomes a nap. Not a “ring died” inaccurate sleep data detected. 
Edit again:  time in bed. I got in bed at 22:15 & asleep by 22:20. Phone woke me up at midnight. Went back to sleep within 10 minutes . Oura says i got in bed at 02:50a & shows 5 hours of sleep. Sliders only go Less, in an edit. Cant go more. Why? Why cant I slide both directions to enable accuracy?



EDIT: for a team that focuses on tracking all this data no not have a dial or an option to adjust ACTUAL sleep times (or in bed times), shift time zones to match body clock, etc, is kind of growing in frustration. Its a true bummer, and has made the ring an expensive pedometer. 
Original review: 
Time zone changes. When a person moves through 3 or 4 time zones daily as a flight crew for work, this ring had a difficult time tracking the change at all. It changes the data based on time vs body time. I operate 3 or 4 days a week between hawaii time zone and east coast. Some days my physicsl activity is cut short due to later zone. Would ne nice to have a feature that could see & compare between body clock snd current time zone.
Sleep data, is stumpped if you take a red eye, travel, work variable shifts.  A “ xx hour flight” to “time zone X” ?","If ring goes battery dead in the night, the sleep becomes a nap. Not a ""ring died"" inaccurate sleep data detected. Edit again: time in bed. I got in bed at 22:15 & asleep by 22:20. Phone woke me up at midnight. Went back to sleep within 10 minutes . Oura says i got in bed at 02:50a & shows 5 hours of sleep. Sliders only go Less, in an edit. Cant go more. Why? Why cant I slide both directions to enable accuracy? EDIT: for a team that focuses on tracking all this data no not have a dial or an option to adjust ACTUAL sleep times (or in bed times), shift time zones to match body clock, etc, is kind of growing in frustration. Its a true bummer, and has made the ring an expensive pedometer. Original review: Time zone changes. When a person moves through 3 or 4 time zones daily as a flight crew for work, this ring had a difficult time tracking the change at all. It changes the data based on time vs body time. I operate 3 or 4 days a week between hawaii time zone and east coast. Some days my physicsl activity is cut short due to later zone. Would ne nice to have a feature that could see & compare between body clock snd current time zone. Sleep data, is stumpped if you take a red eye, travel, work variable shifts. A "" xx hour flight"" to ""time zone X"" ?",7.24.0,1263,251,english,True,True
Oura,app_store,us,14525941300,2026-09-08 16:43:57+00:00,2026-09,2026-09-07,3,neutral,Too much battery drain from location service,App is nicely done and insightful but it seems to constantly have gps on so I had to disable it as it was draining my battery too fast.,App is nicely done and insightful but it seems to constantly have gps on so I had to disable it as it was draining my battery too fast.,7.24.0,135,28,english,True,True
Oura,app_store,us,14525541628,2026-09-08 14:44:37+00:00,2026-09,2026-09-07,2,negative,Amazing hardware with terrible app,"The hardware is fantastic, but the app is genuinely one of the least intuitive apps on my phone. There’s so much valuable data being collected, yet somehow it’s incredibly difficult to find what I’m looking for or understand what actually matters.

The navigation and information hierarchy just don’t make sense. I constantly find myself clicking around trying to remember where a metric lives, scrolling through oversized cards, or digging through multiple screens to understand what changed and why. For a product that is supposed to help you understand your health at a glance, the app makes simple information feel unnecessarily complicated.

It’s especially frustrating because the Oura Ring itself is so good. The hardware feels polished, effortless, and thoughtfully designed. I just wish the software experience matched it. The underlying data is incredibly valuable — it needs a much simpler, more intuitive UI.","The hardware is fantastic, but the app is genuinely one of the least intuitive apps on my phone. There's so much valuable data being collected, yet somehow it's incredibly difficult to find what I'm looking for or understand what actually matters. The navigation and information hierarchy just don't make sense. I constantly find myself clicking around trying to remember where a metric lives, scrolling through oversized cards, or digging through multiple screens to understand what changed and why. For a product that is supposed to help you understand your health at a glance, the app makes simple information feel unnecessarily complicated. It's especially frustrating because the Oura Ring itself is so good. The hardware feels polished, effortless, and thoughtfully designed. I just wish the software experience matched it. The underlying data is incredibly valuable — it needs a much simpler, more intuitive UI.",7.24.0,918,143,english,True,True
Oura,app_store,us,14524942272,2026-09-08 11:42:44+00:00,2026-09,2026-09-07,5,positive,Great personal assistant!!,Having more data points to put into your daily health diary only improves your ongoing knowledge of how your body is functioning. This is one of the positive contributions from AI. I can only imagine what future Ring models will provide!,Having more data points to put into your daily health diary only improves your ongoing knowledge of how your body is functioning. This is one of the positive contributions from AI. I can only imagine what future Ring models will provide!,7.24.0,237,41,english,True,True
Oura,app_store,us,14521237666,2026-09-07 12:43:18+00:00,2026-09,2026-09-07,5,positive,Unbelievable,I was diagnosed with heart failure almost 2 years ago. My wife bought my Oura ring to help track my health and it’s unbelievable how accurate the data has helped me. I highly recommen an Oura ring!,I was diagnosed with heart failure almost 2 years ago. My wife bought my Oura ring to help track my health and it's unbelievable how accurate the data has helped me. I highly recommen an Oura ring!,7.23.1,197,37,english,True,True
Oura,app_store,us,14521151840,2026-09-07 12:14:50+00:00,2026-09,2026-09-07,4,positive,Bueno,Bueno,Bueno,7.23.1,5,1,english,True,False
Oura,app_store,us,14520238820,2026-09-07 05:33:05+00:00,2026-09,2026-09-07,1,negative,Random calorie recording,Everything was fine before but since 2 weeks ago the calorie recording became random and unusable. There are times when I didn’t move; it would record hundreds of calories while noting that there is no distance moved,Everything was fine before but since 2 weeks ago the calorie recording became random and unusable. There are times when I didn't move; it would record hundreds of calories while noting that there is no distance moved,7.23.1,216,37,english,True,True
Oura,app_store,us,14519740258,2026-09-07 01:52:35+00:00,2026-09,2026-09-07,1,negative,My Oura ring is dying super fast and they refused to replace it,I have the warranty but they refuse to honor it. The Oura customer service is literally just a robot that tells you your ring is charging fine despite it dying every day. It’s advertised as something that lasts 4 days yet can’t last a single day,I have the warranty but they refuse to honor it. The Oura customer service is literally just a robot that tells you your ring is charging fine despite it dying every day. It's advertised as something that lasts 4 days yet can't last a single day,7.23.1,245,46,english,True,True
Oura,app_store,us,14519326415,2026-09-06 23:01:28+00:00,2026-09,2026-08-31,2,negative,Blood oxygen metrics inadequate,"Oura’s documentation says that blood oxygen is measured “continuously” during sleep.  If that is the case, why can’t Oura provide statistics such as “percent of time below 90% blood oxygen saturation”, “percent of time below 85%”, etc.?  Or instead of percent of time, maybe cumulative seconds or minutes at those levels during sleep.  This would be far more useful than the graphics that are currently the norm for Oura.","Oura's documentation says that blood oxygen is measured ""continuously"" during sleep. If that is the case, why can't Oura provide statistics such as ""percent of time below 90% blood oxygen saturation"", ""percent of time below 85%"", etc.? Or instead of percent of time, maybe cumulative seconds or minutes at those levels during sleep. This would be far more useful than the graphics that are currently the norm for Oura.",7.23.1,418,69,english,True,True
Oura,app_store,us,14519200430,2026-09-06 22:09:21+00:00,2026-09,2026-08-31,1,negative,Waste of money don’t work,Trash,Trash,7.23.1,5,1,english,True,False
Oura,app_store,us,14518995284,2026-09-06 20:48:41+00:00,2026-09,2026-08-31,5,positive,Life changed,This is a game changer . If this ring can add 10 years to my life or even 5 it’s a steal . I have a buddy who works at best buy and he stated “ no one ever returns this ring “ . I’ve always been skeptical but going from 286 to 229 I am a fan and will never ever try anything but a oura product …,"This is a game changer . If this ring can add 10 years to my life or even 5 it's a steal . I have a buddy who works at best buy and he stated "" no one ever returns this ring "" . I've always been skeptical but going from 286 to 229 I am a fan and will never ever try anything but a oura product …",7.23.1,295,69,english,True,True
Oura,app_store,us,14518797720,2026-09-06 19:37:24+00:00,2026-09,2026-08-31,5,positive,My OURA,This has really changed my life in the ways it supports my good habits and helps me track what I can improve.,This has really changed my life in the ways it supports my good habits and helps me track what I can improve.,7.23.1,109,22,english,True,True
Oura,app_store,us,14518474634,2026-09-06 17:51:23+00:00,2026-09,2026-08-31,1,negative,Rigid Onboarding Data Lock - AMATEUR UX DESIGN,"I can’t fathom with a $500 product wouldn’t allow the ability to correct the information inputted during onboarding. If someone makes a mistake, it’s just locked ? This disproportionately affects women and cycle tracking. This is basic UX   design - all the cycle tracking apps allow for editing for historical data to provide an accurate view. Fix it and then maybe women would have a better experience on this app.","I can't fathom with a $500 product wouldn't allow the ability to correct the information inputted during onboarding. If someone makes a mistake, it's just locked ? This disproportionately affects women and cycle tracking. This is basic UX design - all the cycle tracking apps allow for editing for historical data to provide an accurate view. Fix it and then maybe women would have a better experience on this app.",7.23.1,414,70,english,True,True
Oura,app_store,us,14517962293,2026-09-06 15:19:13+00:00,2026-09,2026-08-31,1,negative,Signing up sucks,Sad,Sad,7.23.1,3,1,english,True,False
Oura,app_store,us,14517544806,2026-09-06 13:19:46+00:00,2026-09,2026-08-31,5,positive,Excellent,Excellent product and product support. I love my Oura ring and the data it provides.,Excellent product and product support. I love my Oura ring and the data it provides.,7.23.1,84,15,english,True,True
Oura,app_store,us,14515349573,2026-09-05 22:57:59+00:00,2026-09,2026-08-31,5,positive,Highly recommend!!!,This is my second Oura ring. I am an RN in the ED and this ring helps me manage stress and monitor sleep during the most difficult of days!!! Highly recommend!!!!,This is my second Oura ring. I am an RN in the ED and this ring helps me manage stress and monitor sleep during the most difficult of days!!! Highly recommend!!!!,7.23.1,162,31,english,True,True
Oura,app_store,us,14514848982,2026-09-05 19:45:08+00:00,2026-09,2026-08-31,2,negative,Battery doesn’t last a week.,I got my ring end of spring and for the first couple of months it definitely lasted a full week in a full charge. But recently like u fully charged it lat Thursday and in Saturday the ring showed only 35%.  That by EOD on Sunday it will have less than 10%.   At the moment I am looking into what to do to contact support and what resolution they will offer.,I got my ring end of spring and for the first couple of months it definitely lasted a full week in a full charge. But recently like u fully charged it lat Thursday and in Saturday the ring showed only 35%. That by EOD on Sunday it will have less than 10%. At the moment I am looking into what to do to contact support and what resolution they will offer.,7.23.1,354,71,english,True,True
Oura,app_store,us,14513869334,2026-09-05 14:47:56+00:00,2026-09,2026-08-31,5,positive,Oura did help with my sleep,In the past 1.5 years I uploaded the reports every morning.  These reports help me to understand my sleep patterns and gave me information on how to improve the situation.,In the past 1.5 years I uploaded the reports every morning. These reports help me to understand my sleep patterns and gave me information on how to improve the situation.,7.23.1,170,30,english,True,True
Oura,app_store,us,14512522788,2026-09-05 07:03:40+00:00,2026-09,2026-08-31,2,negative,Gets stuck in terminal load mode for updates.,I love the ring and the app but getting the damn thing to update from the App Store is a pita! Every single time I’ve had to update it goes into spin mode on the screen and it sometimes updates and other times it just stops updating and tells me an update is available… damned annoying.,I love the ring and the app but getting the damn thing to update from the App Store is a pita! Every single time I've had to update it goes into spin mode on the screen and it sometimes updates and other times it just stops updating and tells me an update is available… damned annoying.,7.23.1,286,56,english,True,True
Oura,app_store,us,14512050408,2026-09-05 03:40:22+00:00,2026-09,2026-08-31,1,negative,Freezes,App freezes up,App freezes up,7.23.1,14,3,english,True,False
Oura,app_store,us,14510567770,2026-09-04 18:20:13+00:00,2026-09,2026-08-31,3,neutral,Location tracking off,"I love my ring, have had it for a year and the only complaint I have is that the app does not continuously track where my ring is at during the day. I’ve lost it a couple times and when I check the app to see its location it will tell me the location from hours ago despite me having the ring on the whole day(bedsides when it got lost) considering how much the ring cost you’d think the tracking would be more accurate","I love my ring, have had it for a year and the only complaint I have is that the app does not continuously track where my ring is at during the day. I've lost it a couple times and when I check the app to see its location it will tell me the location from hours ago despite me having the ring on the whole day(bedsides when it got lost) considering how much the ring cost you'd think the tracking would be more accurate",7.23.1,419,84,english,True,True
Oura,app_store,us,14509746807,2026-09-04 14:14:20+00:00,2026-09,2026-08-31,1,negative,I don’t know,"The accuracy seems off to me. Everytime it says I’m stressed I’m
Not and when I am stressed it’s now showing … plus it keeps saying I’m
Dancing rather than other things. 

Just doesn’t seem accurate. Plus my first one just stopped working now i am on my second one.",The accuracy seems off to me. Everytime it says I'm stressed I'm Not and when I am stressed it's now showing … plus it keeps saying I'm Dancing rather than other things. Just doesn't seem accurate. Plus my first one just stopped working now i am on my second one.,7.23.1,263,50,english,True,True
Oura,app_store,us,14509630937,2026-09-04 13:42:10+00:00,2026-09,2026-08-31,5,positive,Good updates,Thanks for fixing the tag entry portion of the app with this update,Thanks for fixing the tag entry portion of the app with this update,7.23.1,67,13,english,True,True
Oura,app_store,us,14508172874,2026-09-04 04:19:03+00:00,2026-09,2026-08-31,1,negative,Absolutely atrocious connectivity for the 4 after the 5 came out.,"Your app sucks for previous rings. I work out every single day, I have utilized everything this app offered, and what do I get out of it? I get an outdated Oura ring 4 once the 5 came out that barely syncs and no longer even records my sleep data. I literally work out for 2.5-3 hours a day and for an app to charge money on top of a 400 ring, I expect it to perform even for past models. It’s an epic fail, shame on you. I’d give you 0 stars if I could.","Your app sucks for previous rings. I work out every single day, I have utilized everything this app offered, and what do I get out of it? I get an outdated Oura ring 4 once the 5 came out that barely syncs and no longer even records my sleep data. I literally work out for 2.5-3 hours a day and for an app to charge money on top of a 400 ring, I expect it to perform even for past models. It's an epic fail, shame on you. I'd give you 0 stars if I could.",7.23.1,454,96,english,True,True
Oura,app_store,us,14507333036,2026-09-03 22:33:14+00:00,2026-09,2026-08-31,3,neutral,Sleep rating,Comparing reading with  other reading it appears any hour,Comparing reading with other reading it appears any hour,7.23.1,56,9,english,True,True
Oura,app_store,us,14507056305,2026-09-03 20:45:23+00:00,2026-09,2026-08-31,2,negative,Requires credit card to use👎🏻,You have to give them your credit card info to even use the app??? I hate that so much🤬,You have to give them your credit card info to even use the app??? I hate that so much🤬,7.23.1,87,19,english,True,True
Oura,app_store,us,14505980951,2026-09-03 14:54:09+00:00,2026-09,2026-08-31,3,neutral,Extra fees,Don’t love that you have to pay a subscription. Feels like paying twice for the device,Don't love that you have to pay a subscription. Feels like paying twice for the device,7.23.1,86,16,english,True,True
Oura,app_store,us,14505897331,2026-09-03 14:29:42+00:00,2026-09,2026-08-31,4,positive,Great Product,"Great product, has really allowed me to track confirm and plan a lifestyle that helps me meet my goals. I only have one. Wish and that is the the homepage with result summaries, had the ability to provide more real time information, or easier to locate maybe a better way of putting it. I’m a person that likes to see where I’m at while performing my activities.","Great product, has really allowed me to track confirm and plan a lifestyle that helps me meet my goals. I only have one. Wish and that is the the homepage with result summaries, had the ability to provide more real time information, or easier to locate maybe a better way of putting it. I'm a person that likes to see where I'm at while performing my activities.",7.23.1,362,67,english,True,True
Oura,app_store,us,14503908139,2026-09-03 01:29:17+00:00,2026-09,2026-08-31,5,positive,Great,"I really enjoy Oura, great tool, key to improve and to learn about my sleep and general well being as well as contrast my routine activities with my metrics","I really enjoy Oura, great tool, key to improve and to learn about my sleep and general well being as well as contrast my routine activities with my metrics",7.23.0,156,29,english,True,True
Oura,app_store,us,14503538414,2026-09-02 23:02:31+00:00,2026-09,2026-08-31,1,negative,Oura Ring is awful for night shift workers,"I can’t even use my ring for its main purpose, to track my sleep. It used to be available the same day. The score would be slightly lower but it would still at least work. With this last update they did though my sleep doesn’t update until almost 2 days later. Everything is inaccurate now and I have no purpose for the ring","I can't even use my ring for its main purpose, to track my sleep. It used to be available the same day. The score would be slightly lower but it would still at least work. With this last update they did though my sleep doesn't update until almost 2 days later. Everything is inaccurate now and I have no purpose for the ring",7.23.0,324,63,english,True,True
Oura,app_store,us,14502645262,2026-09-02 17:37:29+00:00,2026-09,2026-08-31,2,negative,GPS location tracking is back,I ran 3 miles and it said I ran 1.4 miles. It is extremely off which pokes wholes in all its data for me.,I ran 3 miles and it said I ran 1.4 miles. It is extremely off which pokes wholes in all its data for me.,7.23.0,105,24,english,True,True
Oura,app_store,us,14502532179,2026-09-02 17:01:21+00:00,2026-09,2026-08-31,1,negative,Oura Ring 4 excessive problems,"My wife, myself and a friend all got the Oura ring 4 and all of us needed to exchange our rings due to problems with the battery life. My wife is now on her third ring, I had to exchange mine once and a friend had to exchange his once as well. Each time aura had responded by saying there is a hardware issue specific to the ring and then resent a new ring which is very kind of them however, ultimately I wish I had asked for a refund within the warranty period because clearly the hardware is faulty overall and not specifically my ring. 5 of the 7 rings that I am personally aware of have had “hardware issues.” Replacing one faulty ring with another is bad business. Oura made no effort to exchange the ring with a better version or offering to refund my money. They simply kept replacing it with equally poor hardware. 

I gave up trying after my second ring started to malfunction, and the Oura rings AI tests indicated it was within their permissible guidelines. However, none of their products have lasted a year without having noticeable changes to the rings performance. 

I highly discourage anyone from buying this product as it is faulty.","My wife, myself and a friend all got the Oura ring 4 and all of us needed to exchange our rings due to problems with the battery life. My wife is now on her third ring, I had to exchange mine once and a friend had to exchange his once as well. Each time aura had responded by saying there is a hardware issue specific to the ring and then resent a new ring which is very kind of them however, ultimately I wish I had asked for a refund within the warranty period because clearly the hardware is faulty overall and not specifically my ring. 5 of the 7 rings that I am personally aware of have had ""hardware issues."" Replacing one faulty ring with another is bad business. Oura made no effort to exchange the ring with a better version or offering to refund my money. They simply kept replacing it with equally poor hardware. I gave up trying after my second ring started to malfunction, and the Oura rings AI tests indicated it was within their permissible guidelines. However, none of their products have lasted a year without having noticeable changes to the rings performance. I highly discourage anyone from buying this product as it is faulty.",7.23.0,1147,210,english,True,True
Oura,app_store,us,14498999074,2026-09-01 19:17:39+00:00,2026-09,2026-08-31,2,negative,"Ring great. Ai slop, less so",I like the ring and feel it gives good insights but the ai slop bolt on for the advisor is garbage. It pings non-issues multiple times at once and then loses track. Very much a “give us investment money because we do AI”,"I like the ring and feel it gives good insights but the ai slop bolt on for the advisor is garbage. It pings non-issues multiple times at once and then loses track. Very much a ""give us investment money because we do AI""",7.23.0,220,43,english,True,True
Oura,app_store,us,14496522097,2026-09-01 05:05:46+00:00,2026-09,2026-08-31,1,negative,The steps,"Oura Ring 4 is counting steps while I’m driving,This started recently and didn’t happen before, Every time I drive, the Activity tab shows a noticeable increase in steps that clearly aren’t real walking","Oura Ring 4 is counting steps while I'm driving,This started recently and didn't happen before, Every time I drive, the Activity tab shows a noticeable increase in steps that clearly aren't real walking",7.23.0,202,33,english,True,True
Oura,app_store,us,14494866377,2026-08-31 18:26:10+00:00,2026-08,2026-08-31,5,positive,Most comprehensive health monitor,I like Oura ring and I just love its app. It provides such an intuitive experience about health readings and insights. I find it’s so amazing how app provides so much inbdepath health insights,I like Oura ring and I just love its app. It provides such an intuitive experience about health readings and insights. I find it's so amazing how app provides so much inbdepath health insights,7.23.0,192,34,english,True,True
Oura,app_store,us,14494613903,2026-08-31 17:04:32+00:00,2026-08,2026-08-31,4,positive,Ultimately Good,The only problem I’ve had is it’s not accurately reading my steps. I put my Fitbit back on and it’s about 1000 steps off. They said it’s a problem with the iOS app.,The only problem I've had is it's not accurately reading my steps. I put my Fitbit back on and it's about 1000 steps off. They said it's a problem with the iOS app.,7.23.0,164,33,english,True,True
Oura,app_store,us,14493342645,2026-08-31 10:35:32+00:00,2026-08,2026-08-31,5,positive,Life-Changing Health and Wellness Companion,"My Oura Ring has been one of the most valuable investments I've made in my health. What started as a tool to better understand my sleep and recovery became a catalyst for meaningful changes in my overall well-being.
One of the most important benefits was that the sleep and oxygen saturation insights highlighted patterns that prompted me to investigate my sleep health further. This ultimately led me to seek medical evaluation and treatment for obstructive sleep apnea (OSA), which has significantly improved my quality of life.
Beyond that, Oura has played a key role in helping me stay accountable on my wellness journey. The daily readiness, activity, and sleep metrics keep me motivated to make healthier choices and maintain habits that support my blood pressure and overall cardiovascular health.
As someone who works overnight shifts, maintaining a healthy sleep routine can be challenging. Oura helped me better understand my body's chronotype and how my unique sleep patterns affect my recovery and performance. Using those insights, I've been able to establish a more consistent sleep schedule despite the demands of overnight work.
What I appreciate most is that Oura doesn't just provide data. It turns information into actionable insights that empower you to make better decisions every day. For me, it has been more than a fitness tracker; it has been a wellness coach, a source of motivation, and an important part of my journey toward better health.
Highly recommended for anyone looking to gain deeper insights into their sleep, recovery, and overall well-being.","My Oura Ring has been one of the most valuable investments I've made in my health. What started as a tool to better understand my sleep and recovery became a catalyst for meaningful changes in my overall well-being. One of the most important benefits was that the sleep and oxygen saturation insights highlighted patterns that prompted me to investigate my sleep health further. This ultimately led me to seek medical evaluation and treatment for obstructive sleep apnea (OSA), which has significantly improved my quality of life. Beyond that, Oura has played a key role in helping me stay accountable on my wellness journey. The daily readiness, activity, and sleep metrics keep me motivated to make healthier choices and maintain habits that support my blood pressure and overall cardiovascular health. As someone who works overnight shifts, maintaining a healthy sleep routine can be challenging. Oura helped me better understand my body's chronotype and how my unique sleep patterns affect my recovery and performance. Using those insights, I've been able to establish a more consistent sleep schedule despite the demands of overnight work. What I appreciate most is that Oura doesn't just provide data. It turns information into actionable insights that empower you to make better decisions every day. For me, it has been more than a fitness tracker; it has been a wellness coach, a source of motivation, and an important part of my journey toward better health. Highly recommended for anyone looking to gain deeper insights into their sleep, recovery, and overall well-being.",7.23.0,1581,253,english,True,True
Oura,app_store,us,14487193549,2026-08-29 19:32:46+00:00,2026-08,2026-08-24,4,positive,Love the data,"I really love the data that the ring provides. I’m a huge data nerd so I love having charts and graphs and that it’s exportable. However, the ring doesn’t count for biphasic sleep. So my sleep score isn’t actually accurate because if the “ nap” is greater than four hours. It doesn’t count it toward your sleep score. Other than that, I’m loving what it provides. I also wish there was more details on why somebody is in a critical zone but that wouldn’t really matter if it’s not counting for sleep.","I really love the data that the ring provides. I'm a huge data nerd so I love having charts and graphs and that it's exportable. However, the ring doesn't count for biphasic sleep. So my sleep score isn't actually accurate because if the "" nap"" is greater than four hours. It doesn't count it toward your sleep score. Other than that, I'm loving what it provides. I also wish there was more details on why somebody is in a critical zone but that wouldn't really matter if it's not counting for sleep.",7.23.0,500,92,english,True,True
Oura,app_store,us,14486941299,2026-08-29 18:07:55+00:00,2026-08,2026-08-24,2,negative,"Good function, broken app",App consistently crashes and often will not open at all- taking 5 or 6 attempts to open without a crash. Makes product extremely frustrating and nearly unusable,App consistently crashes and often will not open at all- taking 5 or 6 attempts to open without a crash. Makes product extremely frustrating and nearly unusable,7.23.0,160,27,english,True,True
Oura,app_store,us,14486808739,2026-08-29 17:25:48+00:00,2026-08,2026-08-24,5,positive,Meaningful Insight,"I’ve really enjoyed using my Oura Ring. It has given me valuable insight into my sleep quality, recovery, and stress levels, helping me better understand how my daily habits affect my overall performance. I especially appreciate being able to see patterns in my sleep and stress and use that information to make better choices. It’s become a great tool for staying aware of my overall health and performance.","I've really enjoyed using my Oura Ring. It has given me valuable insight into my sleep quality, recovery, and stress levels, helping me better understand how my daily habits affect my overall performance. I especially appreciate being able to see patterns in my sleep and stress and use that information to make better choices. It's become a great tool for staying aware of my overall health and performance.",7.23.0,408,68,english,True,True
Oura,app_store,us,14486187282,2026-08-29 14:25:16+00:00,2026-08,2026-08-24,3,neutral,Biometrics is not great,I have had numerous situations where my sleep tracking and HR has been very off. The ring saying I was asleep when I was very much awake. The HR monitoring being very off. Feeling my pulse and looking at my Apple Watch for a HR of 170 and the ring says my HR is 135. I just haven’t been impressed for the price you pay.,I have had numerous situations where my sleep tracking and HR has been very off. The ring saying I was asleep when I was very much awake. The HR monitoring being very off. Feeling my pulse and looking at my Apple Watch for a HR of 170 and the ring says my HR is 135. I just haven't been impressed for the price you pay.,7.23.0,319,65,english,True,True
Oura,app_store,us,14486094441,2026-08-29 13:59:20+00:00,2026-08,2026-08-24,2,negative,"Cool at first, but then went down hill…","I’ve had my Oura Ring for over a year now. Everything was easy and seamless up to a couple of weeks ago. For some reason it had been become so much more difficult to use. It keeps losing connection overnight. I thought it was maybe having private relay, VPN’s, low power mode, which were all active prior to the last couple week up until now. Even with all of those things off, it’s still disconnecting while I sleep. Coincidence that this is starting after Oura Ring 5 was released? Maybe, but it’s hard to believe in that being a coincidence. It just sucks that this starts within the 60 days that I actually start to use the app more seriously and after I had already recommended Oura to someone else that was interested.","I've had my Oura Ring for over a year now. Everything was easy and seamless up to a couple of weeks ago. For some reason it had been become so much more difficult to use. It keeps losing connection overnight. I thought it was maybe having private relay, VPN's, low power mode, which were all active prior to the last couple week up until now. Even with all of those things off, it's still disconnecting while I sleep. Coincidence that this is starting after Oura Ring 5 was released? Maybe, but it's hard to believe in that being a coincidence. It just sucks that this starts within the 60 days that I actually start to use the app more seriously and after I had already recommended Oura to someone else that was interested.",7.23.0,724,133,english,True,True
Oura,app_store,us,14485945320,2026-08-29 13:16:28+00:00,2026-08,2026-08-24,4,positive,Good but...,Can you add Russian language? Please!,Can you add Russian language? Please!,7.23.0,37,6,english,True,True
Oura,app_store,us,14483648077,2026-08-28 22:04:46+00:00,2026-08,2026-08-24,1,negative,Tracking is completely wrong,"Recently the app is false picking up five-ten false positive workouts a day. It makes it difficult to trust any of the information it is tracking when it tracks me sitting at my desk typing on a keyboard as a 30 minute home workout. If that feature gets fixed, I will update the review, but I’m getting close to not even wearing the ring anymore because its data cannot be trusted","Recently the app is false picking up five-ten false positive workouts a day. It makes it difficult to trust any of the information it is tracking when it tracks me sitting at my desk typing on a keyboard as a 30 minute home workout. If that feature gets fixed, I will update the review, but I'm getting close to not even wearing the ring anymore because its data cannot be trusted",7.23.0,380,71,english,True,True
Oura,app_store,us,14482348003,2026-08-28 14:46:53+00:00,2026-08,2026-08-24,1,negative,Workout detection glitch,"My ring keeps recording every day activities as strength training and multiple times throughout the day, even when I’m not doing any exercise at all. Please fix this issue I’m sick of manually deleting excerises.","My ring keeps recording every day activities as strength training and multiple times throughout the day, even when I'm not doing any exercise at all. Please fix this issue I'm sick of manually deleting excerises.",7.23.0,212,35,english,True,True
Oura,app_store,us,14480808491,2026-08-28 05:24:20+00:00,2026-08,2026-08-24,3,neutral,It’s okay,"Like a lot of people, I got this ring thinking it would help me out. I soon found out I didn’t wear it much after buying it. First of all, the battery didn’t last long. I also quickly learned that this thing stresses me out a lot. I felt “judged” lol.  I read this was a common problem with this ring. There is a feature where you can take a break but that’s supposed to be for events like after surgery. I want to still know all my information but without feeling judged. I also wanted to check my heart rate often but had trouble finding where to look. There are so many bells and whistles on this thing yet, I just don’t find the information to be helpful to me. As far as young women go, this will track your menstrual cycle etc. but for us perimenopausal women it doesn’t really seem to have much to offer. Maybe I’ll try again and get used to it. But for now it’s more of a headache","Like a lot of people, I got this ring thinking it would help me out. I soon found out I didn't wear it much after buying it. First of all, the battery didn't last long. I also quickly learned that this thing stresses me out a lot. I felt ""judged"" lol. I read this was a common problem with this ring. There is a feature where you can take a break but that's supposed to be for events like after surgery. I want to still know all my information but without feeling judged. I also wanted to check my heart rate often but had trouble finding where to look. There are so many bells and whistles on this thing yet, I just don't find the information to be helpful to me. As far as young women go, this will track your menstrual cycle etc. but for us perimenopausal women it doesn't really seem to have much to offer. Maybe I'll try again and get used to it. But for now it's more of a headache",7.23.0,887,175,english,True,True
Oura,app_store,us,14480608946,2026-08-28 03:54:08+00:00,2026-08,2026-08-24,1,negative,Waste of money,"The app is absolutely useless without the subscription. After paying $500 it doesn’t make sense to pay more for the subscription. Secondly, I purchased the gold ring and in few weeks the gold started fading away. Thirdly, the edges are sharper than they need to be. After wearing the ring for several weeks the edges become a bit not so sharp. I will NOT recommend. Go for other options like onering that are way cheaper and provide many more metrics without any fee. Waste of money. Don’t buy.","The app is absolutely useless without the subscription. After paying $500 it doesn't make sense to pay more for the subscription. Secondly, I purchased the gold ring and in few weeks the gold started fading away. Thirdly, the edges are sharper than they need to be. After wearing the ring for several weeks the edges become a bit not so sharp. I will NOT recommend. Go for other options like onering that are way cheaper and provide many more metrics without any fee. Waste of money. Don't buy.",7.23.0,494,88,english,True,True
Oura,app_store,us,14480331473,2026-08-28 01:59:14+00:00,2026-08,2026-08-24,5,positive,Best purchase,I am really my aura ring Everything is very accurate.,I am really my aura ring Everything is very accurate.,7.23.0,53,10,english,True,True
Oura,app_store,us,14478086983,2026-08-27 13:00:56+00:00,2026-08,2026-08-24,3,neutral,Dies quickly,Battery dies fast. Only had this 2 months.,Battery dies fast. Only had this 2 months.,7.23.0,42,8,english,True,True
Oura,app_store,us,14474616681,2026-08-26 15:08:12+00:00,2026-08,2026-08-24,5,positive,Amazingg,I really like this thing I wish I’d got it a long time ago. I love getting my sleep score it’s pretty amazing how accurate it is according to how I feel.,I really like this thing I wish I'd got it a long time ago. I love getting my sleep score it's pretty amazing how accurate it is according to how I feel.,7.23.0,153,32,english,True,True
Oura,app_store,us,14472749649,2026-08-26 03:31:50+00:00,2026-08,2026-08-24,1,negative,Randomly thinks I’m doing yoga all the time,"In the last week here the app is suggesting an activity when I didn’t do any and thinks I did yoga. This is new. Just giving 1 star to get dev attention. Will modify review once that’s fixed, otherwise all is good.","In the last week here the app is suggesting an activity when I didn't do any and thinks I did yoga. This is new. Just giving 1 star to get dev attention. Will modify review once that's fixed, otherwise all is good.",7.23.0,214,42,english,True,True
Oura,app_store,us,14472724898,2026-08-26 03:21:27+00:00,2026-08,2026-08-24,1,negative,"First week of use, not worth the $$$","This is an expensive hardware with a required subscription. I’m coming to the conclusion it’s not worth the $$$ after a week of use for the data it provides.
1. You cannot zoom in into the heart rate data. The graphs space out between a 2 - 6 hr breakdown, that is as close as you can see it. The Learn More option under each graph is solely to “teach you what that metric means”, it’s not further data breakdown.
2. You cannot connect to Peloton or OrangeTheory apps, the data those apps feed Apple Heath is what Oura pulls. It’s not the exact data and it does not pull your heart rate zones. The Contributors breakdown under Activity is extremely misleading, you click on it expecting to see data breakdown and surprise, more teaching text, no data.
3. You cannot zoom in into the sleep data. You can only edit time in bed/out of bed once. Similar to 1 and 2 above, no zooming in, lots of “teaching text” where data should be. 
4. There’s no clear user friendly way to log medical conditions. Their AI customer service (THE worst) gives you wrong instructions and you’re left with nowhere to add what you want. You can add tags, which don’t seem to make any difference into the app use of the data it collected and is more for you to know what you did different that day.
5. Readiness score - it honestly feels like gaslighting. It tells you the app knows whether you’re ready for your day or not. Not you, not your knowing of how your own body feels and how you feel ready for the day when you wake up.
6. Even with notifications turned on, the app does not send you notifications. The only time you’ll see a notification is when you open the app, it updates and surprise again, there’s a notification you should have received 2 hours ago.
7. In some screens they use a (i) for the teaching text, there should be more data breakdown and zoom available and every teaching text displayed in the same consistent manner under the (i) information section.
8. After several dead end tentatives to reach a human and not being allowed by AI, I will NOT try customer service again to solve any of the issues I’ve encountered. 
Some other features are still “calibrating” since it’s my first week using the ring and it needs to collect data. I’m not holding my breath there will be anything worth writing home about when those features are available. Again, not worth the $$$ for what it provides.","This is an expensive hardware with a required subscription. I'm coming to the conclusion it's not worth the $$$ after a week of use for the data it provides. 1. You cannot zoom in into the heart rate data. The graphs space out between a 2 - 6 hr breakdown, that is as close as you can see it. The Learn More option under each graph is solely to ""teach you what that metric means"", it's not further data breakdown. 2. You cannot connect to Peloton or OrangeTheory apps, the data those apps feed Apple Heath is what Oura pulls. It's not the exact data and it does not pull your heart rate zones. The Contributors breakdown under Activity is extremely misleading, you click on it expecting to see data breakdown and surprise, more teaching text, no data. 3. You cannot zoom in into the sleep data. You can only edit time in bed/out of bed once. Similar to 1 and 2 above, no zooming in, lots of ""teaching text"" where data should be. 4. There's no clear user friendly way to log medical conditions. Their AI customer service (THE worst) gives you wrong instructions and you're left with nowhere to add what you want. You can add tags, which don't seem to make any difference into the app use of the data it collected and is more for you to know what you did different that day. 5. Readiness score - it honestly feels like gaslighting. It tells you the app knows whether you're ready for your day or not. Not you, not your knowing of how your own body feels and how you feel ready for the day when you wake up. 6. Even with notifications turned on, the app does not send you notifications. The only time you'll see a notification is when you open the app, it updates and surprise again, there's a notification you should have received 2 hours ago. 7. In some screens they use a (i) for the teaching text, there should be more data breakdown and zoom available and every teaching text displayed in the same consistent manner under the (i) information section. 8. After several dead end tentatives to reach a human and not being allowed by AI, I will NOT try customer service again to solve any of the issues I've encountered. Some other features are still ""calibrating"" since it's my first week using the ring and it needs to collect data. I'm not holding my breath there will be anything worth writing home about when those features are available. Again, not worth the $$$ for what it provides.",7.23.0,2388,439,english,True,True
Oura,app_store,us,14472352280,2026-08-26 00:55:56+00:00,2026-08,2026-08-24,3,neutral,Languages,"It is marketed as being translated into other languages, but 100% of the features are available only in English; usage in other languages ​​doesn't even reach 30%.","It is marketed as being translated into other languages, but 100% of the features are available only in English; usage in other languages ​​doesn't even reach 30%.",7.23.0,163,27,english,True,True
Oura,app_store,us,14471873119,2026-08-25 21:43:32+00:00,2026-08,2026-08-24,5,positive,Health,I love my Oura it helps me stay on track!,I love my Oura it helps me stay on track!,7.23.0,41,10,english,True,True
Oura,app_store,us,14471521820,2026-08-25 19:32:23+00:00,2026-08,2026-08-24,2,negative,Incessant notifications,Enough with the in app notifications to refer a friend and do a health panel!! I have the recommendation notifications turned off yet still receive these notifications daily. Infuriating!,Enough with the in app notifications to refer a friend and do a health panel!! I have the recommendation notifications turned off yet still receive these notifications daily. Infuriating!,7.23.0,187,29,english,True,True
Oura,app_store,us,14471326586,2026-08-25 18:24:34+00:00,2026-08,2026-08-24,5,positive,Need Sleep?,"I’m always tired AND I sleep with a CPAP machine. Once I got the OURA ring, I understood why. I wasn’t really sleeping OR getting the right amount of sleep. The ring shows the types is sleep required (Deep, REM, etc.) by the body. It even shows my deficit; which I’m working on.  Get you an OURA ring and get some sleep 💤","I'm always tired AND I sleep with a CPAP machine. Once I got the OURA ring, I understood why. I wasn't really sleeping OR getting the right amount of sleep. The ring shows the types is sleep required (Deep, REM, etc.) by the body. It even shows my deficit; which I'm working on. Get you an OURA ring and get some sleep 💤",7.23.0,320,63,english,True,True
Oura,app_store,us,14470740269,2026-08-25 15:20:34+00:00,2026-08,2026-08-24,2,negative,Promesses but doesn’t deliver,It advertises itself as a tracker. Its insights about sleep and recovery are constantly wrong. They give you a month to return but it takes a month for the device to have an idea of your baselines. So basically it is impossible to return since you need those 30 days to see if it works.,It advertises itself as a tracker. Its insights about sleep and recovery are constantly wrong. They give you a month to return but it takes a month for the device to have an idea of your baselines. So basically it is impossible to return since you need those 30 days to see if it works.,7.23.0,286,55,english,True,True
Oura,app_store,us,14470642484,2026-08-25 14:52:05+00:00,2026-08,2026-08-24,5,positive,This has changed my life,Thanks to the Oura ring. I realize how much I push myself when I’m absolutely exhausted when I don’t sleep well. I take the breaks  that are suggested which allows me to sleep better that night!,Thanks to the Oura ring. I realize how much I push myself when I'm absolutely exhausted when I don't sleep well. I take the breaks that are suggested which allows me to sleep better that night!,7.23.0,193,36,english,True,True
Oura,app_store,us,14470481405,2026-08-25 14:05:48+00:00,2026-08,2026-08-24,5,positive,Best Smart Ring Yet,"Edit - 8/25 Thank you, Oura team for reaching out and letting me know that Oura will continue to evolve the BP analytics to incorporate age variables. It is much appreciated!

Edit - 8/24/2026 
 Still love the ring but have a recommendation for the blood pressure readings. The app sticks to rigid platform but for us seniors, it would be better if you used our actual age. My 123/70 BP is great for someone in the 70s. Please make it more useful for all age groups- thanks. 

I have used several smart rings and every version of the Oura. They are the best on the market and continually improving it. I wear it every day and many people think it is jewelry. 

Quick question for the Version 4 users. After the recent firmware update, has anyone else had an issue with the battery not holding as well? I’d gotten spoiled with the multiple day battery but am now have very little battery left after 24 hours.","Edit - 8/25 Thank you, Oura team for reaching out and letting me know that Oura will continue to evolve the BP analytics to incorporate age variables. It is much appreciated! Edit - 8/24/2026 Still love the ring but have a recommendation for the blood pressure readings. The app sticks to rigid platform but for us seniors, it would be better if you used our actual age. My 123/70 BP is great for someone in the 70s. Please make it more useful for all age groups- thanks. I have used several smart rings and every version of the Oura. They are the best on the market and continually improving it. I wear it every day and many people think it is jewelry. Quick question for the Version 4 users. After the recent firmware update, has anyone else had an issue with the battery not holding as well? I'd gotten spoiled with the multiple day battery but am now have very little battery left after 24 hours.",7.22.2,900,166,english,True,True
Oura,app_store,us,14469989345,2026-08-25 11:35:03+00:00,2026-08,2026-08-24,4,positive,Ring position,"If the ring is supposed to be positioned so the small white band is near the palm why make the band white which makes it very hard to see on the silver ring. You have to have very good light to find it as it's difficult to find on the silver ring.

Also, This morning there was an update too the app and it stalled for several minutes. So long in fact that I restarted the phone and it still took quite a long time to finish updating.","If the ring is supposed to be positioned so the small white band is near the palm why make the band white which makes it very hard to see on the silver ring. You have to have very good light to find it as it's difficult to find on the silver ring. Also, This morning there was an update too the app and it stalled for several minutes. So long in fact that I restarted the phone and it still took quite a long time to finish updating.",7.23.0,433,88,english,True,True
Oura,app_store,us,14469950403,2026-08-25 11:22:04+00:00,2026-08,2026-08-24,1,negative,Do NOT use Flexpa or Health Panels,"The Flexpa and Health Panels service is a complete scam. Provided my extremely sensitive medical data through the app and the Flexpa service only for Oura to not know what happened a because after more than their stipulated 10 business days it still shows as “processing data”. The Oura reps are an embarrassment that have no idea what to do, even after a $69 membership. Who knows who has my data now and can see all of my medical history. Joke is on me I guess. What a bad look Oura. You are not holding up on your end of the deal and mismanaging sensitive data.","The Flexpa and Health Panels service is a complete scam. Provided my extremely sensitive medical data through the app and the Flexpa service only for Oura to not know what happened a because after more than their stipulated 10 business days it still shows as ""processing data"". The Oura reps are an embarrassment that have no idea what to do, even after a $69 membership. Who knows who has my data now and can see all of my medical history. Joke is on me I guess. What a bad look Oura. You are not holding up on your end of the deal and mismanaging sensitive data.",7.23.0,564,106,english,True,True
Oura,app_store,us,14466831058,2026-08-24 15:23:34+00:00,2026-08,2026-08-24,5,positive,Love this product,An easy way to keep you healthy,An easy way to keep you healthy,7.22.2,31,7,english,True,True
Oura,app_store,us,14463667752,2026-08-23 19:06:27+00:00,2026-08,2026-08-17,5,positive,Oura is Great,I’m really enjoying using Oura. It’s a great product and app!,I'm really enjoying using Oura. It's a great product and app!,7.22.2,61,11,english,True,True
Oura,app_store,us,14463237398,2026-08-23 16:48:41+00:00,2026-08,2026-08-17,3,neutral,Can’t find where I measure my current heart rate,Can’t easily find items I would like to see. Ex. Where to measure my heart rate right now.,Can't easily find items I would like to see. Ex. Where to measure my heart rate right now.,7.22.2,90,18,english,True,True
Oura,app_store,us,14460991309,2026-08-23 02:50:53+00:00,2026-08,2026-08-17,5,positive,JC Garner,"I was gifted the Oura ring 5 by my family.  I was a bit skeptical of it and what it can do which my Apple Watch Ultra 3 can’t do.  It does some of the same things  but it does track a few different things. I enjoy the BP alert although it is misleading as it doesn’t actually detect blood pressure it just looks at indicators.  

Some of the other features are nice such as looking at how your age compares to your real age.    It shows a lot of stuff but be careful how you use it.   It links to my Apple Watch wry nicely and my iPhone.  

I love the fact that days between chargers.  I get 4 to 5 day.",I was gifted the Oura ring 5 by my family. I was a bit skeptical of it and what it can do which my Apple Watch Ultra 3 can't do. It does some of the same things but it does track a few different things. I enjoy the BP alert although it is misleading as it doesn't actually detect blood pressure it just looks at indicators. Some of the other features are nice such as looking at how your age compares to your real age. It shows a lot of stuff but be careful how you use it. It links to my Apple Watch wry nicely and my iPhone. I love the fact that days between chargers. I get 4 to 5 day.,7.22.2,588,123,english,True,True
Oura,app_store,us,14459736334,2026-08-22 18:39:03+00:00,2026-08,2026-08-17,5,positive,Favorite gadget by a long stretch,"I have had a life long issue with managing my sleep. Oura has been a great regular reminder to work better on it. I like the calorie goals, and it tips me off when I’m fighting a bug, helps me improve my late night bad snacking habits. Love it!","I have had a life long issue with managing my sleep. Oura has been a great regular reminder to work better on it. I like the calorie goals, and it tips me off when I'm fighting a bug, helps me improve my late night bad snacking habits. Love it!",7.22.2,244,49,english,True,True
Oura,app_store,us,14459222897,2026-08-22 15:56:58+00:00,2026-08,2026-08-17,5,positive,Love,Love how it works!,Love how it works!,7.22.2,18,4,english,True,False
Oura,app_store,us,14459026999,2026-08-22 14:59:37+00:00,2026-08,2026-08-17,5,positive,Love it!,Oura has been excellent! Nothing to complain about!,Oura has been excellent! Nothing to complain about!,7.22.2,51,8,english,True,True
Oura,app_store,us,14458704533,2026-08-22 13:25:47+00:00,2026-08,2026-08-17,5,positive,Health focus,"It’s helping me to be interested in my sleep, my activity, so each day the goal is to beat myself!","It's helping me to be interested in my sleep, my activity, so each day the goal is to beat myself!",7.22.2,98,20,english,True,True
Oura,app_store,us,14458040075,2026-08-22 09:27:18+00:00,2026-08,2026-08-17,3,neutral,A feedback,The iOS app’s touch controls are too sensitive. I keep accidentally opening features I don’t mean to tap.,The iOS app's touch controls are too sensitive. I keep accidentally opening features I don't mean to tap.,7.22.2,105,18,english,True,True
Oura,app_store,us,14455848209,2026-08-21 18:38:56+00:00,2026-08,2026-08-17,2,negative,Ring good,The actually ring is good but if you need help. The customer service is BAD,The actually ring is good but if you need help. The customer service is BAD,7.22.2,75,15,english,True,True
Oura,app_store,us,14454475272,2026-08-21 11:40:32+00:00,2026-08,2026-08-17,1,negative,Oversized ring and oversized subscription—Not Worth It.,"Not only is the ring not worth the money, but the subscription is practically mandatory. My $70/year subscription just expired, and without it, my Oura Ring tells me almost nothing.

I can see three overall scores—Readiness, Sleep, and Activity—and that’s basically it. I can’t see the detailed breakdowns behind those scores, my sleep and wake times, my activities, stress information, or most of the other data the ring collects. I’m essentially looking at three numbers on a screen.

I honestly don’t understand why I paid nearly $500 for a device that becomes this limited unless I continue paying another $70 every single year. If I had known how useless the ring would feel without the subscription, I would never have purchased it.

For a device this expensive, the basic health and activity data should remain accessible without an ongoing membership. The subscription model is absolutely appalling.

Honestly, I rarely opened the App when I had it because it was just a bunch of useless, seemingly inaccurate information. The only accurate information was my menstrual cycle, but I had to input that myself.","Not only is the ring not worth the money, but the subscription is practically mandatory. My $70/year subscription just expired, and without it, my Oura Ring tells me almost nothing. I can see three overall scores—Readiness, Sleep, and Activity—and that's basically it. I can't see the detailed breakdowns behind those scores, my sleep and wake times, my activities, stress information, or most of the other data the ring collects. I'm essentially looking at three numbers on a screen. I honestly don't understand why I paid nearly $500 for a device that becomes this limited unless I continue paying another $70 every single year. If I had known how useless the ring would feel without the subscription, I would never have purchased it. For a device this expensive, the basic health and activity data should remain accessible without an ongoing membership. The subscription model is absolutely appalling. Honestly, I rarely opened the App when I had it because it was just a bunch of useless, seemingly inaccurate information. The only accurate information was my menstrual cycle, but I had to input that myself.",7.22.2,1112,182,english,True,True
Oura,app_store,us,14453143449,2026-08-21 02:37:47+00:00,2026-08,2026-08-17,1,negative,Drain,Every time there’s an app update ring starts acting up. It’s like they are trying to force to buy the new ring when the old one works fine.,Every time there's an app update ring starts acting up. It's like they are trying to force to buy the new ring when the old one works fine.,7.22.2,139,28,english,True,True
Oura,app_store,us,14451661516,2026-08-20 17:27:55+00:00,2026-08,2026-08-17,1,negative,Terrible customer service,I pay for this app and it doesn’t work. I used to love ordering now. I think it sucks. I will tell everybody I know I wished I never bought an order ring and I will be looking for a different way to monitor my stats.,I pay for this app and it doesn't work. I used to love ordering now. I think it sucks. I will tell everybody I know I wished I never bought an order ring and I will be looking for a different way to monitor my stats.,7.22.2,216,46,english,True,True
Oura,app_store,us,14451645309,2026-08-20 17:22:46+00:00,2026-08,2026-08-17,5,positive,"Love it, but want “stress” tweaks","I really enjoy your app, but I find I’m tagged with stress every time I’m outside because I live in a hot climate. It drives a weird behavior where you feel the need to avoid the outdoors or remove your ring when you’re probably about to do something you’d rather track for the activity. Not sure what I’m asking for, but the “stress” is stressing me out! 😂 very happy overall though. Really great insights and often very reassuring.","I really enjoy your app, but I find I'm tagged with stress every time I'm outside because I live in a hot climate. It drives a weird behavior where you feel the need to avoid the outdoors or remove your ring when you're probably about to do something you'd rather track for the activity. Not sure what I'm asking for, but the ""stress"" is stressing me out! 😂 very happy overall though. Really great insights and often very reassuring.",7.22.2,433,79,english,True,True
Oura,app_store,us,14451591401,2026-08-20 17:05:38+00:00,2026-08,2026-08-17,1,negative,Requires Constant Input = LAME,"Not only is the ceramic easily scraped-up, the app requires constant inputs on your phone and your phone being present for exercise tracking. It’s a pain to start/stop activities on the phone.","Not only is the ceramic easily scraped-up, the app requires constant inputs on your phone and your phone being present for exercise tracking. It's a pain to start/stop activities on the phone.",7.22.2,192,32,english,True,True
Oura,app_store,us,14450921807,2026-08-20 13:51:32+00:00,2026-08,2026-08-17,5,positive,Game changer,Using the Oura Ring has helped me identify ways to improve sleep and understand the impact of movement/ exercise.,Using the Oura Ring has helped me identify ways to improve sleep and understand the impact of movement/ exercise.,7.22.2,113,19,english,True,True
Oura,app_store,us,14450700164,2026-08-20 12:47:09+00:00,2026-08,2026-08-17,1,negative,Ring Breaks Down,Your Oura ring will eventually break down and wont work. Google Reddit and read that thousands of people are experiencing the same breakdown issues. Then they will hassle you about a replacement and or will state that you’re out of luck because the warranty will expire. A class action lawsuit is needed.,Your Oura ring will eventually break down and wont work. Google Reddit and read that thousands of people are experiencing the same breakdown issues. Then they will hassle you about a replacement and or will state that you're out of luck because the warranty will expire. A class action lawsuit is needed.,7.22.2,304,52,english,True,True
Oura,app_store,us,14450333733,2026-08-20 10:48:34+00:00,2026-08,2026-08-17,5,positive,La mejor compra,Tienes que tenerlo si o si!,Tienes que tenerlo si o si!,7.22.2,27,6,english,True,True
Oura,app_store,us,14448305660,2026-08-19 21:14:17+00:00,2026-08,2026-08-17,4,positive,Battery issues,"Ever since I updated the app my battery loses power daily. Terrible. This is useless to me now!  Terrible service . Not worth the monthly fee when I can’t get any info! Terrible

Update! Surprisingly, Oura sent me a new ring! Crossing my fingers it holds a charge and stays connected!

Thank you Oura!","Ever since I updated the app my battery loses power daily. Terrible. This is useless to me now! Terrible service . Not worth the monthly fee when I can't get any info! Terrible Update! Surprisingly, Oura sent me a new ring! Crossing my fingers it holds a charge and stays connected! Thank you Oura!",7.22.2,298,54,english,True,True
Oura,app_store,us,14448246353,2026-08-19 20:52:29+00:00,2026-08,2026-08-17,5,positive,Awesome!!!!,This ring is amazing!!! All of the stuff it keeps track of for you and it is so small and I wear it as my wedding ring!!! Would 100% recommend for anyone trying to keep track of their health!!!!,This ring is amazing!!! All of the stuff it keeps track of for you and it is so small and I wear it as my wedding ring!!! Would 100% recommend for anyone trying to keep track of their health!!!!,7.22.2,194,39,english,True,True
Oura,app_store,us,14447233942,2026-08-19 15:23:45+00:00,2026-08,2026-08-17,5,positive,I love it!,I love that it keeps track of my activity without me having to.,I love that it keeps track of my activity without me having to.,7.22.2,63,13,english,True,True
Oura,app_store,us,14446228127,2026-08-19 10:13:18+00:00,2026-08,2026-08-17,5,positive,Life Changer,"I do and have considered myself really healthy my whole life. Clean diet plenty of exercise, but Oura has been a game changer for me. I always felt like I could trick my Apple Watch relaxing so much that it would register as sleep. Etc. This little ring has given me so much usable information. It’s helped me determine what I can and cannot live with in my life. I’ve made so many small and large improvements based on its daily data. Feels silly to say but it’s been the single most effective tool I’ve ever found to create the fine tuning my already healthy life needed to be the absolute best version of myself.  Thanks oura! So excited about the next generation ring.","I do and have considered myself really healthy my whole life. Clean diet plenty of exercise, but Oura has been a game changer for me. I always felt like I could trick my Apple Watch relaxing so much that it would register as sleep. Etc. This little ring has given me so much usable information. It's helped me determine what I can and cannot live with in my life. I've made so many small and large improvements based on its daily data. Feels silly to say but it's been the single most effective tool I've ever found to create the fine tuning my already healthy life needed to be the absolute best version of myself. Thanks oura! So excited about the next generation ring.",7.22.2,671,124,english,True,True
Oura,app_store,us,14445588521,2026-08-19 05:47:36+00:00,2026-08,2026-08-17,2,negative,Feedback-oura ring,"I’ve had this ring for a little less than six months and There are just a few things I think could improve the overall experience and help the ring reach its full potential. Overall it’s a good product but first, I think it would be extremely helpful to have an “All Day” option when adding tags to the timeline, similar to the “Daily at this time” option.

Second, for the amount of money you are spending for this ring I think it shouldn’t  tarnishes fast and the battery drains fast 

Also, I think there could be an easier and more accessible way to submit feedback. I spent over 30 minutes trying to find where I could share this suggestion and eventually gave up, so I decided to add it here instead.","I've had this ring for a little less than six months and There are just a few things I think could improve the overall experience and help the ring reach its full potential. Overall it's a good product but first, I think it would be extremely helpful to have an ""All Day"" option when adding tags to the timeline, similar to the ""Daily at this time"" option. Second, for the amount of money you are spending for this ring I think it shouldn't tarnishes fast and the battery drains fast Also, I think there could be an easier and more accessible way to submit feedback. I spent over 30 minutes trying to find where I could share this suggestion and eventually gave up, so I decided to add it here instead.",7.22.2,702,131,english,True,True
Oura,app_store,us,14439244573,2026-08-17 15:37:15+00:00,2026-08,2026-08-17,5,positive,Customer Service,Oura genuinely has the best customer service i’ve ever gone through in my entire life. My Oura ring gen 4 stopped charging one day and customer service replaced it with a brand new one. My old ring was almost a year past the warranty and they STILL replaced it. God I love Oura,Oura genuinely has the best customer service i've ever gone through in my entire life. My Oura ring gen 4 stopped charging one day and customer service replaced it with a brand new one. My old ring was almost a year past the warranty and they STILL replaced it. God I love Oura,7.22.1,277,53,english,True,True
Oura,app_store,us,14436303389,2026-08-16 21:18:37+00:00,2026-08,2026-08-10,1,negative,Horrible Support,"I have loved my oura ring for over a year now and all of a sudden my app no longer works, won’t even open it crashes over and over again. I have reached out for support multiple times and all that i’ve received is acknowledgment that there is an issue and 0 timeline of when this will be fixed, this has been over a month of this being an issue. I have trouble shot every possible fix and nothing, my phone and app are updated to the most recent available update and still nothing. This is not a device issue but an account issue and lack of support or fix. I rely on my ring for cycle tracking and overall wellbeing and have been paying a months worth with no data. Extremely disappointed by the lack of help.","I have loved my oura ring for over a year now and all of a sudden my app no longer works, won't even open it crashes over and over again. I have reached out for support multiple times and all that i've received is acknowledgment that there is an issue and 0 timeline of when this will be fixed, this has been over a month of this being an issue. I have trouble shot every possible fix and nothing, my phone and app are updated to the most recent available update and still nothing. This is not a device issue but an account issue and lack of support or fix. I rely on my ring for cycle tracking and overall wellbeing and have been paying a months worth with no data. Extremely disappointed by the lack of help.",7.22.0,710,138,english,True,True
Oura,app_store,us,14434895433,2026-08-16 14:01:38+00:00,2026-08,2026-08-10,5,positive,Heart issues,"I’m 60… i’ve never been on medication of any type. I’ve had no health concerns.  
I am diagnosed with the heart issue , most possibly from a Covid infection. My ejection fraction of my heart is at 23%.  It’s been nice to see so many things that it could affect my heart pulse my sleeping habits burn I just help my wife be at ease a little bit more. I really like it.

Thanks, Gerald","I'm 60… i've never been on medication of any type. I've had no health concerns. I am diagnosed with the heart issue , most possibly from a Covid infection. My ejection fraction of my heart is at 23%. It's been nice to see so many things that it could affect my heart pulse my sleeping habits burn I just help my wife be at ease a little bit more. I really like it. Thanks, Gerald",7.22.0,379,75,english,True,True
Oura,app_store,us,14432839470,2026-08-16 00:48:55+00:00,2026-08,2026-08-10,5,positive,Best Tool,"My daughter introduced me to the Oura Ring, and now I hardly ever wear my Apple Watch anymore. The Oura Ring does everything I need and more.","My daughter introduced me to the Oura Ring, and now I hardly ever wear my Apple Watch anymore. The Oura Ring does everything I need and more.",7.22.0,141,27,english,True,True
Oura,app_store,us,14432154565,2026-08-15 20:20:49+00:00,2026-08,2026-08-10,5,positive,I try to ignore but I can’t,Keeping me a little in line,Keeping me a little in line,7.22.0,27,6,english,True,True
Oura,app_store,us,14431672567,2026-08-15 17:39:37+00:00,2026-08,2026-08-10,1,negative,Your ring battery will die within 24 hours after 1 year. Awful product.,"Planned obsolescence. The WORST product I have ever used. Not only is it not accurate with your activity. You can’t wear the ring to the gym, and IT WILL DIE IN ONE DAY, after owning the 4 for maybe a year, I need to charge it more than once a day to wear it overnight. It will stop tracking. DO NOT get this.","Planned obsolescence. The WORST product I have ever used. Not only is it not accurate with your activity. You can't wear the ring to the gym, and IT WILL DIE IN ONE DAY, after owning the 4 for maybe a year, I need to charge it more than once a day to wear it overnight. It will stop tracking. DO NOT get this.",7.22.0,309,63,english,True,True
Oura,app_store,us,14431550737,2026-08-15 17:02:03+00:00,2026-08,2026-08-10,5,positive,Changed my life!,"As someone with a sleep disorder, this app brought so much more awareness into my life. I love the features and the accuracy.","As someone with a sleep disorder, this app brought so much more awareness into my life. I love the features and the accuracy.",7.22.0,125,23,english,True,True
Oura,app_store,us,14431478955,2026-08-15 16:40:47+00:00,2026-08,2026-08-10,1,negative,I hope competitors blow them out of the water,Ameen amen,Ameen amen,7.22.0,10,2,english,True,False
Oura,app_store,us,14430943078,2026-08-15 14:09:32+00:00,2026-08,2026-08-10,2,negative,Battery keeps failing,I’m replacing the ring 4 for a 2nd time .  Why give us at least 1/2 credit toward the 5 .,I'm replacing the ring 4 for a 2nd time . Why give us at least 1/2 credit toward the 5 .,7.22.0,88,21,english,True,True
Oura,app_store,us,14430886809,2026-08-15 13:53:58+00:00,2026-08,2026-08-10,5,positive,Loving my Oura ring,I have enjoyed the purchase of my Oura ring so much. It has changed the way I think about sleep and how important it is and setting a really good healthy bedtime routine. I love all the information it provides me throughout the day and in the mornings.,I have enjoyed the purchase of my Oura ring so much. It has changed the way I think about sleep and how important it is and setting a really good healthy bedtime routine. I love all the information it provides me throughout the day and in the mornings.,7.22.0,252,48,english,True,True
Oura,app_store,us,14430402429,2026-08-15 11:23:35+00:00,2026-08,2026-08-10,5,positive,Oura 5,Love all the information I get and it definitely seems to reflex how I feel each day.,Love all the information I get and it definitely seems to reflex how I feel each day.,7.22.0,85,17,english,True,True
Oura,app_store,us,14430396093,2026-08-15 11:21:19+00:00,2026-08,2026-08-10,5,positive,Obsessed,I am loving my ring. I’ve had it for about 3 months and I am obsessed and it’s helping me stay on track e my health and workout goals.,I am loving my ring. I've had it for about 3 months and I am obsessed and it's helping me stay on track e my health and workout goals.,7.22.0,134,29,english,True,True
Oura,app_store,us,14429623569,2026-08-15 06:10:04+00:00,2026-08,2026-08-10,5,positive,La amo,"Me encanta es tan precisa con las fechas en cuando saber cuando llega mi periodo , saber cuánto déficit de sueño tengo , detectar síntoma la amo es perfecta","Me encanta es tan precisa con las fechas en cuando saber cuando llega mi periodo , saber cuánto déficit de sueño tengo , detectar síntoma la amo es perfecta",7.22.0,156,29,english,True,True
Oura,app_store,us,14428690903,2026-08-15 00:04:26+00:00,2026-08,2026-08-10,3,neutral,"Love my ring, but could improve","While I find Oura’s base metrics helpful, the morning Readiness and sleep score comments seem to be preprogrammed comments that repeat themselves. I do not find this helpful.  The most recent update was supposed to improve activity detection, but now it’s over sensitive and is constantly detecting activities that don’t make sense.","While I find Oura's base metrics helpful, the morning Readiness and sleep score comments seem to be preprogrammed comments that repeat themselves. I do not find this helpful. The most recent update was supposed to improve activity detection, but now it's over sensitive and is constantly detecting activities that don't make sense.",7.22.0,331,52,english,True,True
Oura,app_store,us,14428580176,2026-08-14 23:21:30+00:00,2026-08,2026-08-10,5,positive,My Oura,My aura was the best think happened to me I love it,My aura was the best think happened to me I love it,7.22.0,51,12,english,True,True
Oura,app_store,us,14428275812,2026-08-14 21:25:20+00:00,2026-08,2026-08-10,5,positive,Love my Oura Ring,It works great. The new version is smaller and more convenient.,It works great. The new version is smaller and more convenient.,7.22.0,63,11,english,True,True
Oura,app_store,us,14426564999,2026-08-14 12:32:32+00:00,2026-08,2026-08-10,5,positive,Feedback,I actually love my ring. I was really just looking for a place to give feedback. I feel like there is a flaw with your system. When I log or manually add a tag that I slept without my ring on it should take that into account some kind of way for my numbers and not make my Sleep debt so high. Thanks for listening 😬,I actually love my ring. I was really just looking for a place to give feedback. I feel like there is a flaw with your system. When I log or manually add a tag that I slept without my ring on it should take that into account some kind of way for my numbers and not make my Sleep debt so high. Thanks for listening 😬,7.22.0,315,66,english,True,True
Oura,app_store,us,14426055498,2026-08-14 09:37:31+00:00,2026-08,2026-08-10,1,negative,Inaccurate data defeats the whole point of using it. Not with it. Don’t buy this.,"I’ve been using my Oura ring for about 2 years now and it consistently gives me wrong data. It’s giving me warnings that I’m getting sick, even though I’m fine. It’s misses my naps and sometimes movement too. It keeps guessing that I’m “dancing” all the time when it’s never the case. I contacted support recently about this and they said it was a hardware issue and they will send a replacement. But they can’t give me any data on what the hardware issue was or when it started. This means NONE of my data over the last 2 years is helpful. There was no alert or explanation and they use AI for all customer service issues. I do NOT RECOMMEND!","I've been using my Oura ring for about 2 years now and it consistently gives me wrong data. It's giving me warnings that I'm getting sick, even though I'm fine. It's misses my naps and sometimes movement too. It keeps guessing that I'm ""dancing"" all the time when it's never the case. I contacted support recently about this and they said it was a hardware issue and they will send a replacement. But they can't give me any data on what the hardware issue was or when it started. This means NONE of my data over the last 2 years is helpful. There was no alert or explanation and they use AI for all customer service issues. I do NOT RECOMMEND!",7.22.0,643,121,english,True,True
Oura,app_store,us,14424225049,2026-08-13 21:26:43+00:00,2026-08,2026-08-10,1,negative,Hardware will fail and they will not support a replacement.,"I paid $500 for my Oura Ring, and it stopped working while it was still relatively new — my warranty had only just lapsed in May. When I reached out to support, I was told the ring had a confirmed hardware failure, but because I was just outside the coverage window, my only options were:
A $100 discount toward a brand-new ring (later ""escalated"" to $200)A ""like-new"" refurbished replacement for $89 plus shipping and tax, backed by only a 90-day warrantySo after already spending $500 on a ring that failed on its own, my choices were to spend another $300+ on a new one, or gamble on a used unit that could break again right after the 90 days are up — putting me right back in this exact position.
This was the first issue I've ever had with the product, and there was no real path to a fair resolution — no full replacement, no meaningful discount, nothing that treated a legitimate hardware failure like the company's problem rather than mine. Being offered a few months of free membership as a consolation didn't come close to making up for a $500 device that simply stopped working.
For a product in this price range, I expected better quality and a company that stands behind it when something breaks through no fault of the customer. I can't recommend Oura until their approach to hardware failures and warranty edge cases actually reflects the price people are paying.
They also closed the chat without formally closing the our conversation. I guess I am just to throw my ring in the trash?
**Update 8/12/26 - I reached out based on the response that Oura wanted to resolve my issue. They only doubled down on the original offer for $200 off their $500 ring. So be aware of that if you thought this was actually resolved appropriately.","I paid $500 for my Oura Ring, and it stopped working while it was still relatively new — my warranty had only just lapsed in May. When I reached out to support, I was told the ring had a confirmed hardware failure, but because I was just outside the coverage window, my only options were: A $100 discount toward a brand-new ring (later ""escalated"" to $200)A ""like-new"" refurbished replacement for $89 plus shipping and tax, backed by only a 90-day warrantySo after already spending $500 on a ring that failed on its own, my choices were to spend another $300+ on a new one, or gamble on a used unit that could break again right after the 90 days are up — putting me right back in this exact position. This was the first issue I've ever had with the product, and there was no real path to a fair resolution — no full replacement, no meaningful discount, nothing that treated a legitimate hardware failure like the company's problem rather than mine. Being offered a few months of free membership as a consolation didn't come close to making up for a $500 device that simply stopped working. For a product in this price range, I expected better quality and a company that stands behind it when something breaks through no fault of the customer. I can't recommend Oura until their approach to hardware failures and warranty edge cases actually reflects the price people are paying. They also closed the chat without formally closing the our conversation. I guess I am just to throw my ring in the trash? **Update 8/12/26 - I reached out based on the response that Oura wanted to resolve my issue. They only doubled down on the original offer for $200 off their $500 ring. So be aware of that if you thought this was actually resolved appropriately.",7.22.0,1745,312,english,True,True
Oura,app_store,us,14423848791,2026-08-13 19:10:47+00:00,2026-08,2026-08-10,1,negative,"The app start crashing, I cannot open it after connecting the ring!","Please fix! The app is great 
Crash details: EXC_BREAKPOINT (SIGTRAP) in 7.22.0, reproduces on two separate iOS devices with clean installs. Crashes 2–6 seconds after launch on a background async task, same binary offset both times. Adjacent threads show JSONDecoder and NSISO8601DateFormatter running, with Date metadata in the faulting registers — looks like a date-parsing trap on a server response. No Bluetooth frames in the stack. Possibly Issue 3094.","Please fix! The app is great Crash details: EXC_BREAKPOINT (SIGTRAP) in 7.22.0, reproduces on two separate iOS devices with clean installs. Crashes 2–6 seconds after launch on a background async task, same binary offset both times. Adjacent threads show JSONDecoder and NSISO8601DateFormatter running, with Date metadata in the faulting registers — looks like a date-parsing trap on a server response. No Bluetooth frames in the stack. Possibly Issue 3094.",7.22.0,456,69,english,True,True
Oura,app_store,us,14423809897,2026-08-13 18:57:32+00:00,2026-08,2026-08-10,2,negative,"It does well on some things, not others","The heart rate is not always accurate nor detected. I wish that it calculated which activity you were doing better. It just keeps saying “Fitness class “. There are times I do other things. Circuit training, weightlifting.","The heart rate is not always accurate nor detected. I wish that it calculated which activity you were doing better. It just keeps saying ""Fitness class "". There are times I do other things. Circuit training, weightlifting.",7.22.0,222,37,english,True,True
Oura,app_store,us,14422621072,2026-08-13 13:01:13+00:00,2026-08,2026-08-10,5,positive,Loving it,Love the tracking and insights I get from my oura daily and how over time it has a clearer picture on my health metrics.,Love the tracking and insights I get from my oura daily and how over time it has a clearer picture on my health metrics.,7.22.0,120,24,english,True,True
Oura,app_store,us,14420294867,2026-08-12 22:13:38+00:00,2026-08,2026-08-10,5,positive,Can’t live without it!,"I’m absolutely obsessed with my Oura ring, I have the gen 4 and it works great!","I'm absolutely obsessed with my Oura ring, I have the gen 4 and it works great!",7.22.0,79,16,english,True,True
Oura,app_store,us,14419068319,2026-08-12 15:22:23+00:00,2026-08,2026-08-10,5,positive,Thank you,Easy a accurate health tracker,Easy a accurate health tracker,7.22.0,30,5,english,True,True
Oura,app_store,us,14418480524,2026-08-12 12:34:13+00:00,2026-08,2026-08-10,5,positive,The Motion Motivator,The greatest thing about the Oura ring is that you forget you have it on but it reminds you constantly of your fitness level for that day. Tracks sleep reminds you to move that body and even tells you when your optimal time is to go to bed.  Can’t say enough. This ring has helped motivate me to get back in shape.  Jthutta,The greatest thing about the Oura ring is that you forget you have it on but it reminds you constantly of your fitness level for that day. Tracks sleep reminds you to move that body and even tells you when your optimal time is to go to bed. Can't say enough. This ring has helped motivate me to get back in shape. Jthutta,7.22.0,321,63,english,True,True
Oura,app_store,us,14417190751,2026-08-12 04:09:09+00:00,2026-08,2026-08-10,1,negative,Not worth the subscription,"I tried a couple smart rings and the oura 5 had the best hardware, but I don’t think I would have considered it if I knew the Apple health sync was paywalled. The app would be ok if it was free but for the price it doesn’t provide much value, so I mostly just sync the data to use elsewhere. Activity detection sucks so I’m glad I don’t use that. Crazy the Apple health sync just ignores naps, and support has given me the runaround on that when it’s clearly just broken. Crazy that they ask you to import health records but claim it’s not covered by HIPAA.","I tried a couple smart rings and the oura 5 had the best hardware, but I don't think I would have considered it if I knew the Apple health sync was paywalled. The app would be ok if it was free but for the price it doesn't provide much value, so I mostly just sync the data to use elsewhere. Activity detection sucks so I'm glad I don't use that. Crazy the Apple health sync just ignores naps, and support has given me the runaround on that when it's clearly just broken. Crazy that they ask you to import health records but claim it's not covered by HIPAA.",7.22.0,557,108,english,True,True
Oura,app_store,us,14416405167,2026-08-11 23:10:27+00:00,2026-08,2026-08-10,4,positive,Pretty good,The sleep tracker is pretty inaccurate and updates are essentially impossible to install,The sleep tracker is pretty inaccurate and updates are essentially impossible to install,7.22.0,88,13,english,True,True
Oura,app_store,us,14415097815,2026-08-11 15:46:23+00:00,2026-08,2026-08-10,5,positive,Oura Ring lover,"My Oura Ring 4 has been a solid wellness companion. It gives me clear insights into my sleep, recovery, and daily readiness without feeling overwhelming. The data is easy to understand, and I appreciate how it tracks trends over time instead of just giving random numbers.

The ring itself is comfortable, durable, and holds a charge for several days. While it’s not perfect — sometimes the activity tracking is a little sensitive — it’s still one of the best tools I’ve used for staying mindful of my health. If you want a simple, reliable way to understand your body better, the Oura Ring 4 is a great choice.","My Oura Ring 4 has been a solid wellness companion. It gives me clear insights into my sleep, recovery, and daily readiness without feeling overwhelming. The data is easy to understand, and I appreciate how it tracks trends over time instead of just giving random numbers. The ring itself is comfortable, durable, and holds a charge for several days. While it's not perfect — sometimes the activity tracking is a little sensitive — it's still one of the best tools I've used for staying mindful of my health. If you want a simple, reliable way to understand your body better, the Oura Ring 4 is a great choice.",7.22.0,610,108,english,True,True
Oura,app_store,us,14414391842,2026-08-11 12:27:52+00:00,2026-08,2026-08-10,3,neutral,"Complicated integrations, jargon heavy & no feedback","I love Oura - I’ve purchased every version. But the app falls short in a key obvious area: there is no way to log weight daily. For a $500 device built around tracking how your body responds to training, recovery, and diet, this is a glaring omission. The workaround — syncing through Apple Health or Google Health Connect — adds unnecessary friction. A dedicated daily weight log with a trend view should be built in. Oura Labs exists for exactly this kind of feedback, but its feedback mechanism is a binary multiple-choice prompt that doesn't allow for feature requests. That needs to change too.  Lastly, the language the AI bot uses is very jargon heavy - reads as if it’s just pulling info from a medical journal and not teaching people about their own health.  Again, love the app but changes should be made.","I love Oura - I've purchased every version. But the app falls short in a key obvious area: there is no way to log weight daily. For a $500 device built around tracking how your body responds to training, recovery, and diet, this is a glaring omission. The workaround — syncing through Apple Health or Google Health Connect — adds unnecessary friction. A dedicated daily weight log with a trend view should be built in. Oura Labs exists for exactly this kind of feedback, but its feedback mechanism is a binary multiple-choice prompt that doesn't allow for feature requests. That needs to change too. Lastly, the language the AI bot uses is very jargon heavy - reads as if it's just pulling info from a medical journal and not teaching people about their own health. Again, love the app but changes should be made.",7.22.0,813,144,english,True,True
Oura,app_store,us,14414306032,2026-08-11 12:01:43+00:00,2026-08,2026-08-10,1,negative,Continues to get crappier,"I’ve opened several tickets with Oura regarding an accurate sleep tracking and it seems like the issue resolved itself for a while but now it has returned. I’m guessing with a new update that was pushed out. This ring was over $500 and now I’m merely using it as a paper weight on my nightstand, this is absolutely ridiculous. Whatever aura is doing with their software team needs to be looked into because a whole week of useless sleep statistics as well as body temperature readings is not helpful to anybody that is trying to sync this app with Natural Cycles.","I've opened several tickets with Oura regarding an accurate sleep tracking and it seems like the issue resolved itself for a while but now it has returned. I'm guessing with a new update that was pushed out. This ring was over $500 and now I'm merely using it as a paper weight on my nightstand, this is absolutely ridiculous. Whatever aura is doing with their software team needs to be looked into because a whole week of useless sleep statistics as well as body temperature readings is not helpful to anybody that is trying to sync this app with Natural Cycles.",7.22.0,563,101,english,True,True
Oura,app_store,us,14412304471,2026-08-10 23:04:14+00:00,2026-08,2026-08-10,1,negative,Horrible customer support,I have reached out multiple times as I keep getting incorrect data!!! No response for almost a month with countless follow ups!,I have reached out multiple times as I keep getting incorrect data!!! No response for almost a month with countless follow ups!,7.21.0,127,22,english,True,True
Oura,app_store,us,14411676955,2026-08-10 19:14:54+00:00,2026-08,2026-08-10,4,positive,"Good, could be better for women.",Considering a good chunk of users are women I’m shocked I’m not able to add in period cycles previous to when I got the ring. I’ve been tracking it for years and I can’t put the data in. Everything else is great. That was my only complaint.,Considering a good chunk of users are women I'm shocked I'm not able to add in period cycles previous to when I got the ring. I've been tracking it for years and I can't put the data in. Everything else is great. That was my only complaint.,7.21.0,240,47,english,True,True
Oura,app_store,us,14411599496,2026-08-10 18:49:08+00:00,2026-08,2026-08-10,5,positive,Saves lives,This ring has saved the lives of several people we know. The information it provides is steady and accurate. It gives an added peace of mind that we all deserve. It is flattering with my jewelry although I wish it was a hair more petite. Very happy with this ring!,This ring has saved the lives of several people we know. The information it provides is steady and accurate. It gives an added peace of mind that we all deserve. It is flattering with my jewelry although I wish it was a hair more petite. Very happy with this ring!,7.21.0,264,50,english,True,True
Oura,app_store,us,14411042808,2026-08-10 15:55:42+00:00,2026-08,2026-08-10,1,negative,Massive drain on battery,Oura’s most recent updates have been a MASSIVE drain on my battery. I cannot toggle background app refresh off and it’s overheating my phone. Previously versions have worked well and I’ve enjoyed it but this makes me need to delete the app and renders the ring useless.,Oura's most recent updates have been a MASSIVE drain on my battery. I cannot toggle background app refresh off and it's overheating my phone. Previously versions have worked well and I've enjoyed it but this makes me need to delete the app and renders the ring useless.,7.21.0,269,47,english,True,True
Oura,app_store,us,14410773782,2026-08-10 14:37:41+00:00,2026-08,2026-08-10,5,positive,Best health investment of my life,My favorite app ever. I now easily walk 10k steps per day because I have the info. I’ll never go back!! I love my oura so so much.,My favorite app ever. I now easily walk 10k steps per day because I have the info. I'll never go back!! I love my oura so so much.,7.21.0,130,28,english,True,True
Oura,app_store,us,14410597260,2026-08-10 13:47:01+00:00,2026-08,2026-08-10,2,negative,Non friendly app,Cycle Log is very hard to use and not user friendly at all. The help I requested was also just as confusing. With The technology today there’s no reason it should be this complicated!!!!,Cycle Log is very hard to use and not user friendly at all. The help I requested was also just as confusing. With The technology today there's no reason it should be this complicated!!!!,7.21.0,186,34,english,True,True
Oura,app_store,us,14409114568,2026-08-10 04:08:00+00:00,2026-08,2026-08-10,1,negative,The connectivity is TERRIBLE,"I cannot tell you the UTTER frustration that my wife and I have had with this app and ring. We have re-paired MANY times, factory reset, logged out, reinstalled, it only takes a couple of days and it’s back to a quite expensive and useless device that’s mediocre as a ring. I would NOT recommend.","I cannot tell you the UTTER frustration that my wife and I have had with this app and ring. We have re-paired MANY times, factory reset, logged out, reinstalled, it only takes a couple of days and it's back to a quite expensive and useless device that's mediocre as a ring. I would NOT recommend.",7.21.0,296,55,english,True,True
Oura,app_store,us,14408628354,2026-08-10 00:54:56+00:00,2026-08,2026-08-10,4,positive,Battery issues,Beware of battery issues.,Beware of battery issues.,7.21.0,25,4,english,True,True
Oura,app_store,us,14407404571,2026-08-09 17:24:13+00:00,2026-08,2026-08-03,5,positive,Easy to use and read,"I’ve tried several products and this one by far is comfortable, easy to use, easy to read biometrics. It’s as easy as charge and wear and batter is still lasting a week or more even after a month of use.","I've tried several products and this one by far is comfortable, easy to use, easy to read biometrics. It's as easy as charge and wear and batter is still lasting a week or more even after a month of use.",7.21.0,203,40,english,True,True
Oura,app_store,us,14406942025,2026-08-09 15:03:43+00:00,2026-08,2026-08-03,1,negative,App does not work with Oura Ring 5 and crashes immediately,App does not work with Oura Ring 5 and crashes immediately. Has not worked in 5 weeks.,App does not work with Oura Ring 5 and crashes immediately. Has not worked in 5 weeks.,7.21.0,86,17,english,True,True
Whoop,app_store,us,14597874996,2026-09-27 02:28:26+00:00,2026-09,2026-09-21,1,negative,Arabic language,"As a daily user in Saudi Arabia, I highly request adding the Arabic language to the WHOOP app","As a daily user in Saudi Arabia, I highly request adding the Arabic language to the WHOOP app",5.71.0,93,18,english,True,True
Whoop,app_store,us,14597673368,2026-09-27 01:10:00+00:00,2026-09,2026-09-21,5,positive,The Best Fitness Tracker!,"I’ve been using Whoop since early 2021.  That January I had decided I was going to do Andy Frisella’s 75 Hard program, and with the twice daily workouts I was concerned about overtraining.  I figured I would use Whoop for a few months, get a handle on my strain and recovery, and then move on.  But Whoop is just too good and they keep improving and adding additional functionality.  Now with the Advanced Labs component, and the intensive bloodwork that one can have completed and analyzed, I’m not sure I’ll ever leave.  In addition, the Healthspan feature is fantastic as it provides the right motivations to create the best lifestyle behaviors for a long and healthy life.  I know I am still under-utilizing Whoop and I look forward to incorporating more and more of its features and functionality into my life.","I've been using Whoop since early 2021. That January I had decided I was going to do Andy Frisella's 75 Hard program, and with the twice daily workouts I was concerned about overtraining. I figured I would use Whoop for a few months, get a handle on my strain and recovery, and then move on. But Whoop is just too good and they keep improving and adding additional functionality. Now with the Advanced Labs component, and the intensive bloodwork that one can have completed and analyzed, I'm not sure I'll ever leave. In addition, the Healthspan feature is fantastic as it provides the right motivations to create the best lifestyle behaviors for a long and healthy life. I know I am still under-utilizing Whoop and I look forward to incorporating more and more of its features and functionality into my life.",5.71.0,809,141,english,True,True
Whoop,app_store,us,14596508840,2026-09-26 17:50:21+00:00,2026-09,2026-09-21,3,neutral,Excellent at Sleep. Basic Feature needed.,"Sleep is really what Whoop is mostly about in my opinion.  It’s very good at that. However, I’ve found a major bug in its use.  It doesn’t have a “select all” capability to capture whatever you’ve been chatting about with its AI.  It only has “save to clipboard” which only allows one paragraph at a time to be copied which is brutally tedious and slow.  Their work around is the go into “Coach” which has the history of previous chats and capture it that way except that has been removed from the app.  We’ll see how their Support fixes this issue or not.","Sleep is really what Whoop is mostly about in my opinion. It's very good at that. However, I've found a major bug in its use. It doesn't have a ""select all"" capability to capture whatever you've been chatting about with its AI. It only has ""save to clipboard"" which only allows one paragraph at a time to be copied which is brutally tedious and slow. Their work around is the go into ""Coach"" which has the history of previous chats and capture it that way except that has been removed from the app. We'll see how their Support fixes this issue or not.",5.71.0,551,103,english,True,True
Whoop,app_store,us,14595044390,2026-09-26 10:17:11+00:00,2026-09,2026-09-21,1,negative,"An intrusive click bait marketing app, not serious about workouts","You can't remove all the ridiculous banner ads, and I can't just look at my heartbeat continually, on demand. Terrible app. I through by brand new device in the trash. 
Intrusive banners you can't hide: 
- “First Week with WHOOP” - no way to hide banner 
- Refer & Earn banners (multiple) 
- Share a Free Trial banners (I'm not marketing your stupid app) 
- Shop / Shop All Accessories
- Gift a Membership (I'm not your marketing department)
- Extend Membership (I already paid for a year)
- Stress Monitor - can't disable and I could care less about a meaningless made up score","You can't remove all the ridiculous banner ads, and I can't just look at my heartbeat continually, on demand. Terrible app. I through by brand new device in the trash. Intrusive banners you can't hide: - ""First Week with WHOOP"" - no way to hide banner - Refer & Earn banners (multiple) - Share a Free Trial banners (I'm not marketing your stupid app) - Shop / Shop All Accessories - Gift a Membership (I'm not your marketing department) - Extend Membership (I already paid for a year) - Stress Monitor - can't disable and I could care less about a meaningless made up score",5.71.0,573,105,english,True,True
Whoop,app_store,us,14591196944,2026-09-25 10:45:50+00:00,2026-09,2026-09-21,5,positive,Whoop keeps me honest,"Whether I need a rest day, a low impact day or an all out effort, Whoop ensures I have the right picture to decide. And, it’s rarely incorrect.","Whether I need a rest day, a low impact day or an all out effort, Whoop ensures I have the right picture to decide. And, it's rarely incorrect.",5.71.0,143,28,english,True,True
Whoop,app_store,us,14588800177,2026-09-24 18:32:22+00:00,2026-09,2026-09-21,1,negative,Syncing issues,It shows connected buy the app will not stay synced and will take a lot of time to update.  Sometimes it will miss days of syncing.  I upgraded whoops to the 5.0 and I have done all the troubleshooting without resolution.,It shows connected buy the app will not stay synced and will take a lot of time to update. Sometimes it will miss days of syncing. I upgraded whoops to the 5.0 and I have done all the troubleshooting without resolution.,5.71.0,219,41,english,True,True
Whoop,app_store,us,14586612256,2026-09-24 05:32:11+00:00,2026-09,2026-09-21,5,positive,Blood Pressure,"Between the Whoop and no caffeine, less salt and a health no processed food diet I have not had to use insulin and have dropped 40lbs in 9 weeks. The Whoop is the number one tool I have to get healthier 100%","Between the Whoop and no caffeine, less salt and a health no processed food diet I have not had to use insulin and have dropped 40lbs in 9 weeks. The Whoop is the number one tool I have to get healthier 100%",5.71.0,207,42,english,True,True
Whoop,app_store,us,14583327441,2026-09-23 09:49:13+00:00,2026-09,2026-09-21,5,positive,No Where To Hide,"Whoop will keep you honest if you follow your plan you've agreed upon. You'll get the feedback needed to keep pushing forward, but in a way that excites you. I love it!!","Whoop will keep you honest if you follow your plan you've agreed upon. You'll get the feedback needed to keep pushing forward, but in a way that excites you. I love it!!",5.71.0,169,32,english,True,True
Whoop,app_store,us,14582627849,2026-09-23 04:28:09+00:00,2026-09,2026-09-21,1,negative,5.0 does not track caloric expenditure accurately,"I’ve used WHOOP 4.0 for 1600 days consecutively and then recently switched to WHOOP 5.0. I used WHOOP specifically to track my caloric expenditure relative to my daily caloric intake using MyFitnessPal. This method worked very well and was very accurate and allowed me to achieve my weight loss goals consistently based on maintaining a daily caloric deficit of 400 cal when I was cutting. Fast forward to August 25 when I switched from 4.0 to WHOOP 5.0 and all of a sudden with no meaningful change in my routine, my caloric expenditure according to WHOOP 5.0 dropped by about 1000 cal per day. Now, even as my weight is flat, WHOOP 5.0 is showing about 1000 cal per day surplus. Very disappointing. I can no longer use WHOOP as an accurate gauge of my daily caloric expenditure.","I've used WHOOP 4.0 for 1600 days consecutively and then recently switched to WHOOP 5.0. I used WHOOP specifically to track my caloric expenditure relative to my daily caloric intake using MyFitnessPal. This method worked very well and was very accurate and allowed me to achieve my weight loss goals consistently based on maintaining a daily caloric deficit of 400 cal when I was cutting. Fast forward to August 25 when I switched from 4.0 to WHOOP 5.0 and all of a sudden with no meaningful change in my routine, my caloric expenditure according to WHOOP 5.0 dropped by about 1000 cal per day. Now, even as my weight is flat, WHOOP 5.0 is showing about 1000 cal per day surplus. Very disappointing. I can no longer use WHOOP as an accurate gauge of my daily caloric expenditure.",5.71.0,780,138,english,True,True
Whoop,app_store,us,14582168880,2026-09-23 01:22:11+00:00,2026-09,2026-09-21,1,negative,Bad App,WHO makes a sport app only functional connected to the internet,WHO makes a sport app only functional connected to the internet,5.71.0,63,11,english,True,True
Whoop,app_store,us,14577020084,2026-09-21 17:29:33+00:00,2026-09,2026-09-21,5,positive,¡Lo mejor que EXISTE!,"Ha sido lo más wow que he experimentado. Me ayuda a mi rendimiento, a entender mi cuerpo, a absolutamente TODO.","Ha sido lo más wow que he experimentado. Me ayuda a mi rendimiento, a entender mi cuerpo, a absolutamente TODO.",5.70.0,111,20,english,True,True
Whoop,app_store,us,14576408227,2026-09-21 14:26:10+00:00,2026-09,2026-09-21,5,positive,Expensive but worth it,"I really love this. Im a geek for health stats and I just love being in tune with my body. Pretty accurate. The only bad thing was that my whoop would randomly turn off at night if it wasn’t fully charged. It could be at 50% and it would turn off idk why. Maybe cuz I would take it to the sauna. But other than that I love it. I love how it auto tracks my random activity’s like soccer, yoga, swimming.","I really love this. Im a geek for health stats and I just love being in tune with my body. Pretty accurate. The only bad thing was that my whoop would randomly turn off at night if it wasn't fully charged. It could be at 50% and it would turn off idk why. Maybe cuz I would take it to the sauna. But other than that I love it. I love how it auto tracks my random activity's like soccer, yoga, swimming.",5.70.0,402,82,english,True,True
Whoop,app_store,us,14576383074,2026-09-21 14:18:47+00:00,2026-09,2026-09-21,2,negative,AI,disabling the dumb AI chatbot is not possible and Strava integration never worked for me,disabling the dumb AI chatbot is not possible and Strava integration never worked for me,5.70.0,88,15,english,True,True
Whoop,app_store,us,14576374822,2026-09-21 14:16:24+00:00,2026-09,2026-09-21,2,negative,Expensive.,"For something that you cannot dial in for your specific lifestyle it’s awfully expensive. I work nights, my workouts are not always the at the same time (sometimes it’s mornings and some sometimes it’s afternoons) it depends on he’s that I work vs sleep. I had an otlrigin whoop years ago and I loved it so I thought I’d buy the new updated version. I wish I had waited for the new Apple Ultra 3 to come out.","For something that you cannot dial in for your specific lifestyle it's awfully expensive. I work nights, my workouts are not always the at the same time (sometimes it's mornings and some sometimes it's afternoons) it depends on he's that I work vs sleep. I had an otlrigin whoop years ago and I loved it so I thought I'd buy the new updated version. I wish I had waited for the new Apple Ultra 3 to come out.",5.70.0,408,78,english,True,True
Whoop,app_store,us,14576341015,2026-09-21 14:06:27+00:00,2026-09,2026-09-21,1,negative,Sleep detection is terrible,Somehow whoops ability to detect and analyze sleep continues to get worse.  It doesnt detect wake-ups; it misreads non-sleep hours as rest and greatly overstates directional indicators and analysis like a cable news commentator.  Feel like product improvements have been a bell curve over last couple years.  Appreciate the battery life and lack of 'smart watch' type functionality but its missing the target on tracking key metrics.,Somehow whoops ability to detect and analyze sleep continues to get worse. It doesnt detect wake-ups; it misreads non-sleep hours as rest and greatly overstates directional indicators and analysis like a cable news commentator. Feel like product improvements have been a bell curve over last couple years. Appreciate the battery life and lack of 'smart watch' type functionality but its missing the target on tracking key metrics.,5.70.0,430,67,english,True,True
Whoop,app_store,us,14572428792,2026-09-20 14:09:29+00:00,2026-09,2026-09-14,5,positive,Best AI tracker,Whoop is my coach not just my tracker,Whoop is my coach not just my tracker,5.70.0,37,8,english,True,True
Whoop,app_store,us,14571872357,2026-09-20 11:19:35+00:00,2026-09,2026-09-14,1,negative,Device doesn’t work properly,Worst customer service,Worst customer service,5.70.0,22,3,english,True,True
Whoop,app_store,us,14568179401,2026-09-19 12:52:38+00:00,2026-09,2026-09-14,5,positive,Love whoop,Love this thing,Love this thing,5.70.0,15,3,english,True,False
Whoop,app_store,us,14568178046,2026-09-19 12:52:13+00:00,2026-09,2026-09-14,2,negative,Login issue after switching to a new iPhone,"I’ve been using WHOOP, but after switching to a new iPhone, I was unable to access my existing account through the iOS app. The app keeps showing a blank “ERROR” message.

My credentials are correct, and I can successfully log into the same account through the WHOOP website and see my membership and payment history. I also reset my password, reinstalled the app, and followed the recommended troubleshooting steps, but the issue remains.

I contacted WHOOP Support and opened a support case, but I still cannot access my account through the app.

It’s extremely frustrating to have an active membership and working account but be unable to use the app after switching phones. I hope WHOOP addresses this issue quickly and improves the login experience.

I would not expect this kind of issue from a paid service.","I've been using WHOOP, but after switching to a new iPhone, I was unable to access my existing account through the iOS app. The app keeps showing a blank ""ERROR"" message. My credentials are correct, and I can successfully log into the same account through the WHOOP website and see my membership and payment history. I also reset my password, reinstalled the app, and followed the recommended troubleshooting steps, but the issue remains. I contacted WHOOP Support and opened a support case, but I still cannot access my account through the app. It's extremely frustrating to have an active membership and working account but be unable to use the app after switching phones. I hope WHOOP addresses this issue quickly and improves the login experience. I would not expect this kind of issue from a paid service.",5.70.0,810,137,english,True,True
Whoop,app_store,us,14568012499,2026-09-19 12:00:58+00:00,2026-09,2026-09-14,5,positive,Great app,Great app,Great app,5.70.0,9,2,english,True,False
Whoop,app_store,us,14567818311,2026-09-19 10:54:32+00:00,2026-09,2026-09-14,5,positive,Amazing,Love it. Everyone I’m around is blown away with the detail,Love it. Everyone I'm around is blown away with the detail,5.70.0,58,11,english,True,True
Whoop,app_store,us,14566965178,2026-09-19 05:10:00+00:00,2026-09,2026-09-14,4,positive,"Title: Great performance coach, but major sync issues","Review:

“As a busy manager, the insights WHOOP provides are life-changing. I love the recovery and sleep tracking. HOWEVER, I had a terrible experience recently: I lost my phone, and upon re-installing the app on a new device, ALL my historical data was gone. Losing that long-term analysis is a dealbreaker. If this cloud sync/data migration issue gets fixed, it’s easily a 5-star app. Please improve your data retention and account syncing policy so users don’t lose their hard-earned progress.”","Review: ""As a busy manager, the insights WHOOP provides are life-changing. I love the recovery and sleep tracking. HOWEVER, I had a terrible experience recently: I lost my phone, and upon re-installing the app on a new device, ALL my historical data was gone. Losing that long-term analysis is a dealbreaker. If this cloud sync/data migration issue gets fixed, it's easily a 5-star app. Please improve your data retention and account syncing policy so users don't lose their hard-earned progress.""",5.70.0,497,80,english,True,True
Whoop,app_store,us,14565667400,2026-09-18 20:38:29+00:00,2026-09,2026-09-14,4,positive,Love the insights/Hate incompatibility,The device is accurate and the app is full of insights.  I just hate the fact that it’s impossible to import activities recorded on other devices.  I just don’t want to wear my whoop to BJJ class. You should make it easy to import activities.  You know it’s the right thing to do.,The device is accurate and the app is full of insights. I just hate the fact that it's impossible to import activities recorded on other devices. I just don't want to wear my whoop to BJJ class. You should make it easy to import activities. You know it's the right thing to do.,5.70.0,277,53,english,True,True
Whoop,app_store,us,14564634644,2026-09-18 15:08:12+00:00,2026-09,2026-09-14,4,positive,Client request recognition,I sent a request to get the app updated in a specific way and it got updated like I requested. It’s good to know that the developers listen to their customers and their requests.,I sent a request to get the app updated in a specific way and it got updated like I requested. It's good to know that the developers listen to their customers and their requests.,5.70.0,178,34,english,True,True
Whoop,app_store,us,14564283645,2026-09-18 13:29:36+00:00,2026-09,2026-09-14,5,positive,什么时候出中文简体版哦,什么时候出中文简体版哦,什么时候出中文简体版哦,5.70.0,11,1,non_english,False,False
Whoop,app_store,us,14563984011,2026-09-18 11:59:30+00:00,2026-09,2026-09-14,5,positive,Fantastic I am so happy I have it!!,"Whoop is so great in so many ways. From telling me that my body needs more rest, to telling me my body is fighting off a sickness because my recovery is low and I have had adequate and not overstrained myself, but to sleep and to take it easy. 

It lows my regular menstrual cycles and will start telling me up to five days ahead that it is coming and usually in day two before it arrives, it tells me that my body’s symptoms and they are usually perfectly on point. 

I love that it tells me what I my strain should be and if I surpass what the goal was for the day, it tells me keep pushing to hit a certain number to give it an all out day.","Whoop is so great in so many ways. From telling me that my body needs more rest, to telling me my body is fighting off a sickness because my recovery is low and I have had adequate and not overstrained myself, but to sleep and to take it easy. It lows my regular menstrual cycles and will start telling me up to five days ahead that it is coming and usually in day two before it arrives, it tells me that my body's symptoms and they are usually perfectly on point. I love that it tells me what I my strain should be and if I surpass what the goal was for the day, it tells me keep pushing to hit a certain number to give it an all out day.",5.70.0,639,131,english,True,True
Whoop,app_store,us,14560755413,2026-09-17 15:12:07+00:00,2026-09,2026-09-14,3,neutral,Inconsistent Strain Scores,Some scores given are way too high and others way too low,Some scores given are way too high and others way too low,5.70.0,57,12,english,True,True
Whoop,app_store,us,14559975813,2026-09-17 11:18:51+00:00,2026-09,2026-09-14,5,positive,WHOOP is very beneficial,I have been wearing a WHOOP since 2025 and haven’t took it off not one day it’s been helping me monitor a lot of my health and keeping me on track. I really love WHOOP. I even courage a couple of my family members to purchase a WHOOP to help them in the everyday life.,I have been wearing a WHOOP since 2025 and haven't took it off not one day it's been helping me monitor a lot of my health and keeping me on track. I really love WHOOP. I even courage a couple of my family members to purchase a WHOOP to help them in the everyday life.,5.70.0,268,55,english,True,True
Whoop,app_store,us,14558058839,2026-09-16 21:33:46+00:00,2026-09,2026-09-14,5,positive,My health copilot / coach,I use it every day and it helps me really try to guide and inform me on what’s impacting my body and good decisions to make for my health overall.,I use it every day and it helps me really try to guide and inform me on what's impacting my body and good decisions to make for my health overall.,5.70.0,146,30,english,True,True
Whoop,app_store,us,14556573727,2026-09-16 13:40:23+00:00,2026-09,2026-09-14,1,negative,Inaccurate,"The Whoop coach is constantly giving me incorrect data and then when I correct it says something along the lines of “my bad, I’ll stop making stuff up!” And then the next day it’s back to making stuff up. I can’t trust anything from the coach.","The Whoop coach is constantly giving me incorrect data and then when I correct it says something along the lines of ""my bad, I'll stop making stuff up!"" And then the next day it's back to making stuff up. I can't trust anything from the coach.",5.70.0,243,46,english,True,True
Whoop,app_store,us,14556553302,2026-09-16 13:34:32+00:00,2026-09,2026-09-14,5,positive,Sleep and Recovery,I love this for tracking my sleep! My sleep score went from 2-3 hours of restorative rest to 4-6hours after adding an air scrubber to my bedroom. Love being able to track my sleep and recovery using my whoop!,I love this for tracking my sleep! My sleep score went from 2-3 hours of restorative rest to 4-6hours after adding an air scrubber to my bedroom. Love being able to track my sleep and recovery using my whoop!,5.70.0,208,39,english,True,True
Whoop,app_store,us,14554217779,2026-09-15 22:09:52+00:00,2026-09,2026-09-14,4,positive,WHOOP,"I’ve been a a member of the Whoop community for over 2 years. This is my overall experience with it. I think it is overall great. Great in the sense that it tracks the information you need in order to understand your body better, and helps you understand your habits or lack of habits that one would need to implement in their lives to be a better version of themselves etc.. However, I believe with the amount the whoop costs, and I have the newest version, they should at least let you keep the data you pay for, or at least give you access to more things you don’t have to purchase on the side. PS! The silicone band gives you a rash over time. Be CAREFUL. 🤙🏾","I've been a a member of the Whoop community for over 2 years. This is my overall experience with it. I think it is overall great. Great in the sense that it tracks the information you need in order to understand your body better, and helps you understand your habits or lack of habits that one would need to implement in their lives to be a better version of themselves etc.. However, I believe with the amount the whoop costs, and I have the newest version, they should at least let you keep the data you pay for, or at least give you access to more things you don't have to purchase on the side. PS! The silicone band gives you a rash over time. Be CAREFUL. 🤙🏾",5.70.0,662,128,english,True,True
Whoop,app_store,us,14554136806,2026-09-15 21:37:59+00:00,2026-09,2026-09-14,5,positive,Amazing,I’ve been using whoop for 3 years now! I don’t know what I would do without it.,I've been using whoop for 3 years now! I don't know what I would do without it.,5.70.0,79,17,english,True,True
Whoop,app_store,us,14553541578,2026-09-15 18:01:45+00:00,2026-09,2026-09-14,1,negative,Too bad software not comparable to apple or google,Software problem,Software problem,5.70.0,16,2,english,True,False
Whoop,app_store,us,14551128552,2026-09-15 02:34:31+00:00,2026-09,2026-09-14,2,negative,Makes you open the app,"The app can wake you up by setting an alarm and having the device vibrate at that time. Though this works well and Bluetooth shows it connected, you have to actually open the app almost every day to get it to sync. Seems to be intentional given the alarm system works and Bluetooth is connected. Annoying, impractical, and questionable purpose from the vendor.","The app can wake you up by setting an alarm and having the device vibrate at that time. Though this works well and Bluetooth shows it connected, you have to actually open the app almost every day to get it to sync. Seems to be intentional given the alarm system works and Bluetooth is connected. Annoying, impractical, and questionable purpose from the vendor.",5.70.0,360,63,english,True,True
Whoop,app_store,us,14550773663,2026-09-15 00:10:29+00:00,2026-09,2026-09-14,5,positive,Great hardware,Una linda experiencia cotidiana. Thx,Una linda experiencia cotidiana. Thx,5.70.0,36,5,english,True,True
Whoop,app_store,us,14550499817,2026-09-14 22:17:32+00:00,2026-09,2026-09-14,1,negative,Can’t see suggested workout plan on tracer view,"When the AI created a workout plan and started, I couldn’t see what to do: it just redirects to the default workout tracker. I do wanna make the most of the suggested workout plan, so please please fix this asap","When the AI created a workout plan and started, I couldn't see what to do: it just redirects to the default workout tracker. I do wanna make the most of the suggested workout plan, so please please fix this asap",5.70.0,211,40,english,True,True
Whoop,app_store,us,14549425883,2026-09-14 15:57:55+00:00,2026-09,2026-09-14,1,negative,Absolutely awful - cancelled,"We were supposed to get free upgrades - that’s why we paid monthly. But nope, you need to pay for a whole year for that suddenly.

To add to that, the app sends tons of notifications you can’t disable. I want them on so I can get low battery notifications but then they bombard you with notifications telling you when you go for a walk, workout, etc… yes I know I just walked thank you.

Hope the VC crunch eats you alive","We were supposed to get free upgrades - that's why we paid monthly. But nope, you need to pay for a whole year for that suddenly. To add to that, the app sends tons of notifications you can't disable. I want them on so I can get low battery notifications but then they bombard you with notifications telling you when you go for a walk, workout, etc… yes I know I just walked thank you. Hope the VC crunch eats you alive",5.69.1,419,82,english,True,True
Whoop,app_store,us,14548825588,2026-09-14 12:57:17+00:00,2026-09,2026-09-14,5,positive,"Whoop whoop, that’s the sound of the Police","Whoop is the real deal for anyone looking to get to the next level or get ahead of their competitors. I’m 25 and have competed in marathons, ultras, Tri’s, and an Ironman 70.3. This has allowed me to gain insights on how to improve training and recovery. 10/10","Whoop is the real deal for anyone looking to get to the next level or get ahead of their competitors. I'm 25 and have competed in marathons, ultras, Tri's, and an Ironman 70.3. This has allowed me to gain insights on how to improve training and recovery. 10/10",5.69.1,260,48,english,True,True
Whoop,app_store,us,14541419111,2026-09-12 15:19:12+00:00,2026-09,2026-09-07,4,positive,whoop,i love it but i wish it had a small clock on it and had a way to set more alarms,i love it but i wish it had a small clock on it and had a way to set more alarms,5.69.1,80,21,english,True,True
Whoop,app_store,us,14540666181,2026-09-12 11:41:55+00:00,2026-09,2026-09-07,5,positive,Insightful,The data I received from helped me make better choices to improve my physiology.,The data I received from helped me make better choices to improve my physiology.,5.69.1,80,14,english,True,True
Whoop,app_store,us,14540480582,2026-09-12 10:36:04+00:00,2026-09,2026-09-07,5,positive,The best,The best,The best,5.69.1,8,2,english,True,False
Whoop,app_store,us,14539741250,2026-09-12 05:35:41+00:00,2026-09,2026-09-07,5,positive,The best,The best thing you can buy,The best thing you can buy,5.69.1,26,6,english,True,True
Whoop,app_store,us,14537812702,2026-09-11 17:16:11+00:00,2026-09,2026-09-07,3,neutral,Auto renew he'll,The instructions to stop auto renew are inaccurate. I haven't found a way to cancel,The instructions to stop auto renew are inaccurate. I haven't found a way to cancel,5.69.1,83,15,english,True,True
Whoop,app_store,us,14537454923,2026-09-11 15:27:21+00:00,2026-09,2026-09-07,5,positive,4.9 star,"its all good, but the PRICE is what kick me out!!","its all good, but the PRICE is what kick me out!!",5.69.1,49,11,english,True,True
Whoop,app_store,us,14536497450,2026-09-11 10:36:05+00:00,2026-09,2026-09-07,5,positive,Great product,"I think that this is best fitness tracker out there. Despite what people say. The money you pay for the subscription is worth. I have seen other fitness trackers out there some may come close, but there is always something that Whoop does that I like better that makes me stay.","I think that this is best fitness tracker out there. Despite what people say. The money you pay for the subscription is worth. I have seen other fitness trackers out there some may come close, but there is always something that Whoop does that I like better that makes me stay.",5.69.1,277,51,english,True,True
Whoop,app_store,us,14535272719,2026-09-11 01:35:33+00:00,2026-09,2026-09-07,1,negative,Worst tracker yet.,"This is my 2nd Whoop device and I’ve had nothing but issues from the start. I have the 4.0 and it constantly shows as off-body, no matter where I wear it. The firmware never updates successfully, no matter how hard I try. It never holds a charge. And all I’m ever offered when I talk to customer service is a free extra month or two. It’s gotten so bad that I’ve given up contacting them and now I just use the darn thing as an alarm clock. Useless and expensive for no good reason.","This is my 2nd Whoop device and I've had nothing but issues from the start. I have the 4.0 and it constantly shows as off-body, no matter where I wear it. The firmware never updates successfully, no matter how hard I try. It never holds a charge. And all I'm ever offered when I talk to customer service is a free extra month or two. It's gotten so bad that I've given up contacting them and now I just use the darn thing as an alarm clock. Useless and expensive for no good reason.",5.69.1,482,94,english,True,True
Whoop,app_store,us,14533743959,2026-09-10 16:23:28+00:00,2026-09,2026-09-07,5,positive,Health,Great tool to keep up with your health,Great tool to keep up with your health,5.69.1,38,8,english,True,True
Whoop,app_store,us,14532933529,2026-09-10 12:30:24+00:00,2026-09,2026-09-07,5,positive,Best Lifestyle Tracker,Game changer for managing your life and fitness and health.,Game changer for managing your life and fitness and health.,5.69.1,59,10,english,True,True
Whoop,app_store,us,14532558182,2026-09-10 10:27:40+00:00,2026-09,2026-09-07,5,positive,Helpful Data,Whoop has helped me recover better. I didn’t realize I was over training. I have also been able to dial in my sleep schedule after years of poor sleep. Data guides change and shows the results of the changes,Whoop has helped me recover better. I didn't realize I was over training. I have also been able to dial in my sleep schedule after years of poor sleep. Data guides change and shows the results of the changes,5.69.1,207,39,english,True,True
Whoop,app_store,us,14532079679,2026-09-10 07:00:31+00:00,2026-09,2026-09-07,4,positive,Store,Your,Your,5.69.1,4,1,english,True,False
Whoop,app_store,us,14530315996,2026-09-09 19:11:51+00:00,2026-09,2026-09-07,2,negative,Not reliable,Been wearing since the beginning of this year and time and time again the whoop will advise me of needing more sleep (length),Been wearing since the beginning of this year and time and time again the whoop will advise me of needing more sleep (length),5.69.1,125,23,english,True,True
Whoop,app_store,us,14530132905,2026-09-09 18:11:06+00:00,2026-09,2026-09-07,5,positive,New Gift,"My family purchased my Whoop for Father’s Day this year 26’ and I can honestly say I’ve been wearing it religiously every day/night. It definitely keep me on track and gives me daily, weekly, monthly goals to always keep me on a healthier path. Great product.","My family purchased my Whoop for Father's Day this year 26' and I can honestly say I've been wearing it religiously every day/night. It definitely keep me on track and gives me daily, weekly, monthly goals to always keep me on a healthier path. Great product.",5.69.1,259,46,english,True,True
Whoop,app_store,us,14529226115,2026-09-09 13:40:53+00:00,2026-09,2026-09-07,1,negative,Would give less than 1,Beware of subscription scam. Cool product if you love pissing away money. Customer service sucks.,Beware of subscription scam. Cool product if you love pissing away money. Customer service sucks.,5.69.1,97,15,english,True,True
Whoop,app_store,us,14528799839,2026-09-09 11:32:43+00:00,2026-09,2026-09-07,1,negative,Consistently Inconsistent,I continuously need to remove the app and add it back so it updates & allows me to see my daily results. Annoying for any app but one I pay over $300 for? The product and app are trash,I continuously need to remove the app and add it back so it updates & allows me to see my daily results. Annoying for any app but one I pay over $300 for? The product and app are trash,5.69.1,184,39,english,True,True
Whoop,app_store,us,14528644288,2026-09-09 10:39:02+00:00,2026-09,2026-09-07,5,positive,Review,The whoop is just a great tool to have if your an athlete but even if you just use it to track your sleep! I’d recommend it to anyone!,The whoop is just a great tool to have if your an athlete but even if you just use it to track your sleep! I'd recommend it to anyone!,5.69.1,134,29,english,True,True
Whoop,app_store,us,14528638324,2026-09-09 10:36:45+00:00,2026-09,2026-09-07,5,positive,Life changing,Whoop has changed my life for the better. It holds me accountable while teaching me what to do to have better health. One of the best decisions I ever made almost three years ago.,Whoop has changed my life for the better. It holds me accountable while teaching me what to do to have better health. One of the best decisions I ever made almost three years ago.,5.69.1,179,34,english,True,True
Whoop,app_store,us,14528621274,2026-09-09 10:30:17+00:00,2026-09,2026-09-07,3,neutral,Decent but could use improvement,"This is a good app but really needs direct integrations to Claude and ChatGPT health.  

Also heart rate is definitely not accurate and often is far from being even remotely correct.

Lastly you cannot access the rest of the app while recording an activity",This is a good app but really needs direct integrations to Claude and ChatGPT health. Also heart rate is definitely not accurate and often is far from being even remotely correct. Lastly you cannot access the rest of the app while recording an activity,5.69.1,252,44,english,True,True
Whoop,app_store,us,14524484790,2026-09-08 08:37:46+00:00,2026-09,2026-09-07,5,positive,Excelente,Excelente app,Excelente app,5.68.2,13,2,english,True,False
Whoop,app_store,us,14522441204,2026-09-07 18:36:57+00:00,2026-09,2026-09-07,1,negative,Scam! Make it impossible to cancel.,Scam! Make it impossible to cancel.,Scam! Make it impossible to cancel.,5.68.2,35,6,english,True,True
Whoop,app_store,us,14521987861,2026-09-07 16:19:50+00:00,2026-09,2026-09-07,4,positive,Almost…..,"The devices battery lasts forever, which is really really helpful. It provides a lot of great information. The one thing that it desperately needs is the ability to track and trend blood pressure. Without this, it really is an imperfect device. That said, that’s why I give it four stars instead of five.","The devices battery lasts forever, which is really really helpful. It provides a lot of great information. The one thing that it desperately needs is the ability to track and trend blood pressure. Without this, it really is an imperfect device. That said, that's why I give it four stars instead of five.",5.68.2,304,53,english,True,True
Whoop,app_store,us,14521352093,2026-09-07 13:18:44+00:00,2026-09,2026-09-07,5,positive,Best in category,"I’ve had a few different fitness trackers over the years, and WHOOP is the best, for what it does. If you can afford to pay monthly, it’s really helpful on many fronts.","I've had a few different fitness trackers over the years, and WHOOP is the best, for what it does. If you can afford to pay monthly, it's really helpful on many fronts.",5.68.2,168,32,english,True,True
Whoop,app_store,us,14521116556,2026-09-07 12:02:42+00:00,2026-09,2026-09-07,3,neutral,Great for middle age or younger,"This is a wonderful idea and product. It offers great feedback, however, it is not designed for people over 60. There is a lot of room for improvement in that department. If I were 35 it would be five stars!","This is a wonderful idea and product. It offers great feedback, however, it is not designed for people over 60. There is a lot of room for improvement in that department. If I were 35 it would be five stars!",5.68.2,207,40,english,True,True
Whoop,app_store,us,14519069277,2026-09-06 21:17:04+00:00,2026-09,2026-08-31,3,neutral,Just OK,"I tried whoop for 6months. I found the actual hardware to be uncomfortable on my wrist. I found the sports band that was $50 to work, but it broke within the 6months. I initially like the tracking bout found that at least 20% of the time it was inaccurate - saying I only got 4hrs of sleep, then took a 3hr nap staring at 2am, or would cut off work outs. Then I would have to manually fix things. I ultimately think the app was pretty good, but combined with the cheap hardware I think this is 3 stars.","I tried whoop for 6months. I found the actual hardware to be uncomfortable on my wrist. I found the sports band that was $50 to work, but it broke within the 6months. I initially like the tracking bout found that at least 20% of the time it was inaccurate - saying I only got 4hrs of sleep, then took a 3hr nap staring at 2am, or would cut off work outs. Then I would have to manually fix things. I ultimately think the app was pretty good, but combined with the cheap hardware I think this is 3 stars.",5.68.2,502,99,english,True,True
Whoop,app_store,us,14518140600,2026-09-06 16:10:23+00:00,2026-09,2026-08-31,5,positive,Better Health,Gives me easy access to information I need to help live a healthier lifestyle kid!,Gives me easy access to information I need to help live a healthier lifestyle kid!,5.68.2,82,15,english,True,True
Whoop,app_store,us,14517581952,2026-09-06 13:30:42+00:00,2026-09,2026-08-31,4,positive,Whoop,"I have had my whoop for 4 years now.  I like it better than the Fit Bit.  I do wish it tracked my activities better though.  And when I take a nap, it does not automatically register, I have to manually add it. It used to adjust the time they suggest I go to sleep but the past 6 months now for some reason it is not changing the time after I have a nap 🤷🏼‍♀️","I have had my whoop for 4 years now. I like it better than the Fit Bit. I do wish it tracked my activities better though. And when I take a nap, it does not automatically register, I have to manually add it. It used to adjust the time they suggest I go to sleep but the past 6 months now for some reason it is not changing the time after I have a nap 🤷🏼‍♀️",5.68.2,356,76,english,True,True
Whoop,app_store,us,14517096939,2026-09-06 10:50:16+00:00,2026-09,2026-08-31,5,positive,Life changing,No question. The data and feedback have changed my life. Health never better. I’m 73. Whoops pace of aging data says 70.5!That motivates me.,No question. The data and feedback have changed my life. Health never better. I'm 73. Whoops pace of aging data says 70.5!That motivates me.,5.68.2,140,24,english,True,True
Whoop,app_store,us,14515985475,2026-09-06 03:08:06+00:00,2026-09,2026-08-31,1,negative,Joke of a Product,The AI in whoop absolutely sucks. It will repeatedly ask questions for which you already provided detailed answers. It’s sleep tracker will miss large blocks of sleep time which throws of all recovery stats and which the app/AI use for guidance/coaching. It’s to the point where if I have a basic question google can answer it way better than the whoop AI can. Useless product. Going in the trash.,The AI in whoop absolutely sucks. It will repeatedly ask questions for which you already provided detailed answers. It's sleep tracker will miss large blocks of sleep time which throws of all recovery stats and which the app/AI use for guidance/coaching. It's to the point where if I have a basic question google can answer it way better than the whoop AI can. Useless product. Going in the trash.,5.68.2,397,69,english,True,True
Whoop,app_store,us,14515137454,2026-09-05 21:31:43+00:00,2026-09,2026-08-31,2,negative,Good product - horrible customer service!!!,"I rarely leave negative reviews, but this has been unacceptable.

My WHOOP failed about one week into the free trial in January. I emailed support immediately and repeatedly requested a replacement, but never received a proper resolution. Despite this, I was charged $239, even though I had not approved the payment and my issue had not been resolved.

After months of emails, WHOOP finally confirmed in writing that they would send a complete WHOOP 5.0 replacement and provide the 12 months of Peak membership associated with that charge.

It is now September, more than six months later, and I am still being told they are “investigating.”

I’m not even asking for a refund anymore. I just want WHOOP to honor what they already approved.","I rarely leave negative reviews, but this has been unacceptable. My WHOOP failed about one week into the free trial in January. I emailed support immediately and repeatedly requested a replacement, but never received a proper resolution. Despite this, I was charged $239, even though I had not approved the payment and my issue had not been resolved. After months of emails, WHOOP finally confirmed in writing that they would send a complete WHOOP 5.0 replacement and provide the 12 months of Peak membership associated with that charge. It is now September, more than six months later, and I am still being told they are ""investigating."" I'm not even asking for a refund anymore. I just want WHOOP to honor what they already approved.",5.68.2,735,124,english,True,True
Whoop,app_store,us,14514418986,2026-09-05 17:24:43+00:00,2026-09,2026-08-31,3,neutral,Please provide Chinese language support！,"Please provide Chinese language support! WHOOP has a large user base in China, many of whom have subscribed to the app. However, they do not have access to Chinese‑language support. Please respect users’ rights and offer a language that matches their usage habits. Kindly add Chinese language support as soon as possible. Thank you！","Please provide Chinese language support! WHOOP has a large user base in China, many of whom have subscribed to the app. However, they do not have access to Chinese‑language support. Please respect users' rights and offer a language that matches their usage habits. Kindly add Chinese language support as soon as possible. Thank you！",5.68.2,332,54,english,True,True
Whoop,app_store,us,14514369240,2026-09-05 17:09:40+00:00,2026-09,2026-08-31,2,negative,Way to expensive,I really do enjoy the bracelet but I doubt I will keep it when my year is up.   Way too expensive for a membership.  In all honestly once you buy this thing it should just work.  Lord knows we don’t need another monthly bill.,I really do enjoy the bracelet but I doubt I will keep it when my year is up. Way too expensive for a membership. In all honestly once you buy this thing it should just work. Lord knows we don't need another monthly bill.,5.68.2,221,44,english,True,True
Whoop,app_store,us,14514166550,2026-09-05 16:11:03+00:00,2026-09,2026-08-31,5,positive,Great Insight,"WHOOP has completely changed how I approach fitness and recovery. The sleep tracking, recovery scores, and strain recommendations give me actionable insights every day. It’s easy to wear, the data is detailed, and it’s helped me improve both performance and consistency.","WHOOP has completely changed how I approach fitness and recovery. The sleep tracking, recovery scores, and strain recommendations give me actionable insights every day. It's easy to wear, the data is detailed, and it's helped me improve both performance and consistency.",5.68.2,270,41,english,True,True
Whoop,app_store,us,14513233118,2026-09-05 11:40:29+00:00,2026-09,2026-08-31,3,neutral,Sensing workout initiation nonexistent,Doesn’t sense and pick up my workout unless I manually start an activity. Other products are more sensitive and do this for you. Not very user friendly making me remember to start an activity and then I have to tend to end the activity and if I forget I get these 23 hour workouts. For the price point this feature shouldn’t be so faulty. Unless fixed I won’t be renewing next year.,Doesn't sense and pick up my workout unless I manually start an activity. Other products are more sensitive and do this for you. Not very user friendly making me remember to start an activity and then I have to tend to end the activity and if I forget I get these 23 hour workouts. For the price point this feature shouldn't be so faulty. Unless fixed I won't be renewing next year.,5.68.2,382,72,english,True,True
Whoop,app_store,us,14510766011,2026-09-04 19:27:42+00:00,2026-09,2026-08-31,4,positive,iOS APP display is meh,"Love the features, loves the tracking and historical data mapping. 

Now the bad stuff…. When accessing the iOS app a lot of the text is cut off and you can’t scroll over to see it or flip to landscape mode. Then there’s the constant marketing notifications. Needs work","Love the features, loves the tracking and historical data mapping. Now the bad stuff…. When accessing the iOS app a lot of the text is cut off and you can't scroll over to see it or flip to landscape mode. Then there's the constant marketing notifications. Needs work",5.68.2,267,48,english,True,True
Whoop,app_store,us,14510205521,2026-09-04 16:25:14+00:00,2026-09,2026-08-31,5,positive,Whoop,It’s really good a little pricey but so worth it,It's really good a little pricey but so worth it,5.68.2,48,10,english,True,True
Whoop,app_store,us,14510169827,2026-09-04 16:14:30+00:00,2026-09,2026-08-31,5,positive,Kinsley’s review,i just wish that is tracked naps and the amount of yards i swim.,i just wish that is tracked naps and the amount of yards i swim.,5.68.2,64,14,english,True,True
Whoop,app_store,us,14509794189,2026-09-04 14:27:20+00:00,2026-09,2026-08-31,2,negative,Language Arabia,We request that the company include Arabic among the available languages.,We request that the company include Arabic among the available languages.,5.68.2,73,11,english,True,True
Whoop,app_store,us,14509772320,2026-09-04 14:21:18+00:00,2026-09,2026-08-31,1,negative,Inaccurate AI Slop,"Got this band plus 1 year membership with Chase Sapphire Reserve perk. Not even worth the tax I had to pay on this benefit. The most basic feature, counting steps, is wildly inaccurate. So how can I trust anything else coming from this device. The narrative content provided in app is just AI slop and worthless. Battery life is good and recharging while wearing device is cool. These features allow you to wear band almost 24/7 which is nice but the band starts to stink after wearing in the shower a few times (which defeats purpose of having strong battery and charging features). I canceled after giving this 5 months into a 1 year membership. Much happier with cheaper, more accurate fitness band with no subscription fees.","Got this band plus 1 year membership with Chase Sapphire Reserve perk. Not even worth the tax I had to pay on this benefit. The most basic feature, counting steps, is wildly inaccurate. So how can I trust anything else coming from this device. The narrative content provided in app is just AI slop and worthless. Battery life is good and recharging while wearing device is cool. These features allow you to wear band almost 24/7 which is nice but the band starts to stink after wearing in the shower a few times (which defeats purpose of having strong battery and charging features). I canceled after giving this 5 months into a 1 year membership. Much happier with cheaper, more accurate fitness band with no subscription fees.",5.68.2,728,127,english,True,True
Whoop,app_store,us,14509504779,2026-09-04 13:06:24+00:00,2026-09,2026-08-31,4,positive,1week in,"Still trying to figure it all out however, the screen view is cut off on the sides preventing clear view of data. Changing phone settings screws up my entire phone. Please fix! Thanks!","Still trying to figure it all out however, the screen view is cut off on the sides preventing clear view of data. Changing phone settings screws up my entire phone. Please fix! Thanks!",5.68.2,184,33,english,True,True
Whoop,app_store,us,14509442132,2026-09-04 12:48:15+00:00,2026-09,2026-08-31,1,negative,.,Добавьте русский язык долбени,Добавьте русский язык долбени,5.68.2,29,4,non_english,False,False
Whoop,app_store,us,14509084380,2026-09-04 10:55:19+00:00,2026-09,2026-08-31,1,negative,Expected better,Never consistent!! Depending on where it is worn and what activity you are doing. Picks up false stain and activity. Don’t waste your time or money on this device. Garmin is tried and true !!,Never consistent!! Depending on where it is worn and what activity you are doing. Picks up false stain and activity. Don't waste your time or money on this device. Garmin is tried and true !!,5.68.2,191,35,english,True,True
Whoop,app_store,us,14509062095,2026-09-04 10:47:19+00:00,2026-09,2026-08-31,5,positive,The best,Great to have!,Great to have!,5.68.2,14,3,english,True,False
Whoop,app_store,us,14508533933,2026-09-04 07:06:31+00:00,2026-09,2026-08-31,5,positive,Great product,"My only complaint is the subscription model. Instead of forcing an annual subscription, Whoop should offer a one-time purchase price. A clear, fixed price would make people much more comfortable buying it, instead of being put off by the idea of paying every year forever.","My only complaint is the subscription model. Instead of forcing an annual subscription, Whoop should offer a one-time purchase price. A clear, fixed price would make people much more comfortable buying it, instead of being put off by the idea of paying every year forever.",5.68.2,272,45,english,True,True
Whoop,app_store,us,14508445523,2026-09-04 06:25:45+00:00,2026-09,2026-08-31,5,positive,Amazing,So helpful in learning about my own body and helping me live a better healthier life,So helpful in learning about my own body and helping me live a better healthier life,5.68.2,84,16,english,True,True
Whoop,app_store,us,14507801422,2026-09-04 01:40:49+00:00,2026-09,2026-08-31,1,negative,Scam,Will advertise free but wont let you continue without payment. Scammers should be sued for wrongfully collecting my sensitive information,Will advertise free but wont let you continue without payment. Scammers should be sued for wrongfully collecting my sensitive information,5.68.2,137,20,english,True,True
Whoop,app_store,us,14505542508,2026-09-03 12:45:55+00:00,2026-09,2026-08-31,5,positive,Best stats and life improvement,Luv stats and focus on improving. Their AI is very good,Luv stats and focus on improving. Their AI is very good,5.68.2,55,11,english,True,True
Whoop,app_store,us,14505238659,2026-09-03 11:08:59+00:00,2026-09,2026-08-31,1,negative,New algorithm new WHOOP,"I was told that Whoop changed their algorithm to help track heart rate better, but since it's done that, it's done a horrible job of tracking my real heart rate. 

I compare it against my Apple Watch, which is usually bad, but now I lean on it much more than my Whoop. I can be having a high-intensity interval training session, heart rate skyrocketing, and it doesn't even show me past zone 1. It's pretty ridiculous. 

I'm not renewing. This algorithm change messed things up.","I was told that Whoop changed their algorithm to help track heart rate better, but since it's done that, it's done a horrible job of tracking my real heart rate. I compare it against my Apple Watch, which is usually bad, but now I lean on it much more than my Whoop. I can be having a high-intensity interval training session, heart rate skyrocketing, and it doesn't even show me past zone 1. It's pretty ridiculous. I'm not renewing. This algorithm change messed things up.",5.68.2,474,85,english,True,True
Whoop,app_store,us,14505214382,2026-09-03 11:00:27+00:00,2026-09,2026-08-31,2,negative,Too much AI,"While the data is great, the AI “coach” nags too much. It can be annoying and sometimes frustrating.

All I need is the metrics.  I wish I could turn it off.","While the data is great, the AI ""coach"" nags too much. It can be annoying and sometimes frustrating. All I need is the metrics. I wish I could turn it off.",5.68.2,155,31,english,True,True
Whoop,app_store,us,14504693976,2026-09-03 07:18:57+00:00,2026-09,2026-08-31,1,negative,اللغات الموجوده بالتطبيق,حطو اللغه العربيه مو معقول كل اللغات موجوده الا العربيه !!,حطو اللغه العربيه مو معقول كل اللغات موجوده الا العربيه !!,5.68.2,58,11,non_english,False,False
Whoop,app_store,us,14504270339,2026-09-03 03:59:21+00:00,2026-09,2026-08-31,5,positive,greatest purchase for health ever,great.,great.,5.68.2,6,1,english,True,False
Whoop,app_store,us,14501549600,2026-09-02 12:13:37+00:00,2026-09,2026-08-31,2,negative,Only getting worse,"I’ve been a Whoop “member” since 2017. It’s been a struggle to watch this company fall into the same traps of most tech companies. The strap’s performance is terrible. I’ve had to adjust my sleep almost every day for 3+ years and this occurred with the 3.0, 4.0, amd now the 5.0. To make matters worse, you have to go through horrendous AI to try and get answers that inevitably doesn’t work. When/if you get a human involved, they will tell you some basic advice that doesn’t consider your particular situation and won’t be helpful.","I've been a Whoop ""member"" since 2017. It's been a struggle to watch this company fall into the same traps of most tech companies. The strap's performance is terrible. I've had to adjust my sleep almost every day for 3+ years and this occurred with the 3.0, 4.0, amd now the 5.0. To make matters worse, you have to go through horrendous AI to try and get answers that inevitably doesn't work. When/if you get a human involved, they will tell you some basic advice that doesn't consider your particular situation and won't be helpful.",5.68.2,533,95,english,True,True
Whoop,app_store,us,14501414205,2026-09-02 11:31:09+00:00,2026-09,2026-08-31,5,positive,Helped with sleep,Whoop has helped me figure out my sleep so that I am more aware of how my daily habits directly affect my sleep!,Whoop has helped me figure out my sleep so that I am more aware of how my daily habits directly affect my sleep!,5.68.2,112,23,english,True,True
Whoop,app_store,us,14501404446,2026-09-02 11:27:57+00:00,2026-09,2026-08-31,5,positive,My best self,"I’ve been using WHOOP since 2016, and it’s been nothing but phenomenal. It’s become one of the tools I rely on most to understand my body, fitness, and recovery. Tracking things like HRV, resting heart rate, sleep, daily strain, and recovery helps me know when I can push harder and when I need to dial things back.

I also love being able to see how sleep, training, stress, and everyday habits impact my recovery over time. After nearly 10 years, WHOOP is much more than a fitness tracker for me. It helps me make smarter decisions about my health and performance every day.

I recommend WHOOP to anyone who is serious about their fitness, recovery, and getting the most out of their training.","I've been using WHOOP since 2016, and it's been nothing but phenomenal. It's become one of the tools I rely on most to understand my body, fitness, and recovery. Tracking things like HRV, resting heart rate, sleep, daily strain, and recovery helps me know when I can push harder and when I need to dial things back. I also love being able to see how sleep, training, stress, and everyday habits impact my recovery over time. After nearly 10 years, WHOOP is much more than a fitness tracker for me. It helps me make smarter decisions about my health and performance every day. I recommend WHOOP to anyone who is serious about their fitness, recovery, and getting the most out of their training.",5.68.2,693,123,english,True,True
Whoop,app_store,us,14501360052,2026-09-02 11:13:13+00:00,2026-09,2026-08-31,5,positive,Change Your Life,I had terrible habits and was overweight. Whoop helped me solve those problems but giving my insights into the bad habits and teaching me how to fix them.,I had terrible habits and was overweight. Whoop helped me solve those problems but giving my insights into the bad habits and teaching me how to fix them.,5.68.2,154,28,english,True,True
Whoop,app_store,us,14500034304,2026-09-02 01:46:41+00:00,2026-09,2026-08-31,1,negative,Occasionally stops working automatically,The WHOOP band occasionally stops working automatically while sleeping at night.,The WHOOP band occasionally stops working automatically while sleeping at night.,5.68.1,80,11,english,True,True
Whoop,app_store,us,14499681422,2026-09-01 23:30:44+00:00,2026-09,2026-08-31,1,negative,Poor sleep detection,"I bought a WHOOP because I wanted good sleep detection, but they’ve updated the algorithm a couple of times and completely messed up the sleep detection at this point. The rest of the functions are no different than what you get on a much cheaper Fitbit or any other tracker. I would strongly recommend against buying WHOOP. Likewise, the support has been terrible.","I bought a WHOOP because I wanted good sleep detection, but they've updated the algorithm a couple of times and completely messed up the sleep detection at this point. The rest of the functions are no different than what you get on a much cheaper Fitbit or any other tracker. I would strongly recommend against buying WHOOP. Likewise, the support has been terrible.",5.68.1,365,63,english,True,True
Whoop,app_store,us,14497552463,2026-09-01 11:58:22+00:00,2026-09,2026-08-31,5,positive,Whoop,"Loving my Whoop!!  Keeps track of my steps, analyzes my sleep & training. It’s helpful with designing workouts on demand. It’s gotten to know my movements so if I forget to start an activity, it will automatically know I’ve started & will process the data anyway.","Loving my Whoop!! Keeps track of my steps, analyzes my sleep & training. It's helpful with designing workouts on demand. It's gotten to know my movements so if I forget to start an activity, it will automatically know I've started & will process the data anyway.",5.67.0,262,46,english,True,True
Whoop,app_store,us,14496116455,2026-09-01 02:10:24+00:00,2026-09,2026-08-31,5,positive,Whoop,Whoop is awesome !,Whoop is awesome !,5.67.0,18,4,english,True,False
Whoop,app_store,us,14496018447,2026-09-01 01:32:32+00:00,2026-09,2026-08-31,5,positive,My review,The best out there hands down,The best out there hands down,5.67.0,29,6,english,True,True
Whoop,app_store,us,14495834756,2026-09-01 00:21:35+00:00,2026-09,2026-08-31,5,positive,Good,Love it sooo much,Love it sooo much,5.67.0,17,4,english,True,False
Whoop,app_store,us,14493545320,2026-08-31 11:45:37+00:00,2026-08,2026-08-31,2,negative,"Great product, terrible customer service","As title says, great product and I love it besides the lack of gps. The customer service is terrible. When I had a 4.0, there was a time where it wouldn’t connect to my phone for a few days so I contacted support and they just said to wait and let it run out of battery and try again. So I waited over 2 weeks for this thing to run out and thankfully it connected again. Now with my 5.0, I was at the beach and it fell off while swimming in flat water. I eventually found it with goggles but the clasp was gone (broke off) so I contacted support and they said it’s not covered by warranty so order a new one. Just used $50 to replace with the cheapest band I could. What’s the point of a warranty if it doesn’t cover the band breaking.","As title says, great product and I love it besides the lack of gps. The customer service is terrible. When I had a 4.0, there was a time where it wouldn't connect to my phone for a few days so I contacted support and they just said to wait and let it run out of battery and try again. So I waited over 2 weeks for this thing to run out and thankfully it connected again. Now with my 5.0, I was at the beach and it fell off while swimming in flat water. I eventually found it with goggles but the clasp was gone (broke off) so I contacted support and they said it's not covered by warranty so order a new one. Just used $50 to replace with the cheapest band I could. What's the point of a warranty if it doesn't cover the band breaking.",5.67.0,735,148,english,True,True
Whoop,app_store,us,14492262543,2026-08-31 02:47:08+00:00,2026-08,2026-08-31,2,negative,Good,Good but I hope more,Good but I hope more,5.67.0,20,5,english,True,True
Whoop,app_store,us,14491552808,2026-08-30 22:03:36+00:00,2026-08,2026-08-24,1,negative,App keeps crashing,"It’s been 3 days and the app won’t let me login. Tried changing password, reinstalling app, nothing works. Customer service is not very helpful nor can they fix the problem. Extremely frustrating.","It's been 3 days and the app won't let me login. Tried changing password, reinstalling app, nothing works. Customer service is not very helpful nor can they fix the problem. Extremely frustrating.",5.67.0,196,32,english,True,True
Whoop,app_store,us,14489517148,2026-08-30 11:19:49+00:00,2026-08,2026-08-24,5,positive,I’m so happy,"I’ve been using WHOOP for a while now, and it has completely changed the way I understand my body and approach my daily routine. I love being able to see how my sleep, recovery, stress, and training all connect.

What I appreciate most is that it’s not just about tracking workouts—it helps me make smarter decisions about when to push harder and when my body needs more recovery. The insights have made me much more intentional with my habits, sleep, and overall performance.

If you’re someone who is serious about improving your fitness, recovery, and overall lifestyle, WHOOP is absolutely worth it. It has become part of my everyday routine, and I genuinely love having real data to help me understand my progress.

Highly recommend! ⭐️⭐️⭐️⭐️⭐️","I've been using WHOOP for a while now, and it has completely changed the way I understand my body and approach my daily routine. I love being able to see how my sleep, recovery, stress, and training all connect. What I appreciate most is that it's not just about tracking workouts—it helps me make smarter decisions about when to push harder and when my body needs more recovery. The insights have made me much more intentional with my habits, sleep, and overall performance. If you're someone who is serious about improving your fitness, recovery, and overall lifestyle, WHOOP is absolutely worth it. It has become part of my everyday routine, and I genuinely love having real data to help me understand my progress. Highly recommend! ⭐️⭐️⭐️⭐️⭐️",5.67.0,746,126,english,True,True
Whoop,app_store,us,14489329533,2026-08-30 10:07:14+00:00,2026-08,2026-08-24,1,negative,AYUDANTE,Excelente,Excelente,5.67.0,9,1,english,True,False
Whoop,app_store,us,14488905581,2026-08-30 07:11:11+00:00,2026-08,2026-08-24,5,positive,Complain,Always disconnect when phone is flight mood off,Always disconnect when phone is flight mood off,5.67.0,47,8,english,True,True
Whoop,app_store,us,14486984887,2026-08-29 18:22:20+00:00,2026-08,2026-08-24,5,positive,Amazing!,Love the features and the daily insight the app gives!,Love the features and the daily insight the app gives!,5.67.0,54,10,english,True,True
Whoop,app_store,us,14486435203,2026-08-29 15:34:58+00:00,2026-08,2026-08-24,5,positive,Love it,"Whoop was recommended to me by a friend, I did the trial & it’s been a wrap ever since. There are so many benefits wrapped into one band, the long lasting battery is great, the insights and tracking, and the AI feature does a wonderful job giving recommendations and adjustments","Whoop was recommended to me by a friend, I did the trial & it's been a wrap ever since. There are so many benefits wrapped into one band, the long lasting battery is great, the insights and tracking, and the AI feature does a wonderful job giving recommendations and adjustments",5.67.0,278,50,english,True,True
Whoop,app_store,us,14486227049,2026-08-29 14:36:24+00:00,2026-08,2026-08-24,5,positive,Behavior changer,The ability to track and communicate physical and behavior impacts is very powerful and lets you be in charge of your life changes. Very easy to use and effective.,The ability to track and communicate physical and behavior impacts is very powerful and lets you be in charge of your life changes. Very easy to use and effective.,5.67.0,163,29,english,True,True
Whoop,app_store,us,14486128611,2026-08-29 14:08:51+00:00,2026-08,2026-08-24,5,positive,"After five years, I still use Whoop Daily to optimize my health","The Whoop health span feature is an awesome motivator to take care if my body and track essential metrics for physical health. I sleep, eat, and exercise better as a result, with realtime impact.","The Whoop health span feature is an awesome motivator to take care if my body and track essential metrics for physical health. I sleep, eat, and exercise better as a result, with realtime impact.",5.67.0,195,34,english,True,True
Whoop,app_store,us,14485637035,2026-08-29 11:38:07+00:00,2026-08,2026-08-24,1,negative,Workout data loss,"I’ve lost 2 sets of workout data in the last 3 weeks. It was certainly taking the data in and measuring while I was working out. And even registered strain. Whoop people can’t figure it out.  I’ve had one for over a year now, so I’m not new to it.  The whole point of this thing is to measure your workouts and it’s stopped being consistent. Caveat emptor","I've lost 2 sets of workout data in the last 3 weeks. It was certainly taking the data in and measuring while I was working out. And even registered strain. Whoop people can't figure it out. I've had one for over a year now, so I'm not new to it. The whole point of this thing is to measure your workouts and it's stopped being consistent. Caveat emptor",5.67.0,353,68,english,True,True
Whoop,app_store,us,14481857924,2026-08-28 12:23:06+00:00,2026-08,2026-08-24,5,positive,Review,Great app,Great app,5.67.0,9,2,english,True,False
Whoop,app_store,us,14478018666,2026-08-27 12:40:03+00:00,2026-08,2026-08-24,5,positive,The feedback is unreal,Having the health insights provided by the band are pushing me to live healthier and more conscientiously,Having the health insights provided by the band are pushing me to live healthier and more conscientiously,5.67.0,105,17,english,True,True
Whoop,app_store,us,14477713597,2026-08-27 11:00:54+00:00,2026-08,2026-08-24,5,positive,Decision Making Tool,I love my whoop.  I consistently use the data to drive decisions and help shape life style choices that affect my health.,I love my whoop. I consistently use the data to drive decisions and help shape life style choices that affect my health.,5.67.0,120,22,english,True,True
Whoop,app_store,us,14474670111,2026-08-26 15:23:57+00:00,2026-08,2026-08-24,5,positive,Changed how I Behave,"I definitely have enjoyed my first 1000 days on my whoop.  I let it drive my behavior and use it as a game to drive improvement. My VO2 max has climbed 4 points, my weight has dropped 10 lbs, (while I’ve built a lot of muscle) my age is dropping (trying to get back to my 40s), I drink SO much less because it has more of an impact than I knew! I work out at Resilience CrossFit doing RUSH and combined with my whoop, I’m feeling great, getting stronger, and taking better care of my healthspan!","I definitely have enjoyed my first 1000 days on my whoop. I let it drive my behavior and use it as a game to drive improvement. My VO2 max has climbed 4 points, my weight has dropped 10 lbs, (while I've built a lot of muscle) my age is dropping (trying to get back to my 40s), I drink SO much less because it has more of an impact than I knew! I work out at Resilience CrossFit doing RUSH and combined with my whoop, I'm feeling great, getting stronger, and taking better care of my healthspan!",5.67.0,494,97,english,True,True
Whoop,app_store,us,14473705802,2026-08-26 10:23:22+00:00,2026-08,2026-08-24,5,positive,Health (and life) improver,Whoop has been a worthwhile addition to my journey.,Whoop has been a worthwhile addition to my journey.,5.67.0,51,9,english,True,True
Whoop,app_store,us,14473197727,2026-08-26 06:51:59+00:00,2026-08,2026-08-24,1,negative,Everything was great until it wasn’t,"I was very satisfied except for the very frequent crashes when you try to move exercises around on a workout plan. After about 4 months, my whoop band stopped working after a short swim (it’s supposed to be waterproof). I asked for help and got AI help, when I told the AI agent what I had attempted to do, followed the new recommendations only to get another AI email giving more recommendations that clearly do not address the fact that its stopped working after going into the water.","I was very satisfied except for the very frequent crashes when you try to move exercises around on a workout plan. After about 4 months, my whoop band stopped working after a short swim (it's supposed to be waterproof). I asked for help and got AI help, when I told the AI agent what I had attempted to do, followed the new recommendations only to get another AI email giving more recommendations that clearly do not address the fact that its stopped working after going into the water.",5.67.0,486,88,english,True,True
Whoop,app_store,us,14471561674,2026-08-25 19:46:38+00:00,2026-08,2026-08-24,3,neutral,The calendar is not responsive on iPhone 16,The calendar view is not responsive on mainstream models,The calendar view is not responsive on mainstream models,5.67.0,56,9,english,True,True
Whoop,app_store,us,14471190075,2026-08-25 17:39:00+00:00,2026-08,2026-08-24,4,positive,Good,"It’s great does a good job, but I wish the AI was a little more aware on my workouts and plans we discussed and executed together. Kind of just does its own unless I remind it. Other than that it’s good","It's great does a good job, but I wish the AI was a little more aware on my workouts and plans we discussed and executed together. Kind of just does its own unless I remind it. Other than that it's good",5.67.0,202,41,english,True,True
Whoop,app_store,us,14467883522,2026-08-24 21:15:24+00:00,2026-08,2026-08-24,5,positive,Best wearable,The app is clean and very easy to use. There are endless options to change the interface to your liking.,The app is clean and very easy to use. There are endless options to change the interface to your liking.,5.66.0,104,20,english,True,True
Whoop,app_store,us,14467695272,2026-08-24 20:06:06+00:00,2026-08,2026-08-24,1,negative,Customer service,"Very disappointing customer service experience with WHOOP. I purchased a subscription as a gift for my girlfriend, and she only used it for one year. When I tried to cancel the subscription, I contacted customer service on two different occasions, but they were not able to help me.

Both times, I was simply referred to send an email instead of having the issue resolved directly. I expected much better customer service, especially when trying to cancel a subscription.

I would not recommend this company based on my experience with their customer service.","Very disappointing customer service experience with WHOOP. I purchased a subscription as a gift for my girlfriend, and she only used it for one year. When I tried to cancel the subscription, I contacted customer service on two different occasions, but they were not able to help me. Both times, I was simply referred to send an email instead of having the issue resolved directly. I expected much better customer service, especially when trying to cancel a subscription. I would not recommend this company based on my experience with their customer service.",5.66.0,557,92,english,True,True
Whoop,app_store,us,14467576450,2026-08-24 19:23:43+00:00,2026-08,2026-08-24,5,positive,Love this app,Motivation to workout and keep up with fitness better than any other system!,Motivation to workout and keep up with fitness better than any other system!,5.66.0,76,13,english,True,True
Whoop,app_store,us,14467140480,2026-08-24 16:58:31+00:00,2026-08,2026-08-24,1,negative,0 stars,Update: you can’t delete your payment information and you can’t delete your account. So now I have payment information out there that I can’t delete. Shady AF! Do not buy!!!,Update: you can't delete your payment information and you can't delete your account. So now I have payment information out there that I can't delete. Shady AF! Do not buy!!!,5.66.0,173,30,english,True,True
Whoop,app_store,us,14466799494,2026-08-24 15:14:11+00:00,2026-08,2026-08-24,1,negative,Pseudo Science,"Bought this hoping to gain some insights on my sleep habits. Nothing useful has come from it. It’s basically like my iPhone bedtime reminder and alarm, but for $400 a year. Not renewing my membership, especially after they wouldn’t honor the 30 day return policy.","Bought this hoping to gain some insights on my sleep habits. Nothing useful has come from it. It's basically like my iPhone bedtime reminder and alarm, but for $400 a year. Not renewing my membership, especially after they wouldn't honor the 30 day return policy.",5.66.0,263,45,english,True,True
Whoop,app_store,us,14464977000,2026-08-24 03:39:55+00:00,2026-08,2026-08-24,1,negative,Journal entry issues,Journal entry feature continues to pop up for the same day,Journal entry feature continues to pop up for the same day,5.66.0,58,11,english,True,True
Whoop,app_store,us,14464669627,2026-08-24 01:35:15+00:00,2026-08,2026-08-24,4,positive,Idea is great,Great idea i hope it can be automated. Have to manually input activities.,Great idea i hope it can be automated. Have to manually input activities.,5.66.0,73,13,english,True,True
Whoop,app_store,us,14464335151,2026-08-23 23:19:29+00:00,2026-08,2026-08-17,5,positive,Perfect band,Great band for precisely tracking your activity.,Great band for precisely tracking your activity.,5.66.0,48,7,english,True,True
Whoop,app_store,us,14464046773,2026-08-23 21:22:43+00:00,2026-08,2026-08-17,5,positive,Whoop There It Is,My wife and kids bought me a whoop for Father’s Day last year and I love it!  I am thoroughly tracking my fitness journey.,My wife and kids bought me a whoop for Father's Day last year and I love it! I am thoroughly tracking my fitness journey.,5.66.0,121,24,english,True,True
Whoop,app_store,us,14458161635,2026-08-22 10:17:20+00:00,2026-08,2026-08-17,5,positive,Good app but can do more on app,Should have function to represent all actions selected at once,Should have function to represent all actions selected at once,5.66.0,62,10,english,True,True
Whoop,app_store,us,14456832985,2026-08-22 00:57:13+00:00,2026-08,2026-08-17,5,positive,Alex,One of the best fitness apps I’ve had to work with,One of the best fitness apps I've had to work with,5.66.0,50,11,english,True,True
Whoop,app_store,us,14456830257,2026-08-22 00:56:07+00:00,2026-08,2026-08-17,5,positive,Like,Good app,Good app,5.66.0,8,2,english,True,False
Whoop,app_store,us,14454449879,2026-08-21 11:32:11+00:00,2026-08,2026-08-17,5,positive,Love it,"I’m really impressed with WHOOP Live. It’s surprisingly accurate, especially considering how little input it requires from me. It seems to understand my activity, recovery, and how I’m feeling with minimal effort on my part. The insights feel relevant and personalized without requiring constant logging. Definitely a feature I’ve been enjoying!","I'm really impressed with WHOOP Live. It's surprisingly accurate, especially considering how little input it requires from me. It seems to understand my activity, recovery, and how I'm feeling with minimal effort on my part. The insights feel relevant and personalized without requiring constant logging. Definitely a feature I've been enjoying!",5.66.0,345,51,english,True,True
Whoop,app_store,us,14454114346,2026-08-21 09:27:58+00:00,2026-08,2026-08-17,5,positive,Amazing product,"In short, very satisfied. Can’t ask for more.","In short, very satisfied. Can't ask for more.",5.66.0,45,8,english,True,True
Whoop,app_store,us,14453076888,2026-08-21 02:12:19+00:00,2026-08,2026-08-17,5,positive,whoop whoop,good band ♡ it,good band ♡ it,5.66.0,14,4,english,True,False
Whoop,app_store,us,14452213935,2026-08-20 20:36:37+00:00,2026-08,2026-08-17,1,negative,Trash,"This app is trash. Purchased the Life membership. Signed into the app. It didn’t recognize my membership. Wouldn’t connect to Bluetooth. Literal trash. If I could give it no stars, I would. You know what was easy though? Giving them my CC info. They have that squared away. Zero stars. Refund requested.","This app is trash. Purchased the Life membership. Signed into the app. It didn't recognize my membership. Wouldn't connect to Bluetooth. Literal trash. If I could give it no stars, I would. You know what was easy though? Giving them my CC info. They have that squared away. Zero stars. Refund requested.",5.66.0,303,52,english,True,True
Whoop,app_store,us,14450679026,2026-08-20 12:40:37+00:00,2026-08,2026-08-17,5,positive,Love my whoop,"I used to run my self to the ground, now I can train smarter","I used to run my self to the ground, now I can train smarter",5.66.0,60,14,english,True,True
Whoop,app_store,us,14450516919,2026-08-20 11:50:29+00:00,2026-08,2026-08-17,2,negative,Not the best. Not the worst.,"I think the only thing that really stands out with this tracker is the aging/health span info. There are lots of other devices with screens that could give you some of the same information. Granted, this one is less distracting, and the accuracy is probably better. The AI generated daily outlooks have been incredibly inaccurate lately. I will probably use the device for the remainder of the year and break away before I have to re-up my subscription.","I think the only thing that really stands out with this tracker is the aging/health span info. There are lots of other devices with screens that could give you some of the same information. Granted, this one is less distracting, and the accuracy is probably better. The AI generated daily outlooks have been incredibly inaccurate lately. I will probably use the device for the remainder of the year and break away before I have to re-up my subscription.",5.66.0,453,78,english,True,True
Whoop,app_store,us,14449428710,2026-08-20 04:33:08+00:00,2026-08,2026-08-17,1,negative,Terrible - such a scam,"This app used to detect activities, naps, and helped me track my period after years of tracking it on other apps. Now none of those things happen, weight and periods are not recorded same with activities and naps. The metrics aren’t even correct. Don’t waste you’re money it’s all marketing and a scam","This app used to detect activities, naps, and helped me track my period after years of tracking it on other apps. Now none of those things happen, weight and periods are not recorded same with activities and naps. The metrics aren't even correct. Don't waste you're money it's all marketing and a scam",5.66.0,301,53,english,True,True
Whoop,app_store,us,14448826543,2026-08-20 00:36:55+00:00,2026-08,2026-08-17,5,positive,Great,Five out of five,Five out of five,5.66.0,16,4,english,True,False
Whoop,app_store,us,14447500110,2026-08-19 16:42:26+00:00,2026-08,2026-08-17,5,positive,My health,Ever since I got whoop around Christmas it’s helped me so much prevent sickness that was messing up my season and I respect it highkey,Ever since I got whoop around Christmas it's helped me so much prevent sickness that was messing up my season and I respect it highkey,5.66.0,134,25,english,True,True
Whoop,app_store,us,14447297787,2026-08-19 15:42:05+00:00,2026-08,2026-08-17,1,negative,App crashing in deep dives,"Overall a great App for tracking vitals and for deep dive. However, the App needs a lot of work in a few deep dives. Whenever i open the deepdive on Sleep, my App crashes. I need to close the App and open again. Almost no incentive to open deep dives on the App, which defeats the purpose of all the tracking. Product team needs to take a closer look at this and fix it","Overall a great App for tracking vitals and for deep dive. However, the App needs a lot of work in a few deep dives. Whenever i open the deepdive on Sleep, my App crashes. I need to close the App and open again. Almost no incentive to open deep dives on the App, which defeats the purpose of all the tracking. Product team needs to take a closer look at this and fix it",5.65.1,369,74,english,True,True
Whoop,app_store,us,14446998478,2026-08-19 14:17:08+00:00,2026-08,2026-08-17,5,positive,Great service,Really enjoying my whoop and all the services offered. Worth the price,Really enjoying my whoop and all the services offered. Worth the price,5.65.1,70,12,english,True,True
Whoop,app_store,us,14446049973,2026-08-19 09:03:13+00:00,2026-08,2026-08-17,5,positive,Early adopter,I’ve been using WHOOP since it originally came out. I’ve always loved it and every year it just keeps getting better and better. I see this as a must have as we get older. There’s so many health insights that it has now. It’s thefirst thing I look at every morning when I wake up.,I've been using WHOOP since it originally came out. I've always loved it and every year it just keeps getting better and better. I see this as a must have as we get older. There's so many health insights that it has now. It's thefirst thing I look at every morning when I wake up.,5.65.1,280,55,english,True,True
Whoop,app_store,us,14445364474,2026-08-19 04:09:12+00:00,2026-08,2026-08-17,5,positive,I Only Wish WHOOP Had Existed 10 Years Ago,"Since I started using WHOOP, there is one thought I keep coming back to: I wish this had existed 10 years ago.

If I had had this level of insight into my body in my thirties, I am convinced I would have made very different lifestyle choices.

WHOOP has given me something incredibly valuable: awareness.

I have become much more conscious of how much sleep my body actually needs, how much exercise is right for me, how stress affects me, when my body is under pressure even if I don’t necessarily realize it, and what I can do to manage all of this better.

But perhaps one of the biggest surprises has been seeing the impact of my everyday food and lifestyle choices on my recovery.

Things that can seem insignificant like a glass of Prosecco, some fried food, a late or heavy meal, suddenly aren’t so insignificant when you can actually see how your body responds the following day.

WHOOP makes the invisible visible.

And that has changed the way I think about my health. It has made me much more mindful of those small daily decisions that we often underestimate, but that, over time, can have a significant impact on how we feel and perform.

For me, WHOOP isn’t simply a device that tracks data. It has become a tool that helps me understand my body and make better decisions for myself every single day.

I genuinely cannot thank WHOOP enough for existing. I only wish I could go back and give one to my 30-year-old self!

I wish the company and the people behind it every possible success, because I truly believe WHOOP is one of those innovations that can positively change people’s lives.

Absolutely invaluable to me.","Since I started using WHOOP, there is one thought I keep coming back to: I wish this had existed 10 years ago. If I had had this level of insight into my body in my thirties, I am convinced I would have made very different lifestyle choices. WHOOP has given me something incredibly valuable: awareness. I have become much more conscious of how much sleep my body actually needs, how much exercise is right for me, how stress affects me, when my body is under pressure even if I don't necessarily realize it, and what I can do to manage all of this better. But perhaps one of the biggest surprises has been seeing the impact of my everyday food and lifestyle choices on my recovery. Things that can seem insignificant like a glass of Prosecco, some fried food, a late or heavy meal, suddenly aren't so insignificant when you can actually see how your body responds the following day. WHOOP makes the invisible visible. And that has changed the way I think about my health. It has made me much more mindful of those small daily decisions that we often underestimate, but that, over time, can have a significant impact on how we feel and perform. For me, WHOOP isn't simply a device that tracks data. It has become a tool that helps me understand my body and make better decisions for myself every single day. I genuinely cannot thank WHOOP enough for existing. I only wish I could go back and give one to my 30-year-old self! I wish the company and the people behind it every possible success, because I truly believe WHOOP is one of those innovations that can positively change people's lives. Absolutely invaluable to me.",5.65.1,1621,291,english,True,True
Whoop,app_store,us,14443971202,2026-08-18 19:17:16+00:00,2026-08,2026-08-17,1,negative,Bad,Terrible,Terrible,5.65.1,8,1,english,True,False
Whoop,app_store,us,14442900365,2026-08-18 13:52:07+00:00,2026-08,2026-08-17,4,positive,Decent,"Needs better privacy guarantees, needs better HR tracking and estimates for short intense interval workouts. Needs ability to switch between two or more active strength training activities. Otherwise good sleep gauging app.","Needs better privacy guarantees, needs better HR tracking and estimates for short intense interval workouts. Needs ability to switch between two or more active strength training activities. Otherwise good sleep gauging app.",5.65.1,223,32,english,True,True
Whoop,app_store,us,14442750449,2026-08-18 13:09:17+00:00,2026-08,2026-08-17,5,positive,Without membership,Without membership just like garmin is better,Without membership just like garmin is better,5.65.1,45,7,english,True,True
Whoop,app_store,us,14442499498,2026-08-18 11:52:00+00:00,2026-08,2026-08-17,1,negative,And we’re done,"I loved it until I started to realize the data is inaccurate and misleading.  You get what it’s trying to teach you and after a while it can cause you to second guess yourself. I wanted a low tech “watch”that didn’t show notifications on my wrist. Which is this buuut the app bombards you with notifications and requested inputs. So it’s not really a low interaction device. 

I would have happily not reviewed this but the canceling process of your membership is predatory and motivated me to write this. 

There are better cheaper competitors.","I loved it until I started to realize the data is inaccurate and misleading. You get what it's trying to teach you and after a while it can cause you to second guess yourself. I wanted a low tech ""watch""that didn't show notifications on my wrist. Which is this buuut the app bombards you with notifications and requested inputs. So it's not really a low interaction device. I would have happily not reviewed this but the canceling process of your membership is predatory and motivated me to write this. There are better cheaper competitors.",5.65.1,540,94,english,True,True
Whoop,app_store,us,14442459453,2026-08-18 11:38:51+00:00,2026-08,2026-08-17,5,positive,La Salud en tu muñeca !!!,"Es increíble: jamás ha existido una herramienta creada por el ser humano con tanta capacidad para enseñarte, orientarte y ayudarte a vivir mejor.","Es increíble: jamás ha existido una herramienta creada por el ser humano con tanta capacidad para enseñarte, orientarte y ayudarte a vivir mejor.",5.65.1,145,23,english,True,True
Whoop,app_store,us,14442444743,2026-08-18 11:33:59+00:00,2026-08,2026-08-17,5,positive,3rd year with whoop. Big fan,"Love this app and device. I have the base level newest model. It’s awesome for tracking my fitness, sleep, and recovery. I primarily use the strength trainer with the AI coach and my results are awesome.","Love this app and device. I have the base level newest model. It's awesome for tracking my fitness, sleep, and recovery. I primarily use the strength trainer with the AI coach and my results are awesome.",5.65.1,203,36,english,True,True
Whoop,app_store,us,14441034641,2026-08-18 02:00:54+00:00,2026-08,2026-08-17,1,negative,Mislabels Activities,It used to label activities correctly after detecting them. Now it doesn’t. Support staff doesn’t seem to care after going back and fourth in the issue.,It used to label activities correctly after detecting them. Now it doesn't. Support staff doesn't seem to care after going back and fourth in the issue.,5.65.1,152,26,english,True,True
Whoop,app_store,us,14440734521,2026-08-18 00:07:58+00:00,2026-08,2026-08-17,1,negative,"Great Concept, Terrible App Performance","I fought tooth and nail to get a replacement sensor. I uninstalled the app as instructed and reinstalled and now it’s working worse than before. Won’t save logged activities. My device has worked great, it’s THEIR APP and THEIR customer service, just ask to escalate up til you find someone who won’t put the accountability on you.","I fought tooth and nail to get a replacement sensor. I uninstalled the app as instructed and reinstalled and now it's working worse than before. Won't save logged activities. My device has worked great, it's THEIR APP and THEIR customer service, just ask to escalate up til you find someone who won't put the accountability on you.",5.65.1,331,57,english,True,True
Whoop,app_store,us,14440002686,2026-08-17 19:34:55+00:00,2026-08,2026-08-17,1,negative,Whoop support suck (email and phone),"Whoop support sucks. I keep experiencing the same issues over and over again. The app’s backend records everything correctly, but the data often doesn’t appear in the app until a day later.

I’ve had Whoop for about seven months, and I’ve consistently experienced syncing issues. Unfortunately, the support experience has been just as frustrating. The support team often seems either unwilling to properly troubleshoot the issue or lacking sufficient product knowledge, and the same can be said about phone support.

For someone whose schedule frequently changes, Whoop also seems unable to adapt properly. In comparison, my Apple Watch paired with Bevel handles changing schedules and data much better and provides a far more reliable experience.","Whoop support sucks. I keep experiencing the same issues over and over again. The app's backend records everything correctly, but the data often doesn't appear in the app until a day later. I've had Whoop for about seven months, and I've consistently experienced syncing issues. Unfortunately, the support experience has been just as frustrating. The support team often seems either unwilling to properly troubleshoot the issue or lacking sufficient product knowledge, and the same can be said about phone support. For someone whose schedule frequently changes, Whoop also seems unable to adapt properly. In comparison, my Apple Watch paired with Bevel handles changing schedules and data much better and provides a far more reliable experience.",5.65.1,745,115,english,True,True
Whoop,app_store,us,14438889037,2026-08-17 13:56:09+00:00,2026-08,2026-08-17,5,positive,Love it.,Thank you who made it.,Thank you who made it.,5.65.1,22,5,english,True,True
Whoop,app_store,us,14438715111,2026-08-17 13:05:18+00:00,2026-08,2026-08-17,5,positive,Whoop for the win,There is nothing better for creating accountability for yourself and your long term health goals.,There is nothing better for creating accountability for yourself and your long term health goals.,5.65.1,97,15,english,True,True
Whoop,app_store,us,14438255063,2026-08-17 10:32:07+00:00,2026-08,2026-08-17,5,positive,Obsessed,Whoop really helped me zone in on my diet and fitness goals!  I absolutely love it and the Lifetime Fitness group we have to keep each other motivated!,Whoop really helped me zone in on my diet and fitness goals! I absolutely love it and the Lifetime Fitness group we have to keep each other motivated!,5.65.1,150,28,english,True,True
Whoop,app_store,us,14434913579,2026-08-16 14:06:46+00:00,2026-08,2026-08-10,5,positive,Whoop review,"Had for over 400 days and still going strong, whoop rewards you constantly for achieving fitness goals. Very good device. Totally recommend","Had for over 400 days and still going strong, whoop rewards you constantly for achieving fitness goals. Very good device. Totally recommend",5.65.1,139,22,english,True,True
Whoop,app_store,us,14434639447,2026-08-16 12:45:21+00:00,2026-08,2026-08-10,2,negative,Just not helpful,"I got this, hoping that the extra data provided would allow me to gain insight onto how to deal with stress. The stress score is really don’t match with how my body feels either physically or mentally. I can have an extremely difficult day at work and it gives me a low stress score. I can have an easy day at work and have a hard workout it gives me a high stress score.

Those two things are very different and how my body feels them. Additionally, the most stressful day at work can have a score of 4.2 and a 30 minute ride at 60% heart rate gives a 4.2 score. Those are extremely different issues. 

Also, it is difficult to understand because the scores don’t really jibe or relate to how you’re feeling. It produces a lot of data, but I’m not sure if it’s actually reliable or accurate so it’s not worth the extra money or commitment to wearing it at night.","I got this, hoping that the extra data provided would allow me to gain insight onto how to deal with stress. The stress score is really don't match with how my body feels either physically or mentally. I can have an extremely difficult day at work and it gives me a low stress score. I can have an easy day at work and have a hard workout it gives me a high stress score. Those two things are very different and how my body feels them. Additionally, the most stressful day at work can have a score of 4.2 and a 30 minute ride at 60% heart rate gives a 4.2 score. Those are extremely different issues. Also, it is difficult to understand because the scores don't really jibe or relate to how you're feeling. It produces a lot of data, but I'm not sure if it's actually reliable or accurate so it's not worth the extra money or commitment to wearing it at night.",5.65.1,860,165,english,True,True
Whoop,app_store,us,14434533553,2026-08-16 12:10:50+00:00,2026-08,2026-08-10,3,neutral,Integrations,"Great data and tracking, but it would be take it to the next level if it connected with existing food tracking apps instead of having to input those details manually.","Great data and tracking, but it would be take it to the next level if it connected with existing food tracking apps instead of having to input those details manually.",5.65.1,166,30,english,True,True
Whoop,app_store,us,14432553049,2026-08-15 22:54:25+00:00,2026-08,2026-08-10,2,negative,Not accurate,"If you set the alarm to wake up at 7am, It’s not smart to detect when you go back to sleep at 10am to 11 am. It won’t add the extra hour to your total sleep hours for the day.","If you set the alarm to wake up at 7am, It's not smart to detect when you go back to sleep at 10am to 11 am. It won't add the extra hour to your total sleep hours for the day.",5.65.1,175,40,english,True,True
Whoop,app_store,us,14431427631,2026-08-15 16:25:47+00:00,2026-08,2026-08-10,5,positive,I like Whoop,"Many people complain about the cost of Whoop, but I find that I get great data and insights from the app and the AI interface. It really helps me understand my recovery from exercise, how well I’m sleeping, how my eating patterns affect my sleep and recovery. It’s been really great.","Many people complain about the cost of Whoop, but I find that I get great data and insights from the app and the AI interface. It really helps me understand my recovery from exercise, how well I'm sleeping, how my eating patterns affect my sleep and recovery. It's been really great.",5.65.1,283,51,english,True,True
Whoop,app_store,us,14431332246,2026-08-15 15:58:10+00:00,2026-08,2026-08-10,3,neutral,Needs an Update,"The WHOOP app seems to work OK, but it definitely needs an update to fix some issues.
On many screens the information does not fit on the phone screen. In other words, it bleeds over the edge, making it all but unreadable.","The WHOOP app seems to work OK, but it definitely needs an update to fix some issues. On many screens the information does not fit on the phone screen. In other words, it bleeds over the edge, making it all but unreadable.",5.65.1,222,42,english,True,True
Whoop,app_store,us,14431047499,2026-08-15 14:38:21+00:00,2026-08,2026-08-10,5,positive,I love it,I live and die by this whoop data as a pro athlete. I just wish it could tell time,I live and die by this whoop data as a pro athlete. I just wish it could tell time,5.65.1,82,19,english,True,True
Whoop,app_store,us,14430431151,2026-08-15 11:33:39+00:00,2026-08,2026-08-10,5,positive,Game changer,"The data provided by whoop has helped me to make small changes necessary to improve my overall health. If you track your data, are honest with your answers, and make necessary adjustments, you’ll see a positive change in your overall health. I came into this very healthy. I can’t imagine how great it is for someone that wasn’t already a healthy person. Thanks Whoop!","The data provided by whoop has helped me to make small changes necessary to improve my overall health. If you track your data, are honest with your answers, and make necessary adjustments, you'll see a positive change in your overall health. I came into this very healthy. I can't imagine how great it is for someone that wasn't already a healthy person. Thanks Whoop!",5.65.1,368,64,english,True,True
Whoop,app_store,us,14430227958,2026-08-15 10:18:31+00:00,2026-08,2026-08-10,2,negative,Expensive Toy,"The Whoop is an interesting tool that helped me to gain valuable insight regarding my sleep and training. After a couple of months I feel it no longer serves it purpose. I’d return it and save the $27 per month but I am committed to one year so that’s not an option. It is an expensive toy, for what I need. Looks good.","The Whoop is an interesting tool that helped me to gain valuable insight regarding my sleep and training. After a couple of months I feel it no longer serves it purpose. I'd return it and save the $27 per month but I am committed to one year so that's not an option. It is an expensive toy, for what I need. Looks good.",5.65.1,319,63,english,True,True
Whoop,app_store,us,14429516194,2026-08-15 05:23:45+00:00,2026-08,2026-08-10,3,neutral,Don’t satisfied,"During this time, I haven’t been satisfied with the step counter or strain data. There were days when I hadn’t even gotten out of bed yet, but it had already recorded 1,600 steps.","During this time, I haven't been satisfied with the step counter or strain data. There were days when I hadn't even gotten out of bed yet, but it had already recorded 1,600 steps.",5.65.1,179,33,english,True,True
Whoop,app_store,us,14426702727,2026-08-14 13:13:31+00:00,2026-08,2026-08-10,5,positive,Best wearable!!!,I've worn Aura ring & a Garmin watch but they don't even come close to the quality & accuracy of Whoop! I'm SO glad I discovered Whoop because it affects my every day life decisions for the better & my body thanks me for it every single day.,I've worn Aura ring & a Garmin watch but they don't even come close to the quality & accuracy of Whoop! I'm SO glad I discovered Whoop because it affects my every day life decisions for the better & my body thanks me for it every single day.,5.65.1,241,48,english,True,True
Whoop,app_store,us,14426655685,2026-08-14 12:59:49+00:00,2026-08,2026-08-10,3,neutral,"Love the app, but missing basic features","I love my Whoop band! It helps me to stay motivated and gives me clear insights into my health. The AI is getting better and they are putting a lot of effort into developing the product/app more.

My main issues are is that I feel like there are multiple features that you would think are basic features for a health device that are missing. For example, I have to track activities twice. Once in the actual activity section and then another time in my daily journal. It seems like the activity section should automatically update the Journal so you don’t have to repeat efforts speaking of the activity section, there are times where it misses the activity that I’m doing, especially low strength, activities like blah, blah blah, remember there are times when I’m sitting on the couch and open my app to 15 potential activity spotted messages. Also, the app doesn’t track basic things like blood oxygen levels throughout the day. Want to see the average lifespan of your battery? Sorry, can’t see that. Wanna ask the AI the average length of your dog walks, running, or other physical activity? Sorry, even though it attracts the data attracts your route, you are unable to see this either. Lastly, all the replacement bands are $100 or more. My band that I have now, which is my original band that I came with, desperately needs to be replaced, but because there are no cost-effective replacement I have yet to pull the trigger.

It’s not all doom and gloom, though. I love the band, which is fairly comfortable and looks good, the WHOOP support team are very responsive and efficient, who is amazing at giving you daily strained targets that feel accurate and attainable, but still push you for training, and the app does genuinely encourage me to look at it each day, which helps with me staying consistent with my daily goals. I do really like the way. The AI is developing as well, being more responsive and being able to help with setting goals and adjusting goals as necessary based on what’s going on in life. 

Well, there are a lot of things that need to be developed or fixed, I would still highly recommend the WHOOP to anybody looking for a Fitness device. The speed at which WHOOP developing their app and product gives me hope that the things that I’m asking for will one day soon be features and overall I really do love my WHOOP band. I would probably recommend it best for those who are already moderately active and looking to bring their fitness to the next level, those looking to track and maintain daily habits, or those who generally want more insights into their health. I do still think that other brands might be better for women looking to track their cycles in fertility, or for those who don’t want to wait for the features that I mentioned above.","I love my Whoop band! It helps me to stay motivated and gives me clear insights into my health. The AI is getting better and they are putting a lot of effort into developing the product/app more. My main issues are is that I feel like there are multiple features that you would think are basic features for a health device that are missing. For example, I have to track activities twice. Once in the actual activity section and then another time in my daily journal. It seems like the activity section should automatically update the Journal so you don't have to repeat efforts speaking of the activity section, there are times where it misses the activity that I'm doing, especially low strength, activities like blah, blah blah, remember there are times when I'm sitting on the couch and open my app to 15 potential activity spotted messages. Also, the app doesn't track basic things like blood oxygen levels throughout the day. Want to see the average lifespan of your battery? Sorry, can't see that. Wanna ask the AI the average length of your dog walks, running, or other physical activity? Sorry, even though it attracts the data attracts your route, you are unable to see this either. Lastly, all the replacement bands are $100 or more. My band that I have now, which is my original band that I came with, desperately needs to be replaced, but because there are no cost-effective replacement I have yet to pull the trigger. It's not all doom and gloom, though. I love the band, which is fairly comfortable and looks good, the WHOOP support team are very responsive and efficient, who is amazing at giving you daily strained targets that feel accurate and attainable, but still push you for training, and the app does genuinely encourage me to look at it each day, which helps with me staying consistent with my daily goals. I do really like the way. The AI is developing as well, being more responsive and being able to help with setting goals and adjusting goals as necessary based on what's going on in life. Well, there are a lot of things that need to be developed or fixed, I would still highly recommend the WHOOP to anybody looking for a Fitness device. The speed at which WHOOP developing their app and product gives me hope that the things that I'm asking for will one day soon be features and overall I really do love my WHOOP band. I would probably recommend it best for those who are already moderately active and looking to bring their fitness to the next level, those looking to track and maintain daily habits, or those who generally want more insights into their health. I do still think that other brands might be better for women looking to track their cycles in fertility, or for those who don't want to wait for the features that I mentioned above.",5.65.1,2775,494,english,True,True
Whoop,app_store,us,14426595707,2026-08-14 12:41:49+00:00,2026-08,2026-08-10,5,positive,Love my WHOOP,"I have tried all the big name wearables over the years, but this is by far the best! The battery lasts a week or more. I put it on and forget I’m wearing it. It’s the most accurate and detailed recovery and sleep analysis I’ve ever had.  I also love that it helps me trend my blood pressure too.","I have tried all the big name wearables over the years, but this is by far the best! The battery lasts a week or more. I put it on and forget I'm wearing it. It's the most accurate and detailed recovery and sleep analysis I've ever had. I also love that it helps me trend my blood pressure too.",5.65.1,294,59,english,True,True
Whoop,app_store,us,14426558788,2026-08-14 12:30:37+00:00,2026-08,2026-08-10,4,positive,Good but not Great,"I’ve really enjoyed using WHOOP overall, but there are a few areas where I think it could be significantly better.

What I love:

The UI/UX is excellent. The app feels modern, sleek, and very tech-forward. I genuinely enjoy going through it every morning because everything is intuitive, easy to understand, and presented in a way that feels premium. WHOOP does a great job taking a lot of health and fitness data and making it approachable without feeling overwhelming.

I’ve also been impressed with the Recovery score. Most mornings, my recovery has lined up surprisingly well with how I actually feel when I wake up. That’s probably the feature I’ve found most valuable.

Where it falls short:

The WHOOP Coach/AI needs improvement. There have been times when its recommendations didn’t seem to match either my recovery data or how I was feeling. One morning I woke up feeling pretty run down with a 50% yellow recovery, yet WHOOP Coach essentially told me to train as usual. Bevel, using much of the same underlying health data, recommended that I take it easy and prioritize recovery. I followed Bevel’s recommendation, rested, and had a great recovery score the following day.

Obviously, one example doesn’t prove one recommendation was definitively better, but it made me much less confident in WHOOP Coach. For a product built so heavily around recovery, I’d like the AI to be more conservative and context-aware when recovery is mediocre and the user reports feeling poorly.

Sleep detection has also been disappointing compared with my Apple Watch. One night this past week, I was awake for roughly two hours in the middle of the night. My Apple Watch correctly detected that extended period of wakefulness, while WHOOP essentially treated it as a near-perfect night of sleep. That’s a pretty significant miss for a device where sleep is such an important part of the overall experience and Recovery score. For the amount of money Whoop costs you’d think the sleep detection would be on par with the Apple Watch. 

Overall, I really like WHOOP. The design, presentation of data, and Recovery experience are some of the best I’ve used. But for me, the AI coaching and sleep/wake detection need to catch up with the rest of the product. If WHOOP can improve those two areas, the overall experience would be much harder to beat. For the price I’d expect better quality. Especially since there are other apps that do similar things for less money.","I've really enjoyed using WHOOP overall, but there are a few areas where I think it could be significantly better. What I love: The UI/UX is excellent. The app feels modern, sleek, and very tech-forward. I genuinely enjoy going through it every morning because everything is intuitive, easy to understand, and presented in a way that feels premium. WHOOP does a great job taking a lot of health and fitness data and making it approachable without feeling overwhelming. I've also been impressed with the Recovery score. Most mornings, my recovery has lined up surprisingly well with how I actually feel when I wake up. That's probably the feature I've found most valuable. Where it falls short: The WHOOP Coach/AI needs improvement. There have been times when its recommendations didn't seem to match either my recovery data or how I was feeling. One morning I woke up feeling pretty run down with a 50% yellow recovery, yet WHOOP Coach essentially told me to train as usual. Bevel, using much of the same underlying health data, recommended that I take it easy and prioritize recovery. I followed Bevel's recommendation, rested, and had a great recovery score the following day. Obviously, one example doesn't prove one recommendation was definitively better, but it made me much less confident in WHOOP Coach. For a product built so heavily around recovery, I'd like the AI to be more conservative and context-aware when recovery is mediocre and the user reports feeling poorly. Sleep detection has also been disappointing compared with my Apple Watch. One night this past week, I was awake for roughly two hours in the middle of the night. My Apple Watch correctly detected that extended period of wakefulness, while WHOOP essentially treated it as a near-perfect night of sleep. That's a pretty significant miss for a device where sleep is such an important part of the overall experience and Recovery score. For the amount of money Whoop costs you'd think the sleep detection would be on par with the Apple Watch. Overall, I really like WHOOP. The design, presentation of data, and Recovery experience are some of the best I've used. But for me, the AI coaching and sleep/wake detection need to catch up with the rest of the product. If WHOOP can improve those two areas, the overall experience would be much harder to beat. For the price I'd expect better quality. Especially since there are other apps that do similar things for less money.",5.65.1,2446,412,english,True,True
Whoop,app_store,us,14426493523,2026-08-14 12:10:28+00:00,2026-08,2026-08-10,5,positive,Lost signal for first time ever,"Unsure why, but lost sleep tracking for 4 days..Took 45 minutes with helpful Customer Service rep to try to resolve…still trying to confirm I’m back connected","Unsure why, but lost sleep tracking for 4 days..Took 45 minutes with helpful Customer Service rep to try to resolve…still trying to confirm I'm back connected",5.65.1,158,26,english,True,True
Whoop,app_store,us,14426303335,2026-08-14 11:08:25+00:00,2026-08,2026-08-10,5,positive,Lifestyle,I love using the whoop app. It truly helps me optimize my performance on a daily basis. It will help you make better health decisions and find out what works for you and your body.,I love using the whoop app. It truly helps me optimize my performance on a daily basis. It will help you make better health decisions and find out what works for you and your body.,5.65.1,180,35,english,True,True
Whoop,app_store,us,14423846196,2026-08-13 19:09:52+00:00,2026-08,2026-08-10,1,negative,Glitch,"I started an activity on Whoop this morning. After finishing, as usual I was going to stop the activity. There was no activity on my app. However, I could see that at the top of my phone the timer was still on. I tried everything. In the end, I manually uploaded the activity. The timer was still running at the top of phone though. I ended shutting off my phone and restarting to try and get rid of it.","I started an activity on Whoop this morning. After finishing, as usual I was going to stop the activity. There was no activity on my app. However, I could see that at the top of my phone the timer was still on. I tried everything. In the end, I manually uploaded the activity. The timer was still running at the top of phone though. I ended shutting off my phone and restarting to try and get rid of it.",5.65.1,403,79,english,True,True
Whoop,app_store,us,14423545262,2026-08-13 17:30:14+00:00,2026-08,2026-08-10,1,negative,Inaccurate,Inaccurate,Inaccurate,5.65.1,10,1,english,True,False
Whoop,app_store,us,14423531173,2026-08-13 17:25:48+00:00,2026-08,2026-08-10,2,negative,Strength trainer crashes easily,This app is great except that the strength trainer will frequently crash if you try to rearrange exercises during a workout. Then I lose half my workout.,This app is great except that the strength trainer will frequently crash if you try to rearrange exercises during a workout. Then I lose half my workout.,5.65.1,153,27,english,True,True
Whoop,app_store,us,14423078152,2026-08-13 15:10:52+00:00,2026-08,2026-08-10,5,positive,Life Changer,"I was someone who was mildly impressed with the Apple Watch and I really didn’t find it functional. I also struggled to charge it and put it back on and there were significant gaps in my data in the day time. Also, tracking sleep was something that was important to me and if I’m wearing my watch in the day and I have to charge it at night, I’m losing all the data. Tracking my menstrual cycle was something that I also wanted to do and when I was gifted WHOOP for my birthday from my boyfriend I put it on and committed incredibly. I now have over 400 days of consistent data. I have been working to decrease my health age while also tracking my cycles with great detail and I will be enrolling in advanced labs in the next year to get my bio markers for any health concerns.","I was someone who was mildly impressed with the Apple Watch and I really didn't find it functional. I also struggled to charge it and put it back on and there were significant gaps in my data in the day time. Also, tracking sleep was something that was important to me and if I'm wearing my watch in the day and I have to charge it at night, I'm losing all the data. Tracking my menstrual cycle was something that I also wanted to do and when I was gifted WHOOP for my birthday from my boyfriend I put it on and committed incredibly. I now have over 400 days of consistent data. I have been working to decrease my health age while also tracking my cycles with great detail and I will be enrolling in advanced labs in the next year to get my bio markers for any health concerns.",5.65.1,777,151,english,True,True
Whoop,app_store,us,14422976953,2026-08-13 14:42:43+00:00,2026-08,2026-08-10,5,positive,Best tracker in the biz,I'm been using Whoop for over 5 years- and I plan to use it for another 5 years. To have robust data on yourself and to make behavioral changes to improve myself! Life long customer,I'm been using Whoop for over 5 years- and I plan to use it for another 5 years. To have robust data on yourself and to make behavioral changes to improve myself! Life long customer,5.65.1,181,35,english,True,True
Whoop,app_store,us,14422603496,2026-08-13 12:55:57+00:00,2026-08,2026-08-10,1,negative,Please add Arabic language support 🇸🇦,"WHOOP is an excellent app, but Arabic is still not supported. Adding Arabic would make the experience much better and more accessible for millions of Arabic-speaking users.

Please consider adding Arabic in a future update. Thank you! 🙏","WHOOP is an excellent app, but Arabic is still not supported. Adding Arabic would make the experience much better and more accessible for millions of Arabic-speaking users. Please consider adding Arabic in a future update. Thank you! 🙏",5.65.1,235,38,english,True,True
Whoop,app_store,us,14421809447,2026-08-13 08:16:38+00:00,2026-08,2026-08-10,1,negative,Health data still unattended,Health data still unavailable after iOS update,Health data still unavailable after iOS update,5.65.1,46,7,english,True,True
Whoop,app_store,us,14419713629,2026-08-12 18:44:13+00:00,2026-08,2026-08-10,5,positive,Mr,Good,Good,5.65.1,4,1,english,True,False
Whoop,app_store,us,14419311797,2026-08-12 16:33:40+00:00,2026-08,2026-08-10,1,negative,Major disappointment,"I’m a very active middle aged person who adopted Whoop to track my multitude of activities. I’ve encountered a major problem: Whoop doesn’t accurately measure where most of us live our lives: in HR zones 0-2. For a 5 mile walk in 85*F heat, whoop recorded 150 calories. Why? ‘I wasn’t working hard enough.’ The AI agent was condescending, passive aggressive and deflective. So, if you aren’t regularly pushing yourself often at HR zones 4-5, Whoop is basically useless for you.","I'm a very active middle aged person who adopted Whoop to track my multitude of activities. I've encountered a major problem: Whoop doesn't accurately measure where most of us live our lives: in HR zones 0-2. For a 5 mile walk in 85*F heat, whoop recorded 150 calories. Why? 'I wasn't working hard enough.' The AI agent was condescending, passive aggressive and deflective. So, if you aren't regularly pushing yourself often at HR zones 4-5, Whoop is basically useless for you.",5.65.1,477,81,english,True,True
Whoop,app_store,us,14416953021,2026-08-12 02:35:28+00:00,2026-08,2026-08-10,5,positive,Good healthy,Good to my health,Good to my health,5.65.1,17,4,english,True,False
Whoop,app_store,us,14415864329,2026-08-11 19:48:45+00:00,2026-08,2026-08-10,5,positive,مراجعة,نرجوا ان يتم العمل باللغة العربية,نرجوا ان يتم العمل باللغة العربية,5.65.1,33,6,non_english,False,False
Whoop,app_store,us,14414782430,2026-08-11 14:19:12+00:00,2026-08,2026-08-10,3,neutral,Whoop Coach,It has ruined my experience with Whoop opened several cases asking how to get rid of it but I think the case is still open. I have turned off memory and deleted all chats and memory except health info. It’s better now as long as I never but never respond to Whoop Coach just look at the summary understanding it may not be accurate but never respond and it’s workable,It has ruined my experience with Whoop opened several cases asking how to get rid of it but I think the case is still open. I have turned off memory and deleted all chats and memory except health info. It's better now as long as I never but never respond to Whoop Coach just look at the summary understanding it may not be accurate but never respond and it's workable,5.65.1,367,70,english,True,True
Whoop,app_store,us,14414559487,2026-08-11 13:16:54+00:00,2026-08,2026-08-10,5,positive,My AI Coach!,"I learned about WHOOP after watching a video showing professional athletes, wearing it for training and monitoring their physical well-being and performance. I’m in my 70s and focusing on fitness nutrition, but I mainly but the WHOOP to help me sleep better. 
It gives me suggestions on sleep consistency, and nudges me to take even better care of my body.
I have not taken it off since I bought it 90 days ago. Lots of data that is relevant to my goals. Ultimately, I hope to live longer and live a better life using WHOOP as one of my tools.","I learned about WHOOP after watching a video showing professional athletes, wearing it for training and monitoring their physical well-being and performance. I'm in my 70s and focusing on fitness nutrition, but I mainly but the WHOOP to help me sleep better. It gives me suggestions on sleep consistency, and nudges me to take even better care of my body. I have not taken it off since I bought it 90 days ago. Lots of data that is relevant to my goals. Ultimately, I hope to live longer and live a better life using WHOOP as one of my tools.",5.64.0,542,100,english,True,True
Whoop,app_store,us,14414537855,2026-08-11 13:10:44+00:00,2026-08,2026-08-10,1,negative,Usuario,"Muchas fallas, muy caro para lo que otros ofrecen sin costo de licencia","Muchas fallas, muy caro para lo que otros ofrecen sin costo de licencia",5.64.0,71,13,english,True,True
Whoop,app_store,us,14413949076,2026-08-11 10:01:52+00:00,2026-08,2026-08-10,5,positive,Won’t live without,I have been wearing in my room for four years now and it just keeps me on track. I love the fact that it tells me if I could work out again basically in my recovery or if I’m overworking myself. But my biggest thing is keeping up with my HRV and my resting heart rate in my sleep. I have worn Fitbit and Garmin and WHOOP is my absolute favorite as far as accuracy.,I have been wearing in my room for four years now and it just keeps me on track. I love the fact that it tells me if I could work out again basically in my recovery or if I'm overworking myself. But my biggest thing is keeping up with my HRV and my resting heart rate in my sleep. I have worn Fitbit and Garmin and WHOOP is my absolute favorite as far as accuracy.,5.64.0,364,75,english,True,True
Whoop,app_store,us,14413156567,2026-08-11 04:41:50+00:00,2026-08,2026-08-10,1,negative,Dishonest Company,"I did the one month free trail. Then I went to monthly subscription, and kept it for another month. Now I am trying to cancel my membership and they are trying to charge me for a full year.","I did the one month free trail. Then I went to monthly subscription, and kept it for another month. Now I am trying to cancel my membership and they are trying to charge me for a full year.",5.64.0,189,38,english,True,True
Whoop,app_store,us,14412791519,2026-08-11 02:10:33+00:00,2026-08,2026-08-10,4,positive,Keeping track,"I’ve been using whoop for a year and a half now I love the features, keeping track of my training and strain, being able to see how my sleep and recovery was showing me how hard I can push myself and keeping track of daily steps. My only issue is since I wear it to the gym I sweat with it on and I try to wash it with antibacterial soap daily but I still keep getting a rash on my wrist I believe it’s from bacteria build up, I switched to the silicone whoop strap it’s not as bad now but still an issue.","I've been using whoop for a year and a half now I love the features, keeping track of my training and strain, being able to see how my sleep and recovery was showing me how hard I can push myself and keeping track of daily steps. My only issue is since I wear it to the gym I sweat with it on and I try to wash it with antibacterial soap daily but I still keep getting a rash on my wrist I believe it's from bacteria build up, I switched to the silicone whoop strap it's not as bad now but still an issue.",5.64.0,505,105,english,True,True
Whoop,app_store,us,14412498870,2026-08-11 00:20:00+00:00,2026-08,2026-08-10,5,positive,Whoop,I have been wearing my whoop for over a year now and love seeing all my stats. Whoop keeps me on track and making sure that I keep out of red recovery!,I have been wearing my whoop for over a year now and love seeing all my stats. Whoop keeps me on track and making sure that I keep out of red recovery!,5.64.0,151,32,english,True,True
Whoop,app_store,us,14412452940,2026-08-11 00:02:30+00:00,2026-08,2026-08-10,5,positive,Life Changing,"I love this app , actually change my life , I look my life differently now , thank you guys !! 🙏","I love this app , actually change my life , I look my life differently now , thank you guys !! 🙏",5.64.0,96,22,english,True,True
Whoop,app_store,us,14410841263,2026-08-10 14:56:55+00:00,2026-08,2026-08-10,5,positive,Data is addictive,"I ended up with a whoop through a research study in 2023 and have been addicted to the data ever since. The sleep recovery information is the most helpful. As a physician, I’ve been able to add about an hour to my sleep schedule just by understanding the trends and tendencies that I probably felt but hadn’t seen in big data form.","I ended up with a whoop through a research study in 2023 and have been addicted to the data ever since. The sleep recovery information is the most helpful. As a physician, I've been able to add about an hour to my sleep schedule just by understanding the trends and tendencies that I probably felt but hadn't seen in big data form.",5.64.0,331,62,english,True,True
Whoop,app_store,us,14410836225,2026-08-10 14:55:28+00:00,2026-08,2026-08-10,4,positive,ECG,No es fácil obtener un ECG aceptable demasiada interferencia.,No es fácil obtener un ECG aceptable demasiada interferencia.,5.64.0,61,9,english,True,True
Whoop,app_store,us,14410286017,2026-08-10 12:11:37+00:00,2026-08,2026-08-10,4,positive,Lost connection,Upset that my connection was lost for 3 days,Upset that my connection was lost for 3 days,5.64.0,44,9,english,True,True
Whoop,app_store,us,14406833950,2026-08-09 14:31:46+00:00,2026-08,2026-08-03,1,negative,Good in theory - useless in practice,"The concept sounds amazing. Monitor your vitals and help you improve performance and health. Other than the strain monitor, the other metrics are questionable at best. And the AI Chatbot, which is supposed to give you advice is utterly useless.. You are way better off to just talk with Claude or ChatGPT then waste your time with Whoop.","The concept sounds amazing. Monitor your vitals and help you improve performance and health. Other than the strain monitor, the other metrics are questionable at best. And the AI Chatbot, which is supposed to give you advice is utterly useless.. You are way better off to just talk with Claude or ChatGPT then waste your time with Whoop.",5.64.0,337,58,english,True,True
Whoop,app_store,us,14406824726,2026-08-09 14:29:00+00:00,2026-08,2026-08-03,5,positive,Kevin,"Love the watch and what it does for my daily life,work,sports.  Only complaint is the price upfront for the subscription","Love the watch and what it does for my daily life,work,sports. Only complaint is the price upfront for the subscription",5.64.0,119,20,english,True,True
Whoop,app_store,us,14406793031,2026-08-09 14:19:37+00:00,2026-08,2026-08-03,4,positive,Please support Chinese as soon as possible！,Please support Chinese as soon as possible！,Please support Chinese as soon as possible！,5.64.0,43,7,english,True,True
Whoop,app_store,us,14406315555,2026-08-09 11:44:43+00:00,2026-08,2026-08-03,5,positive,"More Than Data, It’s Helped Me Build Better Habits","I’ve gone back and forth between different apps and devices to track sleep, recovery, and training strain, and WHOOP has been by far the best experience for me.

The app is intuitive, user-friendly, and packed with useful data without feeling overwhelming. Like any wearable, not every metric is going to be 100% accurate, and some data occasionally needs context or adjustment. But that’s not really where I see the value.

For me, WHOOP is most useful for establishing consistent benchmarks, spotting trends over time, and building healthier habits around sleep, recovery, and training. Instead of obsessing over individual numbers, I use the data to make better decisions and understand how my habits affect my performance and recovery.","I've gone back and forth between different apps and devices to track sleep, recovery, and training strain, and WHOOP has been by far the best experience for me. The app is intuitive, user-friendly, and packed with useful data without feeling overwhelming. Like any wearable, not every metric is going to be 100% accurate, and some data occasionally needs context or adjustment. But that's not really where I see the value. For me, WHOOP is most useful for establishing consistent benchmarks, spotting trends over time, and building healthier habits around sleep, recovery, and training. Instead of obsessing over individual numbers, I use the data to make better decisions and understand how my habits affect my performance and recovery.",5.64.0,737,117,english,True,True
Whoop,app_store,us,14406271899,2026-08-09 11:28:46+00:00,2026-08,2026-08-03,5,positive,Game changer,The entirety of whoop is transformative to every phase of your life. It inspires you to just simply live better. The feedback keeps you accountable and drives the impulses to pay attention to wellness. Your life improves in every if you follow what whoop reveals to you and you have the will to adjust your lifestyle for the better. With it you can reach health heights only dreamed of before wearing it.,The entirety of whoop is transformative to every phase of your life. It inspires you to just simply live better. The feedback keeps you accountable and drives the impulses to pay attention to wellness. Your life improves in every if you follow what whoop reveals to you and you have the will to adjust your lifestyle for the better. With it you can reach health heights only dreamed of before wearing it.,5.64.0,404,72,english,True,True
Whoop,app_store,us,14406258399,2026-08-09 11:23:44+00:00,2026-08,2026-08-03,5,positive,Excellent data presentation,"I have had the Oura ring, Samsung smart watches, Apple smart watches, and this thing presents data far better and more digestible than any of the others. I highly recommend this for anyone who wants to identify trends in their day to day that they could improve upon and get a good baseline.","I have had the Oura ring, Samsung smart watches, Apple smart watches, and this thing presents data far better and more digestible than any of the others. I highly recommend this for anyone who wants to identify trends in their day to day that they could improve upon and get a good baseline.",5.64.0,291,53,english,True,True
