brand,source,country,review_id,date,rating,title,text,app_version
Oura,app_store,us,14598618504,2026-09-27 07:47:02+00:00,4,not connecting by to apple health,i’ve disconnected & reconnected my apple health a few times to this app but it’s not integrating the apple health data nor exporting it into apple health. i have the most updated iOS and the app is updated. pls fix.,7.25.0
Oura,app_store,us,14597805367,2026-09-27 02:01:11+00:00,1,Do not buy,"Bought one for my birthday, wanted one to help track my sleep and my period cycle. Come to find out you have to pay for a subscription to access anything. The “free” things aren’t detailed at all. Do not waist your money on the Oura products at all!!!!!!! Get the cheaper similar products from Amazon/ tiktok and not pay nearly as much.",7.25.0
Oura,app_store,us,14596409074,2026-09-26 17:19:02+00:00,5,Measures,It’s great factor for our health and helps me review my weekly. Where I need to improve!!,7.25.0
Oura,app_store,us,14596103305,2026-09-26 15:48:05+00:00,1,Greedy Money Grab,"After spending a small fortune on the ring itself, having access to all of its features and technology should not be an extra monthly charge to unlock through a subscription. Despicable practice.",7.25.0
Oura,app_store,us,14594861450,2026-09-26 09:03:34+00:00,2,Not reliable,"I’m mostly happy with my Oura Ring and the information it provides, but unfortunately, I don’t feel that I can completely trust the data because of the frequent glitches—especially with activity detection.

The biggest issue is that the ring constantly suggests that I’m doing strength training when I’m not. I do strength train regularly, but during the day I work in an office and spend a significant amount of time sitting at a desk. Despite that, about 90% of the activities Oura automatically detects are labeled as strength training. It has even suggested strength training while I’m sleeping.

This happens so frequently that it makes me question the accuracy of the rest of the data. If the ring thinks I’m strength training while I’m sitting at my desk or sleeping, it’s difficult for me to fully trust the other readings it provides.

I really like the concept of the Oura Ring and many of its features, but the activity-detection glitches need significant improvement before I can consider the data completely reliable.",7.25.0
Oura,app_store,us,14594615539,2026-09-26 07:21:08+00:00,1,Oura Company is trash,"Buy a ring from a competitor that doesn’t require a monthly subscription. Their ring doesn’t last more than 2 years. When it fails, they make you buy a new one.",7.25.0
Oura,app_store,gb,14594534168,2026-09-26 06:46:37+00:00,5,Fantastic and easy to use,"A wonderful app, really easy to use and lots of data to help wearers make lifestyle changes to improve wellbeing.",7.25.0
Oura,app_store,gb,14594246207,2026-09-26 04:39:01+00:00,5,Best health app!,The worse thing is subscription cost!,7.25.0
Oura,app_store,us,14594020488,2026-09-26 03:02:53+00:00,1,App crashes,"I’ve loved the app, but recently with iOS 27, the app keeps crashing. I’ve tried everything, even talked to support on oura’s website and we exhausted all options. Right now it’s just a dud on my Home Screen taking up space. Please do better updates to ensure that all bugs are fixed because event with the newest app update, it still won’t open!",7.25.0
Oura,app_store,us,14593000589,2026-09-25 20:20:30+00:00,2,Disappointing,"I’ve owned my ring for a week over my 1 yr purchase. About 10 mos in, battery started failing. I only track sleep and activity. I’ve done a soft reset. I now charge every day and a half. I could’ve stayed with my Apple Watch for this battery life.",7.25.0
Oura,app_store,us,14591174214,2026-09-25 10:37:15+00:00,1,Missing Data.,"I really wanted to love the Oura Ring, but I’m extremely disappointed. For the price of the ring AND a monthly subscription, I expect it to reliably collect my data. Instead, I frequently have missing sleep and health data, which defeats the entire purpose of wearing it. The battery also does not last nearly as long as I expected, so I’m constantly having to think about charging it. When you’re paying this much for a health tracker, reliability should be the bare minimum. I like the concept and the app, but the inconsistent data and poor battery life have made me regret the purchase.",7.25.0
Oura,app_store,us,14590021034,2026-09-25 02:23:51+00:00,3,Background,Love the app but would like an option to be able to switch from light mode to dark mode on the background! Unfortunately reading anything in the app hurts my eyes and I cannot read it since it’s only in dark mode!,7.25.0
Oura,app_store,us,14588513303,2026-09-24 16:55:11+00:00,2,Frustrated,"App keeps logging me out and it’s cumbersome to get back in, ring won’t stay charged for more than a day, getting no insights because of it. Frustrating",7.25.0
Oura,app_store,us,14588507079,2026-09-24 16:53:12+00:00,5,Someone who works in law enforcement,"I absolutely have never within my history of being an Apple user have left a full review for anything. BUT this ring deserves a review! 
I have been wearing this ring since beginning of August. (I bought as a birthday present to myself) about exactly a year ago I was told I had a heart issue and I needed to get my weight back to my normal I weighted in at that time 185lbs I am now at 125. I did that with in a years time. I noticed I started to work out more and more over the summer doing water areobics, I had an Apple Watch before and absolutely hated it. I hate the screen I hate when I get calls, and text, I needed something that didn’t do any of that. But in the line of work I am in I didn’t want anything on my wrist anyways. 
When I saw this ring after googling great ideas for a person that don’t want a second screen this popped up and I did MORE research, pros and cons because the price I didn’t wanna invest in something such as the Apple Watch for me to put it in my closet and never look at it again. 
I have to say wearing the sizer for about a week before I bought was very good, I switched between several sizes learning that I swell in the mornings and that dies down throughout the day. I got to a point wear I feel naked without wearing my oura ring and it’s apart of me now. 
That charge is amazing and fast! If the battery is about 20ft yrs out I put it on the charger while I’m in the shower and by the time I am out it’s got a pretty good charge done. 
The app is great. It took a while for me to get the hang out it. I had to google a lot of the terminology etc and what the app was capable of doing. 
Adding my meals is GREAT. I love the fact I can take a photo of my meal and ai analyzes it. Sometimes I have to make corrections to modify but not to bad. 
I do wish they still had the desktop version because I already hate the phone in general. 
(I’m old school) but the app if you play around on it it definitely is worth it and ur time. 
For a while the ring is collecting data so there within the first couple of weeks there really isn’t much data because it’s learning your typical baseline of things. 
But after the analyzing, the app has given me better solutions on over all health like instead of eating this u should eat this. Telling me that yesterday I worked hard yesterday and today you need to rest and take it easy. 
I love love the fact that if I am working out or just doing house work its analyzes every step every flick! Which is exactly what I wanted not just a work out but everyday movements especially cleaning my house 
The sleeping portion is HANDS DOWN worth every penny in my opinion with oura! Compared to other brand oura definitely gets this one right! 
The workouts sometimes aren’t always on point but you can modify that if needed or agree to it! 
The sleeping portion is the one thing I wanted right and they did good, I work shift work and flipping 14 day rotation from days to nights so this tells me how to combat that and make sure my body gets the rest that it needs. 
Previously I thought I knew what I was doing and listening to my body BUT oura gives you tips and tricks to battle that “fatigue” u can say for a healthy life style! I also love the fact that the stress levels indicate specific times of when your excelling up there and to basically calm tf down. Lol
Thank you oura!",7.25.0
Oura,app_store,us,14588211145,2026-09-24 15:23:23+00:00,1,Garbage numbers,"This app is just spitting out garbage numbers. Told me yesterday my recovery index “needed attention” because my lowest heart rate wasn’t until 4am. Told me today my recovery index was optimal, yet my lowest was 6am. All the information is buried in weird places. My first time with an Oura and il be sending it back.",7.25.0
Oura,app_store,us,14587599542,2026-09-24 12:23:51+00:00,2,Short battery life and not accurate,"I’m looking for another solution for tracking health and fitness. The Ring’s tiny battery doesn’t last more than 4 days when new, and that quickly drops to 2 days after about 6 months. The step counts are grossly inaccurate. If I hike the same 2 mile trail each day, the Ring shows anywhere between 3500 and 8000 steps. Today I took a different trail, 3 miles and more elevation, 4400 steps. Lol.",7.25.0
Oura,app_store,us,14587278775,2026-09-24 10:35:29+00:00,1,New update is buggy,I just got the update and now I can use the sleep card without being automatically taken to the sleep stages graph. Everything I tap takes me to sleep stages graph. Waste of money.,7.25.0
Oura,app_store,gb,14586834245,2026-09-24 07:19:05+00:00,1,Quality is low,After one year battery life halved to a couple of days and the ring keeps disconnecting from the phone.,7.25.0
Oura,app_store,us,14586252525,2026-09-24 02:47:05+00:00,3,Planned Obsolescence?,"With one of the prior updates my gen 3 dropped from 4 days of battery to 3. That is planned obsolescence.

Now, my ring is missing huge chunks of each day’s data. Crazy. I take care of it, and it’s not *that* old. I get the feeling they want me to pay for an upgrade, and I don’t really appreciate that as a customer.",7.25.0
Oura,app_store,us,14586182697,2026-09-24 02:17:57+00:00,4,Great,Some of the information is confusing to understand. Overall I like it but I feel the sleep feedback is not accurate.,7.25.0
Oura,app_store,us,14585580134,2026-09-23 22:16:12+00:00,2,Ours ring,"I love that I can track my health especially after the loss of my son, I don’t like that the battery dies in less than 24 hours. 😭",7.25.0
Oura,app_store,us,14584305988,2026-09-23 14:59:55+00:00,5,Miracle Ring,"I want to hide, live to without this for so many years, it is such an amazing tool that only helps me understand my health explains how I can improve my overall well-being, I feel that I should have this dream to make a difference in their lives",7.25.0
Oura,app_store,gb,14583002445,2026-09-23 07:21:51+00:00,1,Poor process to  re authenticate,I was locked out of my account due to malfunctioning re authentication process. So poor.,7.25.0
Oura,app_store,gb,14582778579,2026-09-23 05:36:06+00:00,4,Update lag?,"Really useful app and the new ring is great, but why do app updates take so long on Apple Store?",7.25.0
Oura,app_store,us,14582391359,2026-09-23 02:46:34+00:00,5,A great idea!,"The Oura ring is so good! It has all the features of a smart watch and compacts it nicely into a ring.  Get the Oura ring 5, because it’s even skinnier than the 4 version. I have co-workers who had the 4, and have gotten the 5 because they liked the fit of the Oura 5!",7.25.0
Oura,app_store,us,14581125430,2026-09-22 18:50:42+00:00,4,I’d love to see tag organization!,"I’ve had my Oura ring for almost a year and I’m constantly adapting and finding new ways to use it! My only qualm is with the tagging feature in the app. It’s incredibly broad (which is great!) but I tend to forget what I want or need to track. I would love to be able to pick a selection of tags that I can either say “yes” or “no” to each day. Or be able to sort by categories. Or better yet, just apply a tag to the whole day instead of at a specific time. I’m currently not using the tags to their potential (or at all) simply because it’s overwhelming.",7.25.0
Oura,app_store,us,14581020677,2026-09-22 18:15:46+00:00,4,Please!,"I love my OURA ring, however I do wish for a real food log so I don’t need to also pay for additional apps. It would be great if OURA would track macro & micro nutrients alongside calories",7.25.0
Oura,app_store,us,14580821678,2026-09-22 17:10:22+00:00,5,Love my Oura ring,"I really love my Oura Ring. I honestly didn’t realize how much I wasn’t paying attention to what my body was telling me until I started using it. I love checking my sleep, stress, recovery, and readiness and actually understanding why I may feel the way I do that day. The app is super easy to use and gives me useful information without making it complicated. It’s definitely made me more intentional about resting when I need to, moving more, and just taking better care of myself overall. So glad I finally got one.",7.25.0
Oura,app_store,us,14580371704,2026-09-22 14:54:13+00:00,2,Nonsense,"Occasionally it reflects my actual experience, but mostly it’s laughable. When I sleep restlessly through the night it shows a score in the low 60s, when I’m awake all night after a stressful day it shows high 70s and low 80s. The best part of the ring is that you need to update the software multiple times per month. It’s basically worthless",7.25.0
Oura,app_store,us,14580112411,2026-09-22 13:38:53+00:00,5,Medical Device?,"No, a wellness device with  info that is Very helpful supporting health and lifestyle!",7.25.0
Oura,app_store,us,14579181266,2026-09-22 07:52:32+00:00,5,Love the app,"Great useful data, well laid out",7.25.0
Oura,app_store,us,14578666793,2026-09-22 03:49:01+00:00,1,Bad,Ring only last 24 hrs after 1 year.   It constantly disconnects and has a difficulty reconnecting to the app.,7.24.0
Oura,app_store,us,14578344293,2026-09-22 01:35:51+00:00,5,More accurate than Apple Watch,"Amazing, low maintenance, highly accurate! Highly recommended",7.24.0
Oura,app_store,us,14577745026,2026-09-21 21:40:26+00:00,5,Excellent Insights,My ring showed signs of poor sleep and potential blood pressure issues. I’ve had a sleep study and started CPAP because I could show the doctor my reports.,7.24.0
Oura,app_store,us,14576516883,2026-09-21 14:58:02+00:00,1,Sleep Tracking not working,The sleep tracking is not working on my or my husbands phone. We have reset the ring multiple times with no luck.,7.24.0
Oura,app_store,us,14575037937,2026-09-21 05:29:20+00:00,3,Nap Detection,"I really enjoy my Oura Ring, especially for letting me know when I may be getting sick or when my body is experiencing extra strain, as well as for tracking my activity. However, I’m a heavy napper, and while the ring fits snugly on my finger, it sometimes fails to recognize my naps even when they last 1–2+ hours. My biggest frustration is that there’s no option to manually log a nap when it isn’t detected.",7.24.0
Oura,app_store,us,14574798379,2026-09-21 03:38:27+00:00,1,Great when it works,"Fails to connect way too often even when charged and only feet away from iPhone. Software is buggy 
Won’t let me in to anything except the app not recommended at all",7.24.0
Oura,app_store,us,14574723943,2026-09-21 03:05:53+00:00,1,Awful,"Connectivity has been miserable, I’ve tried to leave reviews on amazon and the website and Google. They’ve obviously done a great job at preventing those from going through since I wrote out two that didn’t save and reset. I’ve had, and been wearing mine for over a week. App says it’s connected and the ring has 35% battery left, yet just spins and says not connected nor will it pull any data into the app or let me know what has been going on. Sort of the entire point of this thing. So far: full charge, wear non stop for 8 days. Zero data, zero connectivity, zero reason it isn’t working and no idea how to fix.",7.24.0
Oura,app_store,us,14574415607,2026-09-21 01:02:10+00:00,1,Junk,It does not tell me anything,7.24.0
Oura,app_store,us,14574162700,2026-09-20 23:21:24+00:00,5,love it!,Great product!,7.24.0
Oura,app_store,us,14572450717,2026-09-20 14:15:30+00:00,1,metric calculations needs to be revisited,"I’ve been an Oura customer long enough to know this isn’t just one bad reading, the product has become increasingly difficult to trust.

There have been multiple times when I’ve felt completely calm and relaxed, yet Oura has told me I was under significant stress. The most ridiculous example was during a massage, when Oura somehow logged nearly three hours of stress. If the ring can’t accurately distinguish between actual physiological stress and someone lying on a massage table relaxing, then I have to question how useful that data really is.

The guidance is also constantly contradictory. Oura tells me my HRV is low, my recovery is poor, and I should take it easy, then in the same breath gives me a 10,000+ step target. If I push myself, my recovery suffers. If I rest, I miss my activity goal. Either way, my scores take a hit. At some point, the product stops feeling insightful and starts feeling like a system designed to tell you that you’re doing something wrong no matter what you do.

The battery life is another disappointment, especially for a device at this price point. And I paid extra for the gold finish, which has aged so poorly that it now looks cheap, worn, and frankly embarrassing. Charging a premium for a finish that deteriorates like this is unacceptable.

There are far more smart-ring options available now than when I originally bought Oura. Based on my experience, I would not spend my money on another one unless Oura can show that the quality, durability, battery performance, and accuracy have actually improved.

For a product that positions itself as premium, my ring no longer looks or performs like one. I’d expect Oura to stand behind the product and offer a replacement or another meaningful resolution, because at this point I certainly wouldn’t feel comfortable paying full price for another ring.",7.24.0
Oura,app_store,us,14571831706,2026-09-20 11:04:59+00:00,2,Another issue,"I’ve had every single version of the Oura ring since it first came out. and I’ve always been a big supporter of know thyself and individual access to one’s own data however, over the last four years, I’ve had to have a warranty replacement every six months, and I just got the iPhone 18 Pro Max, and the ring just stopped connecting. I was able to set it up one time, stopped connecting, had to do a factory reset on the ring. lost my data for the day, woke up this morning and again can’t connect, so they’re sending a replacement ring. This is just frustrating and tiresome - I’m wondering if they did a full QC of the ring, the app, and the iPhone 18 Pro Max",7.24.0
Oura,app_store,us,14570753561,2026-09-20 03:23:36+00:00,1,Your device is nothing,"Your ring is expensive and is nothing without subscriptor, nothing!",7.24.0
Oura,app_store,us,14570593784,2026-09-20 02:18:48+00:00,1,Aura 5 is a poor piece of technology,"The Aura 5 has a known glitch that erroneously logs high calorie burns and workout minutes. Aura is aware but apparently as of now, are unable to fix the issue. I had to stop it from writing to my health app as it was totally distorting my numbers. Stick with the Aura 4. My wife’s Aura 4 has given her no problems. Stay away from the Generation 5!!!",7.24.0
Oura,app_store,us,14569574819,2026-09-19 19:44:10+00:00,1,App crashes and won’t sync data to log in,"Title says it all. Mixed to iPhone, used the app once, and then it just crashes. Deleted and reinstalled multiple times to try to reset it and now it won’t re-sync days to log me in. Just says it has a problem. Guess I’m just gonna go back to my watch. 🤷🏼‍♀️🤷🏼‍♀️",7.24.0
Oura,app_store,us,14568734990,2026-09-19 15:28:13+00:00,2,Missed tracking,If I don’t go in daily and confirm my activity nothing is tracked. Doesn’t really make sense to me. Been missing the tracking for by busiest days,7.24.0
Oura,app_store,us,14568639451,2026-09-19 15:01:41+00:00,5,Grandes mejoras,Desde Julio lo he estado usando y he seguido la sugerencias y de un promedio de recuperación del 40% en promedio hoy puedo decir que estoy en el 80% . Desde Julio lo he estado usando y he seguido la sugerencias y de un promedio de recuperación del 40% en promedio hoy puedo decir que estoy en el 80% Punto. Estamos en la mitad de septiembre Estamos en la mitad de septiembre,7.24.0
Oura,app_store,us,14567750070,2026-09-19 10:29:37+00:00,5,Life changing!,Had helped me to organize my health issues in ways I couldn’t have even imagined😁,7.24.0
Oura,app_store,gb,14567226855,2026-09-19 07:01:33+00:00,5,Useful.,"This Aura ring is ideal if you are young and want to use it to check all your daily activities, but not all the items on the app are used by myself as an 82 year old male.",7.24.0
Oura,app_store,us,14564735966,2026-09-18 15:36:57+00:00,5,OURA is amazing,"I definitely recommend the Oura ring. It is an effortless way to measure your health. Sleep exercise, hot health, and if there is an issue in your body. Which did alert me I was having a diverticulitis attack. And it warned me a day before it happens, which then I did end up in the hospital. But if it wasn’t for the Oura ring I would’ve let it go on longer but because of the warning I went straight to the doctors so I thank you for a ring.",7.24.0
Oura,app_store,us,14564432468,2026-09-18 14:11:47+00:00,2,Inaccurate,I was dancing for 2.5 hours then had an hour strength training workout. My ring said I burned 2 calories. What a joke. My stress levels don’t feel accurate to what I’m feeling. Hard to trust any of the stats on this ring.,7.24.0
Oura,app_store,us,14564116265,2026-09-18 12:40:18+00:00,5,Ring,I LOVE MY OURA RING!!!!! WOWSER,7.24.0
Oura,app_store,gb,14563597867,2026-09-18 09:40:31+00:00,5,Oura ring,"This is wonderful, beyond just good! I feel better when I tag and I know it analysis it all, best to be completely open. I’d be lost without this, future is scary but this does help.. please doubters give it a go, expensive but once you have it a couple of months it’s amazing, mine never off, I make sure it’s clean and charged! Just “wonderful” for people recovering illness , loss, alone or just need that bit extra reassurance. Does it all 🙏🏽",7.24.0
Oura,app_store,us,14562956857,2026-09-18 04:47:05+00:00,5,Best purchase,"I’ve lost 30 pounds prepping for my wedding and I truly credit my Oura ring for a lot of that. Seeing my daily caloric burn, my sleep score, and my readiness score has helped gauge my health and keep up with my habits. Seriously worth the money, I’m never taking mine off!!!",7.24.0
Oura,app_store,us,14560749192,2026-09-17 15:10:18+00:00,4,"Helps me track sleep, but locator is not precise — look at Wunderfind","The app really is user friendly, slick design, and helpful with one exception: the ring locator. This could be a lot more precise! It was almost impossible to find a lost oura ring because instead of a % signal strength, it just says a generic “Nearby”. I’d recommend the devs consider replicating Wunderfind or referring to a similar app which provides more precision. This way future users could avoid the same pitfalls.",7.24.0
Oura,app_store,us,14560073308,2026-09-17 11:51:07+00:00,1,Stop working,"My family bought it as a birthday present, it worked fine for about 40 days and now it doesnt open the app… It crashes every time for no apparent reason.",7.24.0
Oura,app_store,us,14557175934,2026-09-16 16:34:17+00:00,5,No better device anywhere,I got my ring when they first became available.  The amount of info provided and actionable suggestions does make a difference.  Its the first thing i check every morning.  Nothing else compares.  They constantly improve functionality.  Customer support is pleasant and actually resolve any issues.  Kudos to the Oura team.,7.24.0
Oura,app_store,us,14557061728,2026-09-16 15:59:57+00:00,4,Synching and battery problems,My ring is not even a year old and I have been experiencing multiple daily synching problems and fast battery depletion.,7.24.0
Oura,app_store,us,14556759357,2026-09-16 14:33:06+00:00,4,Good but location access needs to be addressed,"I do like how this app complements the ring. It can be tricky to navigate and find specific things, but overall, it’s good. What bothers me is I have location set to only while using app - with any other app, I can “minimize” it, and the app stops using my location (at least to the naked eye). I’ll minimize Oura, and the big blue arrow, like I’m using directions or whatever, is full on in the Home Screen. And my phone is always in low battery mode, so having that always on sucks battery life down even faster. I have to close out of the app completely .",7.24.0
Oura,app_store,us,14556522320,2026-09-16 13:25:38+00:00,1,Awful Since the 5 Came Out,"I used to love my Oura Ring 4, but since the 5 came out, my ring dies within 24-48 hours whereas before it would last 5-6 days before needing to charge. Sometimes my ring does not read my vitals or my sleep data. When I open my app, it’s unable to find my ring. I know companies slow down older modeled devices but since the 5 came out, it’s VERY apparent that they slowed down the 4 and created all these bugs/issues. It doesn’t even make me want the 5, it makes me not want to wear my ring anymore.",7.24.0
Oura,app_store,us,14554752666,2026-09-16 01:42:51+00:00,1,Food track,"The ring is pretty good so far. Food tracking is pointless, it doesn’t tell you anything about nutrients or calories.",7.24.0
Oura,app_store,us,14554561114,2026-09-16 00:27:42+00:00,5,Please develop the iPad version of the app.,"Hardware and iOS versions of apps are very easy to use, but as a hardware-based and software subscription product, it is far behind the progress of large-screen adaptation. Many pure software applications are already very good for iOS 27 and iPad (the kind used with Apple Watch), and Apple‘s health is also a good experience. If there is an iPad version, I will study my own health data more carefully, which I think is very important to your guys. Plz make sure to list the iPad version development as an important to-do, thank you.",7.24.0
Oura,app_store,us,14554530909,2026-09-16 00:15:48+00:00,1,Battery life,Love the ring however the battery life is now suspect and only lasts 3 days after charging. I’m annoyed that it started to occur right after the annual warranty was up.,7.24.0
Oura,app_store,gb,14553926260,2026-09-15 20:18:43+00:00,1,Still not updating!,"There has been an issue with the app not syncing steps; this has been ongoing for months. Oura are aware but have not fixed the issue. For an app that has a monthly subscription cost, this is not good enough.",7.24.0
Oura,app_store,us,14553445637,2026-09-15 17:29:03+00:00,5,Love it!,Love my Oura ring. Battery life is amazeballs. Super happy with the purchase,7.24.0
Oura,app_store,us,14551301548,2026-09-15 03:52:03+00:00,2,"Good Ring, Terrible App","First off, the UX design is obnoxious and you have to click around a bunch to get to the metrics you actually want to see. Next the individual metrics don’t show deeper readings of my own data. It just explains whatever the metric is. Let us see our own data, thats why I got the thing in the first place.",7.24.0
Oura,app_store,us,14549255562,2026-09-14 15:06:38+00:00,3,"Неплохо, но пока не ощущается что стоит своих денег","Странный высокий уровень стресса, который непонятно как рассчиьывается, маловато конкретики для постоянно получаемых точных данных, не особо дружелюбный интерфейс,   в котором чтобы найти что-то конкретное, нужно перерыть все приложение, нет русской версии и даже ии в приложении из-за внутренних ограничений не может отвечать на русском.",7.24.0
Oura,app_store,us,14548675780,2026-09-14 12:09:24+00:00,3,Battery life,I charged my ring last night and in  12 hours it went down to 48%. I’ve had the ring 1 year. This is disappointing.,7.24.0
Oura,app_store,us,14548308328,2026-09-14 09:52:30+00:00,1,Battery life issues.,"Already charging premium for the ring monthly.  Used to be a customer for years, after having battery issues looking to switch to alternatives.",7.24.0
Oura,app_store,us,14546606877,2026-09-13 21:20:48+00:00,5,Visão detalhada,O Oura me ajudou a entender meu cansaço pós horas de sono e melhorar pontualmente aonde esta o problema é administrar,7.24.0
Oura,app_store,us,14546362636,2026-09-13 19:54:00+00:00,3,"Love the ring, but the app gives me problems",The ring is amazing. I wanted to track my sleep and monitor my stress levels and the times that I experience stress the most. This ring does both and so much more. The only issue I have is with the actual app. Most times the app does not open for me. It constantly shut down. I would love for whatever the glitch is to be fixed. I would give five stars if the app that is used in conjunction with the ring would work on my phone. I have an iPhone 17 Pro Max.,7.24.0
Oura,app_store,us,14545638690,2026-09-13 16:14:55+00:00,5,Best of the Best,This Smart Ring is one of the best things I’ve ever bought,7.24.0
Oura,app_store,us,14545425214,2026-09-13 15:15:30+00:00,5,Ring 5,"Absolutely love my Ring 5! It’s beautiful, comfortable, and I love how much insight it gives me into my sleep, recovery, and daily activity. I wear it every day and barely notice it’s there. Definitely one of my favorite purchases!",7.24.0
Oura,app_store,us,14542824243,2026-09-12 23:10:59+00:00,1,"Firmware update is an own-goal, blew out my ring. Why??","Was working fine until a firmware update I didn’t ask for. Update your app!  Do this! Do that!  


Previous:
Had v2.  It was fine. 
Got v3.  Tracks a couple more things. Invaluable sleep tracking. 
I cannot wear a watch at night it wakes me up. Ring you forget you have on. 

To anyone thinking this is a day time tracker you are mistaken. None of that works. But that’s ok that’s not why I bot it. I wear the Apple Watch which is literally 10x the size.   It’s just a very good sleep tracker with HRV and pulse.  

Don’t expect more, don’t be disappointed.",7.24.0
Oura,app_store,us,14541973773,2026-09-12 18:01:16+00:00,4,Hoping for future integrations,I’m hoping that they will provide future integrations with Apple health and Dexcom import health information along with Omron for their health information.,7.24.0
Oura,app_store,us,14541805419,2026-09-12 17:09:46+00:00,5,Love my oura ring and love the app,No problems with the app. Helps me keep track of my sleep and aligning how I feel at the start of the day BEFORE checking my readiness score and its very accurate. Tells me when Im about to be sick! such a worth it purchase,7.24.0
Oura,app_store,us,14541383675,2026-09-12 15:09:27+00:00,5,Excellent User Experience,Beautifully designed application. I always look forward to making Oura a part of my day.,7.24.0
Oura,app_store,us,14540633768,2026-09-12 11:30:59+00:00,5,The best!,Best app to track all my things. Workouts. Cycles. Sleep patterns. Even notice what disrupts my sleep.,7.24.0
Oura,app_store,us,14538036582,2026-09-11 18:30:37+00:00,5,Positive words,This has been so helpful to change my lifestyle! I would highly recommend!,7.24.0
Oura,app_store,us,14537652184,2026-09-11 16:26:13+00:00,5,Maravilloso accesorio,Me ha ayudado mucho especialmente a dormir mejor !,7.24.0
Oura,app_store,us,14537300961,2026-09-11 14:43:00+00:00,5,The best wearable,"I’ve used many health trackers, and oura ring beats them all.  I’ve had it for over 3 years and it’s helped me so much in my health, specifically my sleep insights.  Would definitely recommend.",7.24.0
Oura,app_store,us,14534572894,2026-09-10 21:00:35+00:00,2,self-contradictory & gaslighting,"UPDATE: The app’s Sleep Score just told me literally this: 

Coffee talk
You got less deep sleep than average last night. This could be due to your late coffee yesterday.
To help improve your chances of getting more deep sleep, try to stick to caffeine-free drinks in the late afternoon and evening.

It literally made this up. I didn’t drink coffee and more importantly I didn’t log anything so where did that come from?! “Advice” based on an assumption/accusation is NOT useful bc it’s not based on ANY facts. PLEASE FIX THIS. 

—-

Oura recognizes different chronotypes, but the app still forces everyone into a midnight cutoff that doesn’t match real sleep patterns. If I’m awake after 12 AM, I have to scroll back to the previous day to see my data, which makes the app harder to use and splits sleep and activity across two days. Please let members define their own day boundaries, or set day and night timing based on their chronotype, so the app supports their natural rhythm instead of fighting it.",7.24.0
Oura,app_store,us,14533047616,2026-09-10 13:03:54+00:00,4,Great health tracker,"It’s is a very good health tracker. It has a very friendly, easy, and fully featured interface.  The design is elegant and comfortable. My only concern is everytime has a software update, the accuracy changes. It is very notorious",7.24.0
Oura,app_store,us,14532941637,2026-09-10 12:32:49+00:00,3,Great Idea Not Accurate,"Tracks my steps appropriately, but what I was really interested in was my sleep metrics and it is way off. I mean by hours.",7.24.0
Oura,app_store,gb,14532527946,2026-09-10 10:16:16+00:00,1,"Great App poor finish to ring, expensive monthly subscription","App and function fantastic, stealth ring finish scratch’s really easy.  Oura sent a replacement but then turn old ring off so can’t have one for hard use and one that remains looking nice.  Monthly charges very expensive compared to others.  Also Oura can remotely turn rings off which feels wrong when you pay £500 for a ring.  The actual ring is only worth a few £s you paying for the functions so with monthly charges and Oura been able to remotely turn rings off I would seriously question value for money.",7.24.0
Oura,app_store,us,14531550793,2026-09-10 03:00:09+00:00,1,No more sleep data,It somehow updated the firmware without my permission and now sleep data is no longer being recorded into the app.,7.24.0
Oura,app_store,us,14530947382,2026-09-09 23:05:33+00:00,1,Waste of Money,The Oura ring doesn't capture activities on real time compared to apple watch.  Return the ring and don't subscribe. No worth it.,7.24.0
Oura,app_store,us,14529737494,2026-09-09 16:08:52+00:00,4,Feature request,"I wish there was a way to save your “Other” activity names, so it wouldn’t needed to be re-typed every single time. 

For example: I wear my Oura ring daily, while using my Hypervolt for very active fascia release sessions. While the ring monitors some activity has occurred; I hate that everyday I have to re-type the activity name “Hypervolt” to accurately capture the effort. Same for when I’m using a mobility stick or mace which the app adoringly calls “Pilates” :/

If the app could just save at the top, maybe a list of the 5 or 10 most manually recently added “Other” activities that would be so perfect!",7.24.0
Oura,app_store,us,14529217247,2026-09-09 13:38:20+00:00,1,App always freezes on update,This app is the only one on my phone that just refuses to update. It always gets stuck updating. Ever since I’ve had it which has been about a year. Fix it.,7.24.0
Oura,app_store,us,14527781321,2026-09-09 04:07:35+00:00,2,Scam,"I enjoyed oura and the insights for the first 7 months. When they rolled out a new ring model, mine started having issues. I thought it was the battery deteriorating. It started needing a charge more frequently. After only 7 months of use. Now in almost a year, it does not stay connected for more than a couple of hours, but I’ve discovered it’s not a battery issue. It disconnects and won’t connect back to Bluetooth until it’s placed on the charger, but when it gets put on the charger and reconnects it shows full battery life. So in my opinion, oura rolled out an update on their app to cause issues with oura ring connection for older models to move us to purchasing a new ring. Scam as hell. I can’t wait to find a new ring.",7.24.0
Oura,app_store,us,14527623938,2026-09-09 02:57:44+00:00,4,Latest updates have made things worse.,"I’ve been using the Oura app for six years now. Overall I’ve been very happy with it. Lately though, the app records a randomly named workout that I haven’t done. But I’ll do an actual workout and it won’t record it. Lately I’m only satisfied with the sleep recording feature. I hope there is a future solution to this that sticks. Thanks.",7.24.0
Oura,app_store,us,14527482315,2026-09-09 02:00:20+00:00,4,Postpartum,I wish I could tell my ring I’m postpartum and have it adjust my calories and sleep expectations accordingly,7.24.0
Oura,app_store,us,14526843979,2026-09-08 21:49:12+00:00,5,Oura Love,"I really like my ring, got rid of my Apple Watch for the ring and have never looked back. I couldn’t wear my watch at night. Lots of great info and suggestions . Practically tucks me in at night.",7.24.0
Oura,app_store,us,14526598055,2026-09-08 20:18:49+00:00,1,Well to update on my earlier review…,"After trying to steal with Oura’s AI bot Finn, I posted a review.  The review did get a reaction, except they sent me right back to their AI bot.  And once again they say nothing wrong.  Since they don’t promise 6-9 days - it is perfectly acceptable to see only 3 days and a 15% drop in less than 7 hours.  The items they told me to turn off have not been on (o2 and Activities). Not sure why activities - surely they tested with activities on, since that to me would be a pretty important feature to be using.  And I am unable to use the self-service portal since I did but the item through amazon, so they obviously don’t recognize anything not purchased directly through them.  At the moment I will wait and see if someone (a live person) actually contacts me.  And since when reaching out to me following my review and sending me right back to their AI Bot I am dropping my review to 1-Star.  I’ll update once I hear something more.",
Oura,app_store,us,14526395684,2026-09-08 19:09:45+00:00,2,Travel? It doesn’t follow you….  Slider edits don’t work. Forced Sleep times inaccurate.,"If ring goes battery dead in the night, the sleep becomes a nap. Not a “ring died” inaccurate sleep data detected. 
Edit again:  time in bed. I got in bed at 22:15 & asleep by 22:20. Phone woke me up at midnight. Went back to sleep within 10 minutes . Oura says i got in bed at 02:50a & shows 5 hours of sleep. Sliders only go Less, in an edit. Cant go more. Why? Why cant I slide both directions to enable accuracy?



EDIT: for a team that focuses on tracking all this data no not have a dial or an option to adjust ACTUAL sleep times (or in bed times), shift time zones to match body clock, etc, is kind of growing in frustration. Its a true bummer, and has made the ring an expensive pedometer. 
Original review: 
Time zone changes. When a person moves through 3 or 4 time zones daily as a flight crew for work, this ring had a difficult time tracking the change at all. It changes the data based on time vs body time. I operate 3 or 4 days a week between hawaii time zone and east coast. Some days my physicsl activity is cut short due to later zone. Would ne nice to have a feature that could see & compare between body clock snd current time zone.
Sleep data, is stumpped if you take a red eye, travel, work variable shifts.  A “ xx hour flight” to “time zone X” ?",7.24.0
Oura,app_store,us,14525941300,2026-09-08 16:43:57+00:00,3,Too much battery drain from location service,App is nicely done and insightful but it seems to constantly have gps on so I had to disable it as it was draining my battery too fast.,7.24.0
Oura,app_store,us,14525541628,2026-09-08 14:44:37+00:00,2,Amazing hardware with terrible app,"The hardware is fantastic, but the app is genuinely one of the least intuitive apps on my phone. There’s so much valuable data being collected, yet somehow it’s incredibly difficult to find what I’m looking for or understand what actually matters.

The navigation and information hierarchy just don’t make sense. I constantly find myself clicking around trying to remember where a metric lives, scrolling through oversized cards, or digging through multiple screens to understand what changed and why. For a product that is supposed to help you understand your health at a glance, the app makes simple information feel unnecessarily complicated.

It’s especially frustrating because the Oura Ring itself is so good. The hardware feels polished, effortless, and thoughtfully designed. I just wish the software experience matched it. The underlying data is incredibly valuable — it needs a much simpler, more intuitive UI.",7.24.0
Oura,app_store,us,14524942272,2026-09-08 11:42:44+00:00,5,Great personal assistant!!,Having more data points to put into your daily health diary only improves your ongoing knowledge of how your body is functioning. This is one of the positive contributions from AI. I can only imagine what future Ring models will provide!,7.24.0
Oura,app_store,us,14521237666,2026-09-07 12:43:18+00:00,5,Unbelievable,I was diagnosed with heart failure almost 2 years ago. My wife bought my Oura ring to help track my health and it’s unbelievable how accurate the data has helped me. I highly recommen an Oura ring!,7.23.1
Oura,app_store,us,14521151840,2026-09-07 12:14:50+00:00,4,Bueno,Bueno,7.23.1
Oura,app_store,us,14520238820,2026-09-07 05:33:05+00:00,1,Random calorie recording,Everything was fine before but since 2 weeks ago the calorie recording became random and unusable. There are times when I didn’t move; it would record hundreds of calories while noting that there is no distance moved,7.23.1
Oura,app_store,us,14519740258,2026-09-07 01:52:35+00:00,1,My Oura ring is dying super fast and they refused to replace it,I have the warranty but they refuse to honor it. The Oura customer service is literally just a robot that tells you your ring is charging fine despite it dying every day. It’s advertised as something that lasts 4 days yet can’t last a single day,7.23.1
Oura,app_store,us,14519326415,2026-09-06 23:01:28+00:00,2,Blood oxygen metrics inadequate,"Oura’s documentation says that blood oxygen is measured “continuously” during sleep.  If that is the case, why can’t Oura provide statistics such as “percent of time below 90% blood oxygen saturation”, “percent of time below 85%”, etc.?  Or instead of percent of time, maybe cumulative seconds or minutes at those levels during sleep.  This would be far more useful than the graphics that are currently the norm for Oura.",7.23.1
Oura,app_store,us,14519200430,2026-09-06 22:09:21+00:00,1,Waste of money don’t work,Trash,7.23.1
Oura,app_store,us,14518995284,2026-09-06 20:48:41+00:00,5,Life changed,This is a game changer . If this ring can add 10 years to my life or even 5 it’s a steal . I have a buddy who works at best buy and he stated “ no one ever returns this ring “ . I’ve always been skeptical but going from 286 to 229 I am a fan and will never ever try anything but a oura product …,7.23.1
Oura,app_store,us,14518797720,2026-09-06 19:37:24+00:00,5,My OURA,This has really changed my life in the ways it supports my good habits and helps me track what I can improve.,7.23.1
Oura,app_store,us,14518474634,2026-09-06 17:51:23+00:00,1,Rigid Onboarding Data Lock - AMATEUR UX DESIGN,"I can’t fathom with a $500 product wouldn’t allow the ability to correct the information inputted during onboarding. If someone makes a mistake, it’s just locked ? This disproportionately affects women and cycle tracking. This is basic UX   design - all the cycle tracking apps allow for editing for historical data to provide an accurate view. Fix it and then maybe women would have a better experience on this app.",7.23.1
Oura,app_store,us,14517962293,2026-09-06 15:19:13+00:00,1,Signing up sucks,Sad,7.23.1
Oura,app_store,us,14517544806,2026-09-06 13:19:46+00:00,5,Excellent,Excellent product and product support. I love my Oura ring and the data it provides.,7.23.1
Oura,app_store,gb,14516709267,2026-09-06 08:15:21+00:00,5,Oura3,"Yes I have the old model. Thought I’d try it first. Had it from new for over a year.

No way would I go back to a “ smart Watch” it’s superb. Very relatable and exceptionally well made. 

I charge it each morning as a routine. But it can hold its charge for 6 days ( still!) 

I will upgrade without question to the Oura 5 in the near future. But my 3 is still working perfectly. 

The App is outstanding!",7.23.1
Oura,app_store,us,14515349573,2026-09-05 22:57:59+00:00,5,Highly recommend!!!,This is my second Oura ring. I am an RN in the ED and this ring helps me manage stress and monitor sleep during the most difficult of days!!! Highly recommend!!!!,7.23.1
Oura,app_store,us,14514848982,2026-09-05 19:45:08+00:00,2,Battery doesn’t last a week.,I got my ring end of spring and for the first couple of months it definitely lasted a full week in a full charge. But recently like u fully charged it lat Thursday and in Saturday the ring showed only 35%.  That by EOD on Sunday it will have less than 10%.   At the moment I am looking into what to do to contact support and what resolution they will offer.,7.23.1
Oura,app_store,us,14513869334,2026-09-05 14:47:56+00:00,5,Oura did help with my sleep,In the past 1.5 years I uploaded the reports every morning.  These reports help me to understand my sleep patterns and gave me information on how to improve the situation.,7.23.1
Oura,app_store,us,14512522788,2026-09-05 07:03:40+00:00,2,Gets stuck in terminal load mode for updates.,I love the ring and the app but getting the damn thing to update from the App Store is a pita! Every single time I’ve had to update it goes into spin mode on the screen and it sometimes updates and other times it just stops updating and tells me an update is available… damned annoying.,7.23.1
Oura,app_store,us,14512050408,2026-09-05 03:40:22+00:00,1,Freezes,App freezes up,7.23.1
Oura,app_store,us,14510567770,2026-09-04 18:20:13+00:00,3,Location tracking off,"I love my ring, have had it for a year and the only complaint I have is that the app does not continuously track where my ring is at during the day. I’ve lost it a couple times and when I check the app to see its location it will tell me the location from hours ago despite me having the ring on the whole day(bedsides when it got lost) considering how much the ring cost you’d think the tracking would be more accurate",7.23.1
Oura,app_store,us,14509746807,2026-09-04 14:14:20+00:00,1,I don’t know,"The accuracy seems off to me. Everytime it says I’m stressed I’m
Not and when I am stressed it’s now showing … plus it keeps saying I’m
Dancing rather than other things. 

Just doesn’t seem accurate. Plus my first one just stopped working now i am on my second one.",7.23.1
Oura,app_store,us,14509630937,2026-09-04 13:42:10+00:00,5,Good updates,Thanks for fixing the tag entry portion of the app with this update,7.23.1
Oura,app_store,us,14508172874,2026-09-04 04:19:03+00:00,1,Absolutely atrocious connectivity for the 4 after the 5 came out.,"Your app sucks for previous rings. I work out every single day, I have utilized everything this app offered, and what do I get out of it? I get an outdated Oura ring 4 once the 5 came out that barely syncs and no longer even records my sleep data. I literally work out for 2.5-3 hours a day and for an app to charge money on top of a 400 ring, I expect it to perform even for past models. It’s an epic fail, shame on you. I’d give you 0 stars if I could.",7.23.1
Oura,app_store,us,14507333036,2026-09-03 22:33:14+00:00,3,Sleep rating,Comparing reading with  other reading it appears any hour,7.23.1
Oura,app_store,us,14507056305,2026-09-03 20:45:23+00:00,2,Requires credit card to use👎🏻,You have to give them your credit card info to even use the app??? I hate that so much🤬,7.23.1
Oura,app_store,us,14505980951,2026-09-03 14:54:09+00:00,3,Extra fees,Don’t love that you have to pay a subscription. Feels like paying twice for the device,7.23.1
Oura,app_store,us,14505897331,2026-09-03 14:29:42+00:00,4,Great Product,"Great product, has really allowed me to track confirm and plan a lifestyle that helps me meet my goals. I only have one. Wish and that is the the homepage with result summaries, had the ability to provide more real time information, or easier to locate maybe a better way of putting it. I’m a person that likes to see where I’m at while performing my activities.",7.23.1
Oura,app_store,us,14503908139,2026-09-03 01:29:17+00:00,5,Great,"I really enjoy Oura, great tool, key to improve and to learn about my sleep and general well being as well as contrast my routine activities with my metrics",7.23.0
Oura,app_store,us,14503538414,2026-09-02 23:02:31+00:00,1,Oura Ring is awful for night shift workers,"I can’t even use my ring for its main purpose, to track my sleep. It used to be available the same day. The score would be slightly lower but it would still at least work. With this last update they did though my sleep doesn’t update until almost 2 days later. Everything is inaccurate now and I have no purpose for the ring",7.23.0
Oura,app_store,us,14502645262,2026-09-02 17:37:29+00:00,2,GPS location tracking is back,I ran 3 miles and it said I ran 1.4 miles. It is extremely off which pokes wholes in all its data for me.,7.23.0
Oura,app_store,us,14502532179,2026-09-02 17:01:21+00:00,1,Oura Ring 4 excessive problems,"My wife, myself and a friend all got the Oura ring 4 and all of us needed to exchange our rings due to problems with the battery life. My wife is now on her third ring, I had to exchange mine once and a friend had to exchange his once as well. Each time aura had responded by saying there is a hardware issue specific to the ring and then resent a new ring which is very kind of them however, ultimately I wish I had asked for a refund within the warranty period because clearly the hardware is faulty overall and not specifically my ring. 5 of the 7 rings that I am personally aware of have had “hardware issues.” Replacing one faulty ring with another is bad business. Oura made no effort to exchange the ring with a better version or offering to refund my money. They simply kept replacing it with equally poor hardware. 

I gave up trying after my second ring started to malfunction, and the Oura rings AI tests indicated it was within their permissible guidelines. However, none of their products have lasted a year without having noticeable changes to the rings performance. 

I highly discourage anyone from buying this product as it is faulty.",7.23.0
Oura,app_store,us,14498999074,2026-09-01 19:17:39+00:00,2,"Ring great. Ai slop, less so",I like the ring and feel it gives good insights but the ai slop bolt on for the advisor is garbage. It pings non-issues multiple times at once and then loses track. Very much a “give us investment money because we do AI”,7.23.0
Oura,app_store,us,14496522097,2026-09-01 05:05:46+00:00,1,The steps,"Oura Ring 4 is counting steps while I’m driving,This started recently and didn’t happen before, Every time I drive, the Activity tab shows a noticeable increase in steps that clearly aren’t real walking",7.23.0
Oura,app_store,us,14494866377,2026-08-31 18:26:10+00:00,5,Most comprehensive health monitor,I like Oura ring and I just love its app. It provides such an intuitive experience about health readings and insights. I find it’s so amazing how app provides so much inbdepath health insights,7.23.0
Oura,app_store,us,14494613903,2026-08-31 17:04:32+00:00,4,Ultimately Good,The only problem I’ve had is it’s not accurately reading my steps. I put my Fitbit back on and it’s about 1000 steps off. They said it’s a problem with the iOS app.,7.23.0
Oura,app_store,us,14493342645,2026-08-31 10:35:32+00:00,5,Life-Changing Health and Wellness Companion,"My Oura Ring has been one of the most valuable investments I've made in my health. What started as a tool to better understand my sleep and recovery became a catalyst for meaningful changes in my overall well-being.
One of the most important benefits was that the sleep and oxygen saturation insights highlighted patterns that prompted me to investigate my sleep health further. This ultimately led me to seek medical evaluation and treatment for obstructive sleep apnea (OSA), which has significantly improved my quality of life.
Beyond that, Oura has played a key role in helping me stay accountable on my wellness journey. The daily readiness, activity, and sleep metrics keep me motivated to make healthier choices and maintain habits that support my blood pressure and overall cardiovascular health.
As someone who works overnight shifts, maintaining a healthy sleep routine can be challenging. Oura helped me better understand my body's chronotype and how my unique sleep patterns affect my recovery and performance. Using those insights, I've been able to establish a more consistent sleep schedule despite the demands of overnight work.
What I appreciate most is that Oura doesn't just provide data. It turns information into actionable insights that empower you to make better decisions every day. For me, it has been more than a fitness tracker; it has been a wellness coach, a source of motivation, and an important part of my journey toward better health.
Highly recommended for anyone looking to gain deeper insights into their sleep, recovery, and overall well-being.",7.23.0
Oura,app_store,gb,14491233874,2026-08-30 20:06:11+00:00,5,Oura,Fab ring! It broke after a year and Oura sent out a new one within a day free of charge,7.23.0
Oura,app_store,gb,14490254966,2026-08-30 15:06:39+00:00,1,Useless sleep detection,One of the main reasons I chose Oura was the sleep detection. After having 2 replacement rings this is still rubbish. 9 times out of 10 it says I’m not asleep before midnight. So all my sleep history is laughable. There is no method to amend. Seeking support this is happening to others. I’ll persevere incase there a significant update. Else an expensive item of jewellery not fit for purpose,7.23.0
Oura,app_store,us,14487193549,2026-08-29 19:32:46+00:00,4,Love the data,"I really love the data that the ring provides. I’m a huge data nerd so I love having charts and graphs and that it’s exportable. However, the ring doesn’t count for biphasic sleep. So my sleep score isn’t actually accurate because if the “ nap” is greater than four hours. It doesn’t count it toward your sleep score. Other than that, I’m loving what it provides. I also wish there was more details on why somebody is in a critical zone but that wouldn’t really matter if it’s not counting for sleep.",7.23.0
Oura,app_store,us,14486941299,2026-08-29 18:07:55+00:00,2,"Good function, broken app",App consistently crashes and often will not open at all- taking 5 or 6 attempts to open without a crash. Makes product extremely frustrating and nearly unusable,7.23.0
Oura,app_store,us,14486808739,2026-08-29 17:25:48+00:00,5,Meaningful Insight,"I’ve really enjoyed using my Oura Ring. It has given me valuable insight into my sleep quality, recovery, and stress levels, helping me better understand how my daily habits affect my overall performance. I especially appreciate being able to see patterns in my sleep and stress and use that information to make better choices. It’s become a great tool for staying aware of my overall health and performance.",7.23.0
Oura,app_store,us,14486187282,2026-08-29 14:25:16+00:00,3,Biometrics is not great,I have had numerous situations where my sleep tracking and HR has been very off. The ring saying I was asleep when I was very much awake. The HR monitoring being very off. Feeling my pulse and looking at my Apple Watch for a HR of 170 and the ring says my HR is 135. I just haven’t been impressed for the price you pay.,7.23.0
Oura,app_store,us,14486094441,2026-08-29 13:59:20+00:00,2,"Cool at first, but then went down hill…","I’ve had my Oura Ring for over a year now. Everything was easy and seamless up to a couple of weeks ago. For some reason it had been become so much more difficult to use. It keeps losing connection overnight. I thought it was maybe having private relay, VPN’s, low power mode, which were all active prior to the last couple week up until now. Even with all of those things off, it’s still disconnecting while I sleep. Coincidence that this is starting after Oura Ring 5 was released? Maybe, but it’s hard to believe in that being a coincidence. It just sucks that this starts within the 60 days that I actually start to use the app more seriously and after I had already recommended Oura to someone else that was interested.",7.23.0
Oura,app_store,us,14485945320,2026-08-29 13:16:28+00:00,4,Good but...,Can you add Russian language? Please!,7.23.0
Oura,app_store,us,14483648077,2026-08-28 22:04:46+00:00,1,Tracking is completely wrong,"Recently the app is false picking up five-ten false positive workouts a day. It makes it difficult to trust any of the information it is tracking when it tracks me sitting at my desk typing on a keyboard as a 30 minute home workout. If that feature gets fixed, I will update the review, but I’m getting close to not even wearing the ring anymore because its data cannot be trusted",7.23.0
Oura,app_store,us,14482348003,2026-08-28 14:46:53+00:00,1,Workout detection glitch,"My ring keeps recording every day activities as strength training and multiple times throughout the day, even when I’m not doing any exercise at all. Please fix this issue I’m sick of manually deleting excerises.",7.23.0
Oura,app_store,us,14480808491,2026-08-28 05:24:20+00:00,3,It’s okay,"Like a lot of people, I got this ring thinking it would help me out. I soon found out I didn’t wear it much after buying it. First of all, the battery didn’t last long. I also quickly learned that this thing stresses me out a lot. I felt “judged” lol.  I read this was a common problem with this ring. There is a feature where you can take a break but that’s supposed to be for events like after surgery. I want to still know all my information but without feeling judged. I also wanted to check my heart rate often but had trouble finding where to look. There are so many bells and whistles on this thing yet, I just don’t find the information to be helpful to me. As far as young women go, this will track your menstrual cycle etc. but for us perimenopausal women it doesn’t really seem to have much to offer. Maybe I’ll try again and get used to it. But for now it’s more of a headache",7.23.0
Oura,app_store,us,14480608946,2026-08-28 03:54:08+00:00,1,Waste of money,"The app is absolutely useless without the subscription. After paying $500 it doesn’t make sense to pay more for the subscription. Secondly, I purchased the gold ring and in few weeks the gold started fading away. Thirdly, the edges are sharper than they need to be. After wearing the ring for several weeks the edges become a bit not so sharp. I will NOT recommend. Go for other options like onering that are way cheaper and provide many more metrics without any fee. Waste of money. Don’t buy.",7.23.0
Oura,app_store,us,14480331473,2026-08-28 01:59:14+00:00,5,Best purchase,I am really my aura ring Everything is very accurate.,7.23.0
Oura,app_store,us,14478086983,2026-08-27 13:00:56+00:00,3,Dies quickly,Battery dies fast. Only had this 2 months.,7.23.0
Oura,app_store,gb,14476703262,2026-08-27 03:49:40+00:00,2,Updates,Why does it always glitch on every update? It’s the only app I use that does that every single time,7.23.0
Oura,app_store,gb,14475719034,2026-08-26 21:16:39+00:00,1,Poor battery life,Battery on ring 4 needs recharging every 2 days - it’s really annoying,7.23.0
Oura,app_store,us,14474616681,2026-08-26 15:08:12+00:00,5,Amazingg,I really like this thing I wish I’d got it a long time ago. I love getting my sleep score it’s pretty amazing how accurate it is according to how I feel.,7.23.0
Oura,app_store,us,14472749649,2026-08-26 03:31:50+00:00,1,Randomly thinks I’m doing yoga all the time,"In the last week here the app is suggesting an activity when I didn’t do any and thinks I did yoga. This is new. Just giving 1 star to get dev attention. Will modify review once that’s fixed, otherwise all is good.",7.23.0
Oura,app_store,us,14472724898,2026-08-26 03:21:27+00:00,1,"First week of use, not worth the $$$","This is an expensive hardware with a required subscription. I’m coming to the conclusion it’s not worth the $$$ after a week of use for the data it provides.
1. You cannot zoom in into the heart rate data. The graphs space out between a 2 - 6 hr breakdown, that is as close as you can see it. The Learn More option under each graph is solely to “teach you what that metric means”, it’s not further data breakdown.
2. You cannot connect to Peloton or OrangeTheory apps, the data those apps feed Apple Heath is what Oura pulls. It’s not the exact data and it does not pull your heart rate zones. The Contributors breakdown under Activity is extremely misleading, you click on it expecting to see data breakdown and surprise, more teaching text, no data.
3. You cannot zoom in into the sleep data. You can only edit time in bed/out of bed once. Similar to 1 and 2 above, no zooming in, lots of “teaching text” where data should be. 
4. There’s no clear user friendly way to log medical conditions. Their AI customer service (THE worst) gives you wrong instructions and you’re left with nowhere to add what you want. You can add tags, which don’t seem to make any difference into the app use of the data it collected and is more for you to know what you did different that day.
5. Readiness score - it honestly feels like gaslighting. It tells you the app knows whether you’re ready for your day or not. Not you, not your knowing of how your own body feels and how you feel ready for the day when you wake up.
6. Even with notifications turned on, the app does not send you notifications. The only time you’ll see a notification is when you open the app, it updates and surprise again, there’s a notification you should have received 2 hours ago.
7. In some screens they use a (i) for the teaching text, there should be more data breakdown and zoom available and every teaching text displayed in the same consistent manner under the (i) information section.
8. After several dead end tentatives to reach a human and not being allowed by AI, I will NOT try customer service again to solve any of the issues I’ve encountered. 
Some other features are still “calibrating” since it’s my first week using the ring and it needs to collect data. I’m not holding my breath there will be anything worth writing home about when those features are available. Again, not worth the $$$ for what it provides.",7.23.0
Oura,app_store,us,14472352280,2026-08-26 00:55:56+00:00,3,Languages,"It is marketed as being translated into other languages, but 100% of the features are available only in English; usage in other languages ​​doesn't even reach 30%.",7.23.0
Oura,app_store,us,14471873119,2026-08-25 21:43:32+00:00,5,Health,I love my Oura it helps me stay on track!,7.23.0
Oura,app_store,us,14471521820,2026-08-25 19:32:23+00:00,2,Incessant notifications,Enough with the in app notifications to refer a friend and do a health panel!! I have the recommendation notifications turned off yet still receive these notifications daily. Infuriating!,7.23.0
Oura,app_store,us,14471326586,2026-08-25 18:24:34+00:00,5,Need Sleep?,"I’m always tired AND I sleep with a CPAP machine. Once I got the OURA ring, I understood why. I wasn’t really sleeping OR getting the right amount of sleep. The ring shows the types is sleep required (Deep, REM, etc.) by the body. It even shows my deficit; which I’m working on.  Get you an OURA ring and get some sleep 💤",7.23.0
Oura,app_store,us,14470740269,2026-08-25 15:20:34+00:00,2,Promesses but doesn’t deliver,It advertises itself as a tracker. Its insights about sleep and recovery are constantly wrong. They give you a month to return but it takes a month for the device to have an idea of your baselines. So basically it is impossible to return since you need those 30 days to see if it works.,7.23.0
Oura,app_store,us,14470642484,2026-08-25 14:52:05+00:00,5,This has changed my life,Thanks to the Oura ring. I realize how much I push myself when I’m absolutely exhausted when I don’t sleep well. I take the breaks  that are suggested which allows me to sleep better that night!,7.23.0
Oura,app_store,us,14470481405,2026-08-25 14:05:48+00:00,5,Best Smart Ring Yet,"Edit - 8/25 Thank you, Oura team for reaching out and letting me know that Oura will continue to evolve the BP analytics to incorporate age variables. It is much appreciated!

Edit - 8/24/2026 
 Still love the ring but have a recommendation for the blood pressure readings. The app sticks to rigid platform but for us seniors, it would be better if you used our actual age. My 123/70 BP is great for someone in the 70s. Please make it more useful for all age groups- thanks. 

I have used several smart rings and every version of the Oura. They are the best on the market and continually improving it. I wear it every day and many people think it is jewelry. 

Quick question for the Version 4 users. After the recent firmware update, has anyone else had an issue with the battery not holding as well? I’d gotten spoiled with the multiple day battery but am now have very little battery left after 24 hours.",7.22.2
Oura,app_store,us,14469989345,2026-08-25 11:35:03+00:00,4,Ring position,"If the ring is supposed to be positioned so the small white band is near the palm why make the band white which makes it very hard to see on the silver ring. You have to have very good light to find it as it's difficult to find on the silver ring.

Also, This morning there was an update too the app and it stalled for several minutes. So long in fact that I restarted the phone and it still took quite a long time to finish updating.",7.23.0
Oura,app_store,us,14469950403,2026-08-25 11:22:04+00:00,1,Do NOT use Flexpa or Health Panels,"The Flexpa and Health Panels service is a complete scam. Provided my extremely sensitive medical data through the app and the Flexpa service only for Oura to not know what happened a because after more than their stipulated 10 business days it still shows as “processing data”. The Oura reps are an embarrassment that have no idea what to do, even after a $69 membership. Who knows who has my data now and can see all of my medical history. Joke is on me I guess. What a bad look Oura. You are not holding up on your end of the deal and mismanaging sensitive data.",7.23.0
Oura,app_store,us,14466831058,2026-08-24 15:23:34+00:00,5,Love this product,An easy way to keep you healthy,7.22.2
Oura,app_store,gb,14464055678,2026-08-23 21:26:07+00:00,5,Love it … 2 suggestions I would love (Selfish),I do really love how the ring is developing a good knowledge of me and so comfortable.. I’m slowly realising this is for health not necessarily weight loss focused which I do like. Could we have a tab to log fluids though.. as a shift worker when I’m nights I often forget to drink and it would be good to be able too. Leading into next request actually … according to Office of National statistics 20-25% of the Genpop are shift workers and even though it asks you on set up there is no way to log night work (or have I missed something)  but I think it could be such good info to link nights to circadian rhythms and things like liver function and analysis of post nights sleep and activity behaviour - love all shift workers but do it for the nurses 🙏🏽,7.22.2
Oura,app_store,us,14463667752,2026-08-23 19:06:27+00:00,5,Oura is Great,I’m really enjoying using Oura. It’s a great product and app!,7.22.2
Oura,app_store,us,14463237398,2026-08-23 16:48:41+00:00,3,Can’t find where I measure my current heart rate,Can’t easily find items I would like to see. Ex. Where to measure my heart rate right now.,7.22.2
Oura,app_store,gb,14461862565,2026-08-23 09:10:02+00:00,4,It’s not letting me update app,It keeps prompting me to update the app and I have been trying to update the app for the last 5 days and it just won’t update. Why is that happening?,7.22.2
Oura,app_store,gb,14461734750,2026-08-23 08:16:24+00:00,2,I expected more from the price tag,The ring does not differ from any of the cheap wrist watches in fact it is terrible in counting and calculating activity and steps. Apart from the aesthetics I would not buy it again. Disappointing,7.22.2
Oura,app_store,us,14460991309,2026-08-23 02:50:53+00:00,5,JC Garner,"I was gifted the Oura ring 5 by my family.  I was a bit skeptical of it and what it can do which my Apple Watch Ultra 3 can’t do.  It does some of the same things  but it does track a few different things. I enjoy the BP alert although it is misleading as it doesn’t actually detect blood pressure it just looks at indicators.  

Some of the other features are nice such as looking at how your age compares to your real age.    It shows a lot of stuff but be careful how you use it.   It links to my Apple Watch wry nicely and my iPhone.  

I love the fact that days between chargers.  I get 4 to 5 day.",7.22.2
Oura,app_store,us,14459736334,2026-08-22 18:39:03+00:00,5,Favorite gadget by a long stretch,"I have had a life long issue with managing my sleep. Oura has been a great regular reminder to work better on it. I like the calorie goals, and it tips me off when I’m fighting a bug, helps me improve my late night bad snacking habits. Love it!",7.22.2
Oura,app_store,us,14459222897,2026-08-22 15:56:58+00:00,5,Love,Love how it works!,7.22.2
Oura,app_store,us,14459026999,2026-08-22 14:59:37+00:00,5,Love it!,Oura has been excellent! Nothing to complain about!,7.22.2
Oura,app_store,us,14458704533,2026-08-22 13:25:47+00:00,5,Health focus,"It’s helping me to be interested in my sleep, my activity, so each day the goal is to beat myself!",7.22.2
Oura,app_store,us,14458040075,2026-08-22 09:27:18+00:00,3,A feedback,The iOS app’s touch controls are too sensitive. I keep accidentally opening features I don’t mean to tap.,7.22.2
Oura,app_store,us,14455848209,2026-08-21 18:38:56+00:00,2,Ring good,The actually ring is good but if you need help. The customer service is BAD,7.22.2
Oura,app_store,us,14454475272,2026-08-21 11:40:32+00:00,1,Oversized ring and oversized subscription—Not Worth It.,"Not only is the ring not worth the money, but the subscription is practically mandatory. My $70/year subscription just expired, and without it, my Oura Ring tells me almost nothing.

I can see three overall scores—Readiness, Sleep, and Activity—and that’s basically it. I can’t see the detailed breakdowns behind those scores, my sleep and wake times, my activities, stress information, or most of the other data the ring collects. I’m essentially looking at three numbers on a screen.

I honestly don’t understand why I paid nearly $500 for a device that becomes this limited unless I continue paying another $70 every single year. If I had known how useless the ring would feel without the subscription, I would never have purchased it.

For a device this expensive, the basic health and activity data should remain accessible without an ongoing membership. The subscription model is absolutely appalling.

Honestly, I rarely opened the App when I had it because it was just a bunch of useless, seemingly inaccurate information. The only accurate information was my menstrual cycle, but I had to input that myself.",7.22.2
Oura,app_store,us,14453143449,2026-08-21 02:37:47+00:00,1,Drain,Every time there’s an app update ring starts acting up. It’s like they are trying to force to buy the new ring when the old one works fine.,7.22.2
Oura,app_store,us,14451661516,2026-08-20 17:27:55+00:00,1,Terrible customer service,I pay for this app and it doesn’t work. I used to love ordering now. I think it sucks. I will tell everybody I know I wished I never bought an order ring and I will be looking for a different way to monitor my stats.,7.22.2
Oura,app_store,us,14451645309,2026-08-20 17:22:46+00:00,5,"Love it, but want “stress” tweaks","I really enjoy your app, but I find I’m tagged with stress every time I’m outside because I live in a hot climate. It drives a weird behavior where you feel the need to avoid the outdoors or remove your ring when you’re probably about to do something you’d rather track for the activity. Not sure what I’m asking for, but the “stress” is stressing me out! 😂 very happy overall though. Really great insights and often very reassuring.",7.22.2
Oura,app_store,us,14451591401,2026-08-20 17:05:38+00:00,1,Requires Constant Input = LAME,"Not only is the ceramic easily scraped-up, the app requires constant inputs on your phone and your phone being present for exercise tracking. It’s a pain to start/stop activities on the phone.",7.22.2
Oura,app_store,us,14450921807,2026-08-20 13:51:32+00:00,5,Game changer,Using the Oura Ring has helped me identify ways to improve sleep and understand the impact of movement/ exercise.,7.22.2
Oura,app_store,us,14450700164,2026-08-20 12:47:09+00:00,1,Ring Breaks Down,Your Oura ring will eventually break down and wont work. Google Reddit and read that thousands of people are experiencing the same breakdown issues. Then they will hassle you about a replacement and or will state that you’re out of luck because the warranty will expire. A class action lawsuit is needed.,7.22.2
Oura,app_store,us,14450333733,2026-08-20 10:48:34+00:00,5,La mejor compra,Tienes que tenerlo si o si!,7.22.2
Oura,app_store,gb,14448415987,2026-08-19 21:56:00+00:00,1,Ring doesn't work anymore,"After 6 months the ring doesn't work anymore on any devices. The technical team has been escalating a problem for a month now, with no results. I saw a lot of people on Instagram complain about the same problem.",7.22.2
Oura,app_store,us,14448305660,2026-08-19 21:14:17+00:00,4,Battery issues,"Ever since I updated the app my battery loses power daily. Terrible. This is useless to me now!  Terrible service . Not worth the monthly fee when I can’t get any info! Terrible

Update! Surprisingly, Oura sent me a new ring! Crossing my fingers it holds a charge and stays connected!

Thank you Oura!",7.22.2
Oura,app_store,us,14448246353,2026-08-19 20:52:29+00:00,5,Awesome!!!!,This ring is amazing!!! All of the stuff it keeps track of for you and it is so small and I wear it as my wedding ring!!! Would 100% recommend for anyone trying to keep track of their health!!!!,7.22.2
Oura,app_store,us,14447233942,2026-08-19 15:23:45+00:00,5,I love it!,I love that it keeps track of my activity without me having to.,7.22.2
Oura,app_store,us,14446228127,2026-08-19 10:13:18+00:00,5,Life Changer,"I do and have considered myself really healthy my whole life. Clean diet plenty of exercise, but Oura has been a game changer for me. I always felt like I could trick my Apple Watch relaxing so much that it would register as sleep. Etc. This little ring has given me so much usable information. It’s helped me determine what I can and cannot live with in my life. I’ve made so many small and large improvements based on its daily data. Feels silly to say but it’s been the single most effective tool I’ve ever found to create the fine tuning my already healthy life needed to be the absolute best version of myself.  Thanks oura! So excited about the next generation ring.",7.22.2
Oura,app_store,us,14445588521,2026-08-19 05:47:36+00:00,2,Feedback-oura ring,"I’ve had this ring for a little less than six months and There are just a few things I think could improve the overall experience and help the ring reach its full potential. Overall it’s a good product but first, I think it would be extremely helpful to have an “All Day” option when adding tags to the timeline, similar to the “Daily at this time” option.

Second, for the amount of money you are spending for this ring I think it shouldn’t  tarnishes fast and the battery drains fast 

Also, I think there could be an easier and more accessible way to submit feedback. I spent over 30 minutes trying to find where I could share this suggestion and eventually gave up, so I decided to add it here instead.",7.22.2
Oura,app_store,us,14439244573,2026-08-17 15:37:15+00:00,5,Customer Service,Oura genuinely has the best customer service i’ve ever gone through in my entire life. My Oura ring gen 4 stopped charging one day and customer service replaced it with a brand new one. My old ring was almost a year past the warranty and they STILL replaced it. God I love Oura,7.22.1
Oura,app_store,us,14436303389,2026-08-16 21:18:37+00:00,1,Horrible Support,"I have loved my oura ring for over a year now and all of a sudden my app no longer works, won’t even open it crashes over and over again. I have reached out for support multiple times and all that i’ve received is acknowledgment that there is an issue and 0 timeline of when this will be fixed, this has been over a month of this being an issue. I have trouble shot every possible fix and nothing, my phone and app are updated to the most recent available update and still nothing. This is not a device issue but an account issue and lack of support or fix. I rely on my ring for cycle tracking and overall wellbeing and have been paying a months worth with no data. Extremely disappointed by the lack of help.",7.22.0
Oura,app_store,us,14434895433,2026-08-16 14:01:38+00:00,5,Heart issues,"I’m 60… i’ve never been on medication of any type. I’ve had no health concerns.  
I am diagnosed with the heart issue , most possibly from a Covid infection. My ejection fraction of my heart is at 23%.  It’s been nice to see so many things that it could affect my heart pulse my sleeping habits burn I just help my wife be at ease a little bit more. I really like it.

Thanks, Gerald",7.22.0
Oura,app_store,us,14432839470,2026-08-16 00:48:55+00:00,5,Best Tool,"My daughter introduced me to the Oura Ring, and now I hardly ever wear my Apple Watch anymore. The Oura Ring does everything I need and more.",7.22.0
Oura,app_store,us,14432154565,2026-08-15 20:20:49+00:00,5,I try to ignore but I can’t,Keeping me a little in line,7.22.0
Oura,app_store,us,14431672567,2026-08-15 17:39:37+00:00,1,Your ring battery will die within 24 hours after 1 year. Awful product.,"Planned obsolescence. The WORST product I have ever used. Not only is it not accurate with your activity. You can’t wear the ring to the gym, and IT WILL DIE IN ONE DAY, after owning the 4 for maybe a year, I need to charge it more than once a day to wear it overnight. It will stop tracking. DO NOT get this.",7.22.0
Oura,app_store,us,14431550737,2026-08-15 17:02:03+00:00,5,Changed my life!,"As someone with a sleep disorder, this app brought so much more awareness into my life. I love the features and the accuracy.",7.22.0
Oura,app_store,us,14431478955,2026-08-15 16:40:47+00:00,1,I hope competitors blow them out of the water,Ameen amen,7.22.0
Oura,app_store,us,14430943078,2026-08-15 14:09:32+00:00,2,Battery keeps failing,I’m replacing the ring 4 for a 2nd time .  Why give us at least 1/2 credit toward the 5 .,7.22.0
Oura,app_store,us,14430886809,2026-08-15 13:53:58+00:00,5,Loving my Oura ring,I have enjoyed the purchase of my Oura ring so much. It has changed the way I think about sleep and how important it is and setting a really good healthy bedtime routine. I love all the information it provides me throughout the day and in the mornings.,7.22.0
Oura,app_store,us,14430402429,2026-08-15 11:23:35+00:00,5,Oura 5,Love all the information I get and it definitely seems to reflex how I feel each day.,7.22.0
Oura,app_store,us,14430396093,2026-08-15 11:21:19+00:00,5,Obsessed,I am loving my ring. I’ve had it for about 3 months and I am obsessed and it’s helping me stay on track e my health and workout goals.,7.22.0
Oura,app_store,us,14429623569,2026-08-15 06:10:04+00:00,5,La amo,"Me encanta es tan precisa con las fechas en cuando saber cuando llega mi periodo , saber cuánto déficit de sueño tengo , detectar síntoma la amo es perfecta",7.22.0
Oura,app_store,us,14428690903,2026-08-15 00:04:26+00:00,3,"Love my ring, but could improve","While I find Oura’s base metrics helpful, the morning Readiness and sleep score comments seem to be preprogrammed comments that repeat themselves. I do not find this helpful.  The most recent update was supposed to improve activity detection, but now it’s over sensitive and is constantly detecting activities that don’t make sense.",7.22.0
Oura,app_store,us,14428580176,2026-08-14 23:21:30+00:00,5,My Oura,My aura was the best think happened to me I love it,7.22.0
Oura,app_store,us,14428275812,2026-08-14 21:25:20+00:00,5,Love my Oura Ring,It works great. The new version is smaller and more convenient.,7.22.0
Oura,app_store,us,14426564999,2026-08-14 12:32:32+00:00,5,Feedback,I actually love my ring. I was really just looking for a place to give feedback. I feel like there is a flaw with your system. When I log or manually add a tag that I slept without my ring on it should take that into account some kind of way for my numbers and not make my Sleep debt so high. Thanks for listening 😬,7.22.0
Oura,app_store,us,14426055498,2026-08-14 09:37:31+00:00,1,Inaccurate data defeats the whole point of using it. Not with it. Don’t buy this.,"I’ve been using my Oura ring for about 2 years now and it consistently gives me wrong data. It’s giving me warnings that I’m getting sick, even though I’m fine. It’s misses my naps and sometimes movement too. It keeps guessing that I’m “dancing” all the time when it’s never the case. I contacted support recently about this and they said it was a hardware issue and they will send a replacement. But they can’t give me any data on what the hardware issue was or when it started. This means NONE of my data over the last 2 years is helpful. There was no alert or explanation and they use AI for all customer service issues. I do NOT RECOMMEND!",7.22.0
Oura,app_store,us,14424225049,2026-08-13 21:26:43+00:00,1,Hardware will fail and they will not support a replacement.,"I paid $500 for my Oura Ring, and it stopped working while it was still relatively new — my warranty had only just lapsed in May. When I reached out to support, I was told the ring had a confirmed hardware failure, but because I was just outside the coverage window, my only options were:
A $100 discount toward a brand-new ring (later ""escalated"" to $200)A ""like-new"" refurbished replacement for $89 plus shipping and tax, backed by only a 90-day warrantySo after already spending $500 on a ring that failed on its own, my choices were to spend another $300+ on a new one, or gamble on a used unit that could break again right after the 90 days are up — putting me right back in this exact position.
This was the first issue I've ever had with the product, and there was no real path to a fair resolution — no full replacement, no meaningful discount, nothing that treated a legitimate hardware failure like the company's problem rather than mine. Being offered a few months of free membership as a consolation didn't come close to making up for a $500 device that simply stopped working.
For a product in this price range, I expected better quality and a company that stands behind it when something breaks through no fault of the customer. I can't recommend Oura until their approach to hardware failures and warranty edge cases actually reflects the price people are paying.
They also closed the chat without formally closing the our conversation. I guess I am just to throw my ring in the trash?
**Update 8/12/26 - I reached out based on the response that Oura wanted to resolve my issue. They only doubled down on the original offer for $200 off their $500 ring. So be aware of that if you thought this was actually resolved appropriately.",7.22.0
Oura,app_store,us,14423848791,2026-08-13 19:10:47+00:00,1,"The app start crashing, I cannot open it after connecting the ring!","Please fix! The app is great 
Crash details: EXC_BREAKPOINT (SIGTRAP) in 7.22.0, reproduces on two separate iOS devices with clean installs. Crashes 2–6 seconds after launch on a background async task, same binary offset both times. Adjacent threads show JSONDecoder and NSISO8601DateFormatter running, with Date metadata in the faulting registers — looks like a date-parsing trap on a server response. No Bluetooth frames in the stack. Possibly Issue 3094.",7.22.0
Oura,app_store,us,14423809897,2026-08-13 18:57:32+00:00,2,"It does well on some things, not others","The heart rate is not always accurate nor detected. I wish that it calculated which activity you were doing better. It just keeps saying “Fitness class “. There are times I do other things. Circuit training, weightlifting.",7.22.0
Oura,app_store,us,14422621072,2026-08-13 13:01:13+00:00,5,Loving it,Love the tracking and insights I get from my oura daily and how over time it has a clearer picture on my health metrics.,7.22.0
Oura,app_store,us,14420294867,2026-08-12 22:13:38+00:00,5,Can’t live without it!,"I’m absolutely obsessed with my Oura ring, I have the gen 4 and it works great!",7.22.0
Oura,app_store,us,14419068319,2026-08-12 15:22:23+00:00,5,Thank you,Easy a accurate health tracker,7.22.0
Oura,app_store,us,14418480524,2026-08-12 12:34:13+00:00,5,The Motion Motivator,The greatest thing about the Oura ring is that you forget you have it on but it reminds you constantly of your fitness level for that day. Tracks sleep reminds you to move that body and even tells you when your optimal time is to go to bed.  Can’t say enough. This ring has helped motivate me to get back in shape.  Jthutta,7.22.0
Oura,app_store,us,14417190751,2026-08-12 04:09:09+00:00,1,Not worth the subscription,"I tried a couple smart rings and the oura 5 had the best hardware, but I don’t think I would have considered it if I knew the Apple health sync was paywalled. The app would be ok if it was free but for the price it doesn’t provide much value, so I mostly just sync the data to use elsewhere. Activity detection sucks so I’m glad I don’t use that. Crazy the Apple health sync just ignores naps, and support has given me the runaround on that when it’s clearly just broken. Crazy that they ask you to import health records but claim it’s not covered by HIPAA.",7.22.0
Oura,app_store,us,14416405167,2026-08-11 23:10:27+00:00,4,Pretty good,The sleep tracker is pretty inaccurate and updates are essentially impossible to install,7.22.0
Oura,app_store,us,14415097815,2026-08-11 15:46:23+00:00,5,Oura Ring lover,"My Oura Ring 4 has been a solid wellness companion. It gives me clear insights into my sleep, recovery, and daily readiness without feeling overwhelming. The data is easy to understand, and I appreciate how it tracks trends over time instead of just giving random numbers.

The ring itself is comfortable, durable, and holds a charge for several days. While it’s not perfect — sometimes the activity tracking is a little sensitive — it’s still one of the best tools I’ve used for staying mindful of my health. If you want a simple, reliable way to understand your body better, the Oura Ring 4 is a great choice.",7.22.0
Oura,app_store,us,14414391842,2026-08-11 12:27:52+00:00,3,"Complicated integrations, jargon heavy & no feedback","I love Oura - I’ve purchased every version. But the app falls short in a key obvious area: there is no way to log weight daily. For a $500 device built around tracking how your body responds to training, recovery, and diet, this is a glaring omission. The workaround — syncing through Apple Health or Google Health Connect — adds unnecessary friction. A dedicated daily weight log with a trend view should be built in. Oura Labs exists for exactly this kind of feedback, but its feedback mechanism is a binary multiple-choice prompt that doesn't allow for feature requests. That needs to change too.  Lastly, the language the AI bot uses is very jargon heavy - reads as if it’s just pulling info from a medical journal and not teaching people about their own health.  Again, love the app but changes should be made.",7.22.0
Oura,app_store,us,14414306032,2026-08-11 12:01:43+00:00,1,Continues to get crappier,"I’ve opened several tickets with Oura regarding an accurate sleep tracking and it seems like the issue resolved itself for a while but now it has returned. I’m guessing with a new update that was pushed out. This ring was over $500 and now I’m merely using it as a paper weight on my nightstand, this is absolutely ridiculous. Whatever aura is doing with their software team needs to be looked into because a whole week of useless sleep statistics as well as body temperature readings is not helpful to anybody that is trying to sync this app with Natural Cycles.",7.22.0
Oura,app_store,us,14412304471,2026-08-10 23:04:14+00:00,1,Horrible customer support,I have reached out multiple times as I keep getting incorrect data!!! No response for almost a month with countless follow ups!,7.21.0
Oura,app_store,us,14411676955,2026-08-10 19:14:54+00:00,4,"Good, could be better for women.",Considering a good chunk of users are women I’m shocked I’m not able to add in period cycles previous to when I got the ring. I’ve been tracking it for years and I can’t put the data in. Everything else is great. That was my only complaint.,7.21.0
Oura,app_store,us,14411599496,2026-08-10 18:49:08+00:00,5,Saves lives,This ring has saved the lives of several people we know. The information it provides is steady and accurate. It gives an added peace of mind that we all deserve. It is flattering with my jewelry although I wish it was a hair more petite. Very happy with this ring!,7.21.0
Oura,app_store,us,14411042808,2026-08-10 15:55:42+00:00,1,Massive drain on battery,Oura’s most recent updates have been a MASSIVE drain on my battery. I cannot toggle background app refresh off and it’s overheating my phone. Previously versions have worked well and I’ve enjoyed it but this makes me need to delete the app and renders the ring useless.,7.21.0
Oura,app_store,us,14410773782,2026-08-10 14:37:41+00:00,5,Best health investment of my life,My favorite app ever. I now easily walk 10k steps per day because I have the info. I’ll never go back!! I love my oura so so much.,7.21.0
Oura,app_store,us,14410597260,2026-08-10 13:47:01+00:00,2,Non friendly app,Cycle Log is very hard to use and not user friendly at all. The help I requested was also just as confusing. With The technology today there’s no reason it should be this complicated!!!!,7.21.0
Oura,app_store,us,14409114568,2026-08-10 04:08:00+00:00,1,The connectivity is TERRIBLE,"I cannot tell you the UTTER frustration that my wife and I have had with this app and ring. We have re-paired MANY times, factory reset, logged out, reinstalled, it only takes a couple of days and it’s back to a quite expensive and useless device that’s mediocre as a ring. I would NOT recommend.",7.21.0
Oura,app_store,us,14408628354,2026-08-10 00:54:56+00:00,4,Battery issues,Beware of battery issues.,7.21.0
Oura,app_store,us,14407404571,2026-08-09 17:24:13+00:00,5,Easy to use and read,"I’ve tried several products and this one by far is comfortable, easy to use, easy to read biometrics. It’s as easy as charge and wear and batter is still lasting a week or more even after a month of use.",7.21.0
Oura,app_store,us,14406942025,2026-08-09 15:03:43+00:00,1,App does not work with Oura Ring 5 and crashes immediately,App does not work with Oura Ring 5 and crashes immediately. Has not worked in 5 weeks.,7.21.0
Oura,app_store,us,14404608708,2026-08-08 23:43:17+00:00,1,Huge battery drain,This app uses 50% of the battery on my iPhone (air) BY ITSELF every day no matter how I claw its permissions back. It’s so bad that I’m going to return the $400 gimmick ring that goes with it.,7.21.0
Oura,app_store,us,14403511316,2026-08-08 16:55:01+00:00,5,Love my oura ring,"Best thing I have ever invested in! I had no idea I was pregnant because I had absolutely no symptoms, but my Oura Ring started showing major signs of strain. Since I wasn’t feeling sick or experiencing any typical pregnancy symptoms, I decided to take a pregnancy test just because of what my Oura was showing and it came back positive.

Unfortunately, I later found out it was an ectopic pregnancy. While Oura obviously isn’t a medical device and can’t diagnose something like that, I’m incredibly grateful that the changes in my body were enough to make me stop and check. It gave me a reason to listen to my body when I otherwise had no idea anything was going on.",7.21.0
Oura,app_store,us,14403249481,2026-08-08 15:35:27+00:00,3,Poorly designed interface,"I love my Oura ring. The app however is very frustrating because it’s difficult to navigate if you’re looking for more than just the basic data. If you want to see your actual raw data, good luck. This app could be so much better.",7.21.0
Oura,app_store,us,14402896672,2026-08-08 13:50:25+00:00,2,Wrong sleep data and no resync,"The Ring does not understand when you are watching a movie and just don’t move. It will add this time automatically to your sleep data and declares it as time in bed but awake. Every day I have to adjust this. My score shows 60 for sleep then I make the adjustment at which time I really went to bed and score climbs to over 70. Worst of all, it already syncs the false data to Apple Health and does not correct or resync it once’s I have fixed it. The ring should learn when you are watching movies and when to go to bed. I even have my bedtime set in Apple, the ring should take use of general guidance and learn over time from it. Sleep data in Apple Health is useless without actual data.",7.21.0
Oura,app_store,gb,14401961114,2026-08-08 08:00:34+00:00,5,Happy,"Really happy with my Oura Ring. I wear it every day without even noticing it, and the sleep insights and activity tracking are the features I find most useful. The battery lasts a long time too. I love how it keeps improving month by month and brings new insights, so it slowly feels less like a gadget and more like a little friend and advisor. And when my first ring had a problem, Oura support replaced it free of charge within a few days. Great support too, both through the AI help and Help Desk.",7.21.0
Oura,app_store,us,14400794929,2026-08-07 23:49:11+00:00,1,Frustrating,"The ring loses connection several times a day even when it’s on the charger, and the app doesn’t update.",7.21.0
Oura,app_store,us,14399261612,2026-08-07 14:59:00+00:00,1,Inaccurate data,"My data has been inaccurate for awhile now. First it was my daily steps. Now is my sleep. I’ve reached out, no one can fix it.",7.21.0
Oura,app_store,us,14399045323,2026-08-07 13:56:49+00:00,5,The New Ring,"The Oura 5 is a huge upgrade. Highly recommended, even if you already have the 4. I upgraded and it’s totally worth it AF.",7.21.0
Oura,app_store,us,14397263597,2026-08-07 02:28:51+00:00,1,Bug issue with Tags,All of a sudden I can’t change the start and end time. If I change one of them then I can’t change the other. The app just freezes up. Very annoying.,7.21.0
Oura,app_store,us,14396305158,2026-08-06 20:21:12+00:00,5,Please add Russian language support; it's difficult to use.,Please add Russian language support; it's difficult to use.,7.21.0
Oura,app_store,us,14396262812,2026-08-06 20:06:01+00:00,2,So far…Decent,"I’ve had the Oura 5 for about 3-4 months so take it as it is. The connection for results seem to be lagging. I wear it everyday through my daily activities. Lately my sleep score hasn’t been updating. I’ve lost connection multiple times where it directs you to place on a charger to reconnect. 

I’ll continue wearing it to see if my results progress since I’ve spent the money on it. But so far, it’s been decent. Biggest factor is the look, love the slinger design but looking for more in the numbers.",7.21.0
Oura,app_store,us,14395997980,2026-08-06 18:35:15+00:00,5,Walker/Runner,Love how it keeps up with my steps and my daily workout routines!,7.21.0
Oura,app_store,us,14394085233,2026-08-06 08:14:45+00:00,5,Great Recovery Tool,"I use the Oura ring specifically for recovery and sleep tracking. As a runner who also lifts weights recovery is very important. Oura helps me know is I’m overtraining or can push a little harder. 
Top notch for sleep tracking and the best for HRV and Resting Heart Rate. I’ve tried other trackers like WHOOP and find Oura to be at the top of them all. 
The app is super easy to use and understand.",7.21.0
Oura,app_store,us,14393264230,2026-08-06 02:28:06+00:00,1,"4 Rings, 4 Manufacture Defects. Stay Away.","My wife and I each had to get our initial Oura Ring replaced soon after receiving them for connectivity issues, confirmed to be manufacturing defects. Happened again with replacement rings. Gave up after that and sold the last replacement rings, didn’t want to risk falling out of their very limited warranty window and being stuck with yet another useless ring. Also, they send you a refurbished ring… not even a new one.

Additionally, the membership situation is pricey and the yearly membership is virtually no discount. And when (not if) your ring breaks, you’re still charged membership while you wait for your new one.

Between the awful manufacture quality, predatory pricing strategies (including charging $100+ more for a more desireable color), awful support (mostly useless AI), and poor warranty coverage… stay away. Do not be a customer of this company.",7.21.0
Oura,app_store,us,14393132378,2026-08-06 01:38:40+00:00,1,High Error Rate - Help Feature,Customer Service has a high error rate. Multiple orders for new ring sent incorrectly even with confirming details and chats recording the conversation. Help is accessed via the Oura App.,7.21.0
Oura,app_store,us,14392828909,2026-08-05 23:42:43+00:00,2,Payment/Employee,"I’ve had nothing but issues with not only purchasing the Oura, but renewing and processing any kind of payment. I’ve been given circular responses and had trouble getting any assistance from this company. When attempting to use a 10% coupon to initially purchase the ring on the website, I was completely unable to use my HSA card after verifying through my card provider that there was no issue with the account and nor the card. The only recommendation I was given was to purchase with my debit card, and file for reimbursement - normally this wouldn’t be a big deal, but with all the issues with payment i was already experiencing, I had no confidence in refunds or reimbursement.

In the end, I was never able to get my discount, nor able to order online; I got it from target where they promptly accepted the card that apparently had “issues”.",7.21.0
Oura,app_store,us,14392664176,2026-08-05 22:37:28+00:00,1,I could not get my sleep data,"Oura team could not help me with my sleep data
I am very disappointed with there help",7.21.0
Oura,app_store,us,14391636909,2026-08-05 16:44:07+00:00,1,Spo2 not working,"I upgraded from Oura 3 to the Oura Ring 5, but the app is a massive disappointment. Even though I sleep over the 3-hour minimum, the interface glitched and hid my SpO2 data all week, labeling it ""Steady."" The Oura AI chatbot admitted the app failed to show my data, yet it pulled a 94% average from the cloud backend. Why am I fighting a chatbot to see basic biometrics that my smartwatch tracks flawlessly? Oura masks raw charts behind vague words like ""Optimal."" If you want transparent data breakdowns, look elsewhere. Considering returning the ring if not going to give metrics I want/need.",7.21.0
Oura,app_store,us,14390636720,2026-08-05 11:55:36+00:00,5,The best investment I’ve ever made,This was exactly what I needed and more. Can’t take it off,7.21.0
Oura,app_store,us,14390202756,2026-08-05 09:20:55+00:00,1,Sleep Tracking Too Sensitive,"Ever since Oura changed their sleep tracking algorithms a couple years ago, any movement during sleep shows you awake which gives a poor result of your actual sleep vs time in bed. Unless they give an option to manually correct this, I cannot recommend this tracking device to others.",7.21.0
Oura,app_store,us,14388883010,2026-08-05 00:32:02+00:00,5,Helpful app,"Finally an easy app for a wearable. My doctor is loving this timely info, so much better than just answering questions when you can show them your reports. Helpful during my healing journey. Thank you.",7.21.0
Oura,app_store,us,14386473130,2026-08-04 11:32:47+00:00,5,Presión arterial,Sería muy bueno tener la opción de medir la presión arterial,7.21.0
Oura,app_store,us,14386365168,2026-08-04 10:55:40+00:00,3,Stop opening,"Really love the ring but after 8 months my app has difficulty to open every day I need to try 10-20times before it open 
Every other apps open without difficulty Only the Oura apps  don’t know if I will keep it open",7.21.0
Oura,app_store,gb,14385915309,2026-08-04 08:01:15+00:00,5,I changed to Oura from my Apple Watch and I am much less distracted,It tracks everything I could need and I’m not distracted and the battery lasts five days-ish and that is brilliant,7.21.0
Oura,app_store,us,14385647970,2026-08-04 06:09:46+00:00,1,Stopped working,Now after six months the ring says fully charged when I put it on the base but on my finger it just says “connecting” in the app. And the little green lights don’t come on any more. I’m guessing it’s something wrong in the app. Will give it a week then I’m returning it.,7.21.0
Oura,app_store,us,14383512013,2026-08-03 17:10:38+00:00,5,5 star,"I’m very happy with this app. It works smoothly, and I haven’t experienced any issues so far. I highly recommend it to everyone. ⭐⭐⭐⭐⭐",7.21.0
Oura,app_store,us,14383463232,2026-08-03 16:56:09+00:00,5,Love my Oura Ring,This is the best tracker.  Battery life is unbelievably great.  Love it better than my Apple watch.,7.21.0
Oura,app_store,us,14382775604,2026-08-03 13:42:59+00:00,5,"Complex, but almost there","Great app. The focus of UX really needs to be on realtime activity. How is it reasonable that I can leave the app, but can’t view my sleep feedback because a live workout has started? The target app had the same irrational hinderance last year. I’m looking forward to the release where the product team prioritizes this.",7.21.0
Oura,app_store,us,14382659991,2026-08-03 13:10:07+00:00,5,Love it,"I absolutely love my Oura Ring! It’s comfortable, stylish, and gives me helpful insights into my sleep, stress, recovery, and overall health. I especially love seeing my readiness and sleep scores each morning it helps me understand my body and make better choices throughout the day. The battery lasts several days, and the app is easy to use. It has definitely become part of my daily routine, and I highly recommend it!",7.21.0
Oura,app_store,us,14382150857,2026-08-03 10:24:38+00:00,2,App is not great,"I check periodically to see if there’s an update to this app because it is very annoying. Things are not easily accessible. Scrolling the app looking for something that makes you click on 10 things that you’re not looking for because the way the screen is set up. People can constantly complain about it, but they never seem to fix it. I’m not patient enough to start over and over so like 75% of my information is Unknown to me. How long I sleep is all I look at. It suddenly changed my chronotype and now the time I’m sleeping it counts as me being inactive? Pretty much like a magic eight ball you wear on your finger",7.21.0
Oura,app_store,gb,14381627828,2026-08-03 06:56:52+00:00,3,Great concept but poor integration,"Love the look and simplicity of the Oura ring 5. Great battery life, easily a week. However, it’s not intuitively connected with Apple Health ie you set up its integration upon set up but you have to confirm each activity within the Oura app otherwise the data isn’t recorded. Hope this situation improves",7.21.0
Oura,app_store,us,14380028347,2026-08-02 20:24:38+00:00,1,No bueno,"I’m extremely disappointed with my experience with the Oura Ring. The ring is already very expensive, and when you add the ongoing subscription cost, you expect a high-quality, reliable product.

My ring stopped working, and I spent approximately 1 day troubleshooting and going through all of Oura’s suggested “ways to fix it.” Unfortunately, none of those steps worked, and I ultimately felt like I had wasted my time trying to fix a product that should have been reliable in the first place. For something this expensive, this was incredibly frustrating and disappointing.

I do appreciate that Oura eventually provided me with a replacement, but the entire experience was a major hassle and a waste of my time. I really enjoy the health tracking and insights the Oura Ring provides, but the price, subscription, and reliability issues make it difficult for me to recommend it without hesitation.

I sincerely hope I don’t have to deal with this issue again in the future. When customers spend this much money on a product, they should be able to expect better durability, reliability, and a more efficient solution when something goes wrong.",7.21.0
Oura,app_store,us,14379374744,2026-08-02 16:52:16+00:00,1,App is trash.,"It’s incredibly hard to navigate, information is all over the place. Too much real estate used on things I don’t care about, with minimal options to customize. I don’t understand why paying for the hardware and ponying up for the monthly subscription doesn’t give me the basic function of being able to customize my home screen.",7.21.0
Oura,app_store,us,14378780192,2026-08-02 14:00:07+00:00,5,Great App,Very insightful info based on the data the ring collects. The ai features also help to understand what it all means,7.21.0
Oura,app_store,us,14374889051,2026-08-01 14:29:03+00:00,1,DO NOT BUY - RING BROKE RIGHT OUTSIDE OF THE 1 YEAR WARRANTY,Ring broke after a year and two months and their customer service denies denies denies!! Not only did I spend $400 on this ring but then I spent $100 on the yearly membership and then the membership renewed for another $100. Not only will they not help you with a broken ring but they also will not refund the annual membership after the overpriced ring you bought no longer serves a function. The warranty is only a year for a reason!! If you buy this ring be aware that it will most likely only last a year. You aren’t buying a 5 year purchase like the price would entail,7.21.0
Oura,app_store,us,14374788985,2026-08-01 14:01:28+00:00,4,Activity misreadings,Latest versions misread activity as yoga multiple times a day.  This didn’t occur several versions back.  Their formula to infer an activity based on motion seems to have a glitch,7.21.0
Oura,app_store,us,14373879557,2026-08-01 08:52:26+00:00,4,Russian Language Support,Please add Russian language support. Medical terms and health insights are difficult to understand in a foreign language. Native language support is essential for a health app.,7.21.0
Oura,app_store,us,14372312624,2026-07-31 22:35:02+00:00,1,Drives me insane!,"Oura will ask me every half hour if the movement I was previously doing was exercise. If so, then I need to assign that window of activity into a category before it adds those calories to my total burn for the day. I work construction so naturally I’m moving around, a lot! All I want is to look at my app at the end of the day and see what my total calories burned were. Nope, I have to go back to the beginning of the day and start “confirming” about 2 dozen “active moments” throughout my day before I am allowed to get a daily total of calories burned. 

Oura-for the love of God change this feature please. If you detect me moving, then log the calories burned! It’s that simple. I move I burn. I move I burn. Don’t make me do your job for you and manually confirm ALL of my movement for the day.",7.21.0
Oura,app_store,us,14368080132,2026-07-30 21:39:36+00:00,3,"Love my Oura 4, but the Oura 5 size exclusion is deeply disappointing","I absolutely love my Oura Ring 4, but the new Oura Ring 5 completely alienates a massive portion of its loyal user base by starting at size 6. By removing sizes 4 and 5, Oura is actively excluding women, teenagers, and individuals with petite frames from accessing the latest health tracking technology. It is incredibly frustrating that I cannot upgrade to the latest model simply because of my body type. Please pass this to your product development team: sizing equity matters.",7.21.0
Oura,app_store,us,14367043202,2026-07-30 15:58:53+00:00,2,Tracking is awful,"My ring does not consistently track my walks. The response from the developers has been a shrug.

Why do the updates take days to process?",7.21.0
Oura,app_store,us,14366475478,2026-07-30 13:18:06+00:00,1,I LOVE my Oura ring but this update issue continues to be a problem.,The app started an update and has not finished it for 2 days it’s stuck on 1/2 way through the update cycle and I can’t get it to budge,7.21.0
Oura,app_store,us,14366203995,2026-07-30 11:54:43+00:00,3,App not so great,"I basically got the ring track my sleep and figure out how to sleep better. But after doing my trial membership, I realized I really wasn’t using it that much and also I’m not crazy about the fact that you can track a live activity but while you’re doing your live activity, you can’t look at your blood oxygen or heart rate while working out. You have to either pause it or get out of the activity completely.
My husband has the Garmin watch and he’s able to track his sleep and other things daily and I realize that he doesn’t get to see his patterns. 
Without the subscription,You should at least be able to see what the breakdown of your sleep was and at the least your heart rate and oxygen. I paid $500 for this ring. The app should be a little bit more advanced than it is when you don’t have a subscription.
I have no health issues so I don’t need the glucose tracker or anything like that.
Definitely not wowed by it, Even with the subscription to the app.",7.21.0
Oura,app_store,us,14365349720,2026-07-30 06:23:20+00:00,2,Bad Customer Support,I have been waiting months for a  my requested phone call from Customer support.,7.21.0
Oura,app_store,us,14364712933,2026-07-30 02:05:46+00:00,2,Notifications,They state notifications are one for everything. INCLUDING notification settings but I do not get any notification until I open the app.,7.21.0
Oura,app_store,gb,14363564395,2026-07-29 18:58:11+00:00,1,To much information,I find it has so much data I really don’t know what to make of it all. If you understand this medical data then this is for you.  I like a simple overview,7.21.0
Oura,app_store,gb,14359593508,2026-07-28 19:24:01+00:00,1,Poor Customer service,Been waiting for an email back from customer service for nearly a week. Not great!,7.21.0
Oura,app_store,gb,14351907342,2026-07-26 21:48:00+00:00,1,Disaster,Disaster basically,7.20.0
Oura,app_store,gb,14345621731,2026-07-25 08:27:27+00:00,1,No stress tracking,No stress tracking anymore apparently an IOS bug with no date on when it’ll be fixed. For UK users with the lack of other uses it feels like we’re being ripped off by paying the same price for hardly any features now.,7.20.0
Oura,app_store,gb,14305307686,2026-07-15 08:29:02+00:00,1,Runs out of charge,Had my Oura ring for just over a year. Now. Runs out of charge in less than 24 hours . Very disappointed with the product.,7.20.0
Oura,app_store,gb,14301450320,2026-07-14 09:48:20+00:00,5,Love my Oura ring,This is the best technology to help track sleep and health. It is really helping me be aware of when I need to rest as someone with chronic illness.,7.20.0
Oura,app_store,gb,14299779573,2026-07-13 22:28:28+00:00,3,Great but needs work.,"I really like the concept of Oura and there are definitely things it does well. I love the insights it provides around sleep, recovery, and overall wellbeing. The app interface is also a big positive it’s clean, easy to use, and simple to understand, which makes tracking my health feel effortless.

That said, I do think there are areas that need improvement. It doesn’t track any of my naps, which is disappointing as they are a big part of my sleep as a new mum. Most of my walks are with my baby in the pram, and the ring doesn’t detect them at all. It’s frustrating when you’re trying to get fit after having a baby and want to see your progress reflected in the app, but those activities aren’t being recognised.

I was also disappointed with the quality of the gold Oura Ring 4. Mine started to tarnish within six months, which I don’t feel is acceptable given the price. For a premium product, I expected better durability and for the ring to maintain its finish for much longer.

Overall, I love the idea behind Oura and the insights it provides, but for the price point, I feel the activity tracking and ring quality need to improve to make it feel like a worthwhile investment.",7.19.1
Oura,app_store,gb,14264839418,2026-07-05 06:15:34+00:00,5,Great insights,"Had my ring (series4) for over a year and although it’s too big and sometimes uncomfortable I wouldn’t go without , the insights have been great and have really helped motivate me on my fitness journey, the newly launched menopause section could be better and link to the actual data but I guess that will come. When this one dies hoping to get the smaller gen 5",7.19.1
Oura,app_store,gb,14257029969,2026-07-03 08:10:21+00:00,1,Poor UX when selecting which activity,Most people do the same one or two forms of exercise. So why would you have to scroll through dozens and dozens of activity (some of which are absurd choices btw) to select the same exercise you do every single day? Add a “most frequent” or a search bar! It’s like 3 story points max!,7.19.1
Oura,app_store,gb,14237098857,2026-06-28 14:35:24+00:00,4,Good app except for…,… the way the app handles Tags is so irritatingly confusing and counterintuitive. It’s especially frustrating when you need to edit a recurring tag. Are the developers going to improve this?!,7.18.3
Oura,app_store,gb,14236190295,2026-06-28 09:34:42+00:00,2,Problem with step count,The Oura 5 is good but serious issues with step count which is massively out. Swapped my dot bit for a very expensive piece of technology that frankly doesn’t work well at all! No support either simply saying it’s a bug they’re aware of but no message to resolve it and has continued now for a number of weeks. Not impressed and if I could return it I would!,7.18.3
Oura,app_store,gb,14210031855,2026-06-21 18:19:00+00:00,4,Been using oura for 3 months,Like using the oura ring and app. Find it interesting the information it provides. I would like to know if oura is going to add more nutritional information from logging the food in meal adding.,7.18.2
Oura,app_store,gb,14181520626,2026-06-14 12:11:36+00:00,4,Music stops playing when I open the app,One negative point - the music stops playing when I open the app. Can be annoying sometimes,7.17.0
Oura,app_store,gb,14167353406,2026-06-10 20:11:41+00:00,3,Sleep tracker needs improvement,"It’s great but it will tell me I’ve gone to bed at 5.30pm when I’m sitting watching tv. 
If I’m on the phone it thinks I’ve gone for a nap. 
Having to manually adjust every day.
Naps need to be adjustable too because it will say I’ve had a 3 hour nap when it’s actually 40 mins, so have to delete nap altogether.
It will confirm a nap then later it’ll add 3 more hours to nap.

Also needs to be an option for “n/a”when answering menopause questions because not every person is in a relationship. So had to invent answers to complete.",7.17.0
Oura,app_store,gb,14153589073,2026-06-07 07:16:00+00:00,4,Really good but feature-limited in UK,"I love it, particularly the really intuitive meals logging. I have two negatives though. The big one is that there are new features such as Health Radar on the way in the US but no news when and if that will come to the UK. Given we pay the same monthly sub that’s disappointing. A small one is that the design of the + button to log entries has just changed from an easy to use with one thumb vertical format to a horizontal layout that’s more awkward to use.",7.16.0
Oura,app_store,gb,14134109923,2026-06-02 06:21:30+00:00,3,Unpredictable,App is fairly good how ever the ring charging is inconsistent sometimes it charges sometimes it does,7.16.0
Oura,app_store,gb,14131213906,2026-06-01 13:29:23+00:00,5,Oura ring,"Very good, and it track everything.",7.15.1
Oura,app_store,gb,14126679091,2026-05-31 09:57:17+00:00,2,New dashboard is awful. Please bring back old dashboard!,Not sure why the dashboard has been updated. It makes it so confusing to see data in this new way as you have to keep scrolling down. Old dashboard worked perfectly. Please bring back old dashboard.,7.15.1
Oura,app_store,gb,14126230018,2026-05-31 06:47:17+00:00,5,Love it - Perimenopausal Woman,"This has been a game changer to help navigate me through mid-late perimenopause. I thought I knew a lot about health and fitness but this brilliant. Great advice and tips that work. I have the Oura 3 , and no problems with charging or anything. Am considering the Oura 5 and the £6 subscription is just slightly more than a latte and for an investment in health for just over £1 a week why wouldn’t you. I’m getting my sleep better thank you!",7.15.1
Oura,app_store,gb,14122576225,2026-05-30 08:40:33+00:00,5,"Huge fan, highly recommend!",Absolutely love my Oura ring and the customer service at Oura are incredible too! I recommend to everyone!!,7.15.1
Oura,app_store,gb,14104823263,2026-05-25 15:45:35+00:00,5,Loving my Oura,Astonishingly accurate in the sleep and activity reports. Had for approximately 3 months now better life remains good.,7.14.0
Oura,app_store,gb,14095121613,2026-05-23 02:26:09+00:00,1,Your ring won’t last one year,"The battery life of the ring is pathetic you need to charge it everyday! The ring is 11 months old. Save your money don’t invest in this ring. The data also don’t
Update even if it is fully charge and keeps asking you to find your ring. Waste of money and effort. The honeymoon phase was great the data I used daily to assist me with my sleep and cycle etc. the charge was also great you could charge it once a week! My friends I had recommended the oura ring too also hate it and now have moved on.",7.14.0
Oura,app_store,gb,14089544137,2026-05-21 14:44:43+00:00,3,Love it,Don’t love the monthly charge,7.14.0
Oura,app_store,gb,14070349119,2026-05-16 09:50:00+00:00,1,Inaccurate,The ring fails to record sleep accurately. It always undercounts. There is no mechanism to correct the reading. As a result everything else is out. RingConn so much better and no subscription either.,7.13.1
Oura,app_store,gb,14069981076,2026-05-16 07:10:58+00:00,1,Disappointed,Continuous soft resetting to make it work,7.13.1
Oura,app_store,gb,14055355957,2026-05-12 07:34:15+00:00,5,Great Tech,"Really good Tech but it won’t let me update the app, I don’t want to delete it in case I lose my data.
Anyone else having a similar issue on Apple ?",7.13.1
Oura,app_store,gb,14051574778,2026-05-11 06:04:39+00:00,3,App is good but missing accuracy,"The app is lovely but some metrics related to activity tracking aren’t accurate enough to be really helpful, for example it says I’ve been in zone 5 for the entirety of a 10k run which is clearly not possible. I hope they fix it.",7.13.1
Oura,app_store,gb,14043062106,2026-05-08 22:22:40+00:00,4,Getting better,The latest update presents information in a more intuitive way.  Definitely a step in the right direction making the data more useful.,7.13.1
Oura,app_store,gb,14040351953,2026-05-08 04:49:12+00:00,2,Wrong sleep data,Oura ring has started to log my sleep time out by an hour. Unable to edit sleep time therefore interpretation of data completely wrong.,7.13.1
Oura,app_store,gb,14015227201,2026-05-01 05:34:00+00:00,4,First ring,Love it helps with my health needs,7.12.1
Oura,app_store,gb,14005016063,2026-04-28 07:51:20+00:00,5,Great,I used the Whoop for a year but the data just didn’t meet my needs.  This is great.,7.12.1
Oura,app_store,gb,14001630280,2026-04-27 07:54:38+00:00,5,Amazing product,5 stars absolutely worth the money,7.12.1
Oura,app_store,gb,13981959871,2026-04-21 15:07:44+00:00,1,New update doesn’t work,Where’s my sleep data. Where’s my stress data. They forced me to update and now it doesn’t work,7.12.0
Oura,app_store,gb,13957699321,2026-04-14 17:14:42+00:00,3,Data inconsistencies,"Oura could be a great app and device. That said I have had my Oura ring for 4 months now and am still waiting for app issues to be fixed. My ring sometimes tracks accurately, and other times is around 10000+ steps out compared to my watch. This has been reported and I have been told this is due to an app issue and they are in the process of fixing this, but 4 months in and this issue is still not resolved. For the amount you pay for an Oura ring and then with the added subscription fee I would strongly consider others to research other trackers.",7.11.0
Oura,app_store,gb,13956695446,2026-04-14 11:32:34+00:00,5,Fab,"Love Oura.  They are always innovating and the format of the data is exceptional.  Would love more integration with CGMs.
With good data you make better decisions!
Thank you!",7.11.0
Oura,app_store,gb,13952422522,2026-04-13 04:27:07+00:00,3,Updates,The promised update has still not uploaded after nearly three weeks?,7.11.0
Oura,app_store,gb,13934814211,2026-04-08 07:09:53+00:00,3,Good but inaccurate sleep recorder,"The ring is great and tracks and reports on a variety of helpful metrics. The sleep tracker is wholly inaccurate though, recording sleep when I’m in fact awake and often reading at night. This is incredibly disappointing and was the reason I got the ring.",7.11.0
Oura,app_store,gb,13928695411,2026-04-06 13:29:26+00:00,5,Wouldn’t be without it.,"I have been using an Oura ring for 6 years now. The data is incredibly valuable to me and I couldn’t live without it anymore. 
It has really helped me improve areas in my sleep and recovery that I couldn’t possibly have done without it. 

Customer service is absolutely brilliant and I cannot fault the company in any way.",7.10.3
Oura,app_store,gb,13927975956,2026-04-06 08:41:44+00:00,5,Stick with gen 2 only,"Great product, great software. Gen two non subscription functionality is great!",7.10.3
Oura,app_store,gb,13907834887,2026-03-31 18:21:28+00:00,1,Unable to login for 2 weeks - zero support,Support says there has been emails sent to me which is absolutely false. All I received are chat transcripts. Now what you expect from a product and service this expensive,7.10.3
Oura,app_store,gb,13902471717,2026-03-30 06:39:27+00:00,5,The best by far.,The coolest and most convenient health tracker. Perfect analytics displayed simply. Now syncs with Apple Watch and Strava does everything I need with no fuss.,7.10.2
Oura,app_store,gb,13902212338,2026-03-30 04:16:40+00:00,5,Kuba,I have used Oura for 5 years can recommend it enough,7.10.2
Oura,app_store,gb,13899320878,2026-03-29 09:57:05+00:00,5,On track,The ring is subtle - so I don’t have a big watch type device on my wrist. The ring keeps me on track both with movement and health observation.,7.10.2
Oura,app_store,gb,13895887531,2026-03-28 11:38:54+00:00,5,Awesome all rounder,"Really impressed with the Oura Ring 4. Sleek, lightweight, and you barely notice you’re wearing it. The sleep tracking is excellent—clear, actionable insights without overcomplicating things. Battery life is solid, and the app presents everything in a way that actually makes you want to improve your habits. Feels like a proper step up in both design and usability.",7.10.2
Oura,app_store,gb,13878487394,2026-03-23 13:21:03+00:00,4,Broken Integration,Headspace is not integrating correctly. It opens the headspace app but there is no prompt to connect. Not sure whose end is broken.,7.9.1
Oura,app_store,gb,13874187521,2026-03-22 07:10:08+00:00,5,I love it,One of the best investments is my Oura ring which keeps me informed on what is happening in my body ❤️,7.9.1
Oura,app_store,gb,13872240960,2026-03-21 17:20:32+00:00,5,Amazing - Highly recommend,Works brilliantly to support the ring. Together they have helped me change my habits and improve my health. Highly recommend it.,7.9.1
Oura,app_store,gb,13860383398,2026-03-18 08:31:17+00:00,5,Sleep much better now,"Knowing that my sleep was actually better than I had thought has helped me sleep better! I thought I needed 7 hours of deep sleep but actually that is not required. A mix of light, deep & REM is considered optimal. I enjoy the fact that the ring seems to confirm how I feel, and prior to Oura I was very much against wearable tech. This has really opened my eyes. Lovely ring too.",7.9.1
Oura,app_store,gb,13859956006,2026-03-18 04:34:42+00:00,2,Poor battery life,It’s not very accurate at sleep measurements. The battery life starts very good but deteriorated very quickly,7.9.1
Oura,app_store,gb,13858429441,2026-03-17 17:57:24+00:00,2,Ignoring female users,"I have noticed from my own use of the app that being on my period does not seem to affect how my Readiness Score is calculated.

I do not think this reflects a sufficiently scientific approach, nor does it adequately respect women’s bodies and health. Menstruation can clearly influence how the body feels and functions, and it should therefore be taken into account when assessing readiness and generating related advice.

Ignoring the impact of the menstrual cycle makes the scoring system feel incomplete, especially for female users. I hope you will consider incorporating period status more meaningfully into the Readiness Score and the guidance provided by the app.",7.9.1
Oura,app_store,gb,13856801187,2026-03-17 07:16:40+00:00,5,Good insights,Makes me aware of how certain things affect my body. I feel more energised now and less stressed because I can see what’s happening in the app,7.9.1
Oura,app_store,gb,13856497567,2026-03-17 04:22:15+00:00,4,Night Shift,Loving the Gen 4 ring. Never had one before but I have run into a common problem. The app resets your activity at midnight. That would be perfectly fine if you’re on days but not for a night worker. Could you add a tab to tell the app you are a night worker?,7.9.1
Oura,app_store,gb,13854484028,2026-03-16 15:01:32+00:00,5,Amazing,"Love Oura, great way to track my health and fitness, I’ve been with Oura 4 years and I wouldn’t be without it, Oura have fantastic customer service, when my ring stopped working Oura were great and sorted me out with a replacement straight away.",7.9.1
Oura,app_store,gb,13847166061,2026-03-14 13:28:05+00:00,2,Sleep data,Love this app. Hopefully future iterations will develop algorithms that also accommodate light sleepers and not heavily weight night sleep scores as poor due to lack of deep sleep.,7.9.1
Oura,app_store,gb,13839325260,2026-03-12 06:35:44+00:00,5,OG User,"I’ve been using Oura since the start so I’m biased in the sense that I have the lifetime subscription which means moving to another platform wouldn’t make sense from a financial perspective. With that said, Oura gives me everything I want from a fitness and health tracker, especially when it comes to sleep tracking which is most important to me. Analytics for sleep and general health markers are very good so I’ve been pretty content with it overall. 

My main complaint if I had to choose one is the fitness tracking. This is lacking compared to other devices and I’ve ended up using an Apple watch to supplement for any fitness related activities like walking, hiking, yoga and gym.

You can’t reserve “start and activity” on Oura and it will track your heart rate but it’s a bit basic. 

Hopefully they improve on this in the future.",7.9.0
Oura,app_store,gb,13834607428,2026-03-10 20:20:01+00:00,3,Poor battery life after 12 months of consistent use,Suddenly deterioration in battery life over a period of 4-6 weeks after functioning well for 12 months. Tried factory reset which seemed to help initially. Oura’s AI assistant checked battery health and reported it to be working well. Now having to recharge the ring every 24 hours.,7.9.0
Oura,app_store,gb,13833161155,2026-03-10 11:23:55+00:00,4,Great’s Insights,"I am really enjoying using Oura,  there are just a couple of things I like on other apps better.  E.g.  I like to see running totals of steps,  wk, month, yr to date etc",7.9.0
Oura,app_store,gb,13832738535,2026-03-10 07:48:23+00:00,5,Love it,This really monitors my sleep training etc. really light in weight and easy to charge.,7.9.0
Oura,app_store,gb,13831111053,2026-03-09 19:13:34+00:00,1,Can’t update.,Two days I’ve been watching the app ‘spin’ and not download. Not too sure if anyone else is experiencing this.,7.8.2
Oura,app_store,gb,13829798448,2026-03-09 11:08:31+00:00,5,Happy customer,"The best gadget I’ve bought. I hated watches as they’re distracting and I also hate anything around my wrist. The metrics seem more accurate, I can sync it to anything else and I’m just very happy with my purchase. Thank you!",7.8.2
Oura,app_store,gb,13825888602,2026-03-08 06:10:27+00:00,2,Not capturing my exercise and sleep properly,I love the idea of the ring however my sleeps are not captured properly. Some of my best sleeps are recorded as my worst and it doesn’t capture my exercises sometimes but captures things that are not supposed to be captured,7.8.2
Oura,app_store,gb,13810499505,2026-03-03 19:08:29+00:00,5,Really useful data which matches,"I’ve found my Oura ring to be really interesting and effective at helping my life a healthier life. All the data I get seems to match up with how I feel, but you get a lot of extra info. I recommend it to anyone who wants more of a snapshot of their health",7.8.2
Oura,app_store,gb,13805395262,2026-03-02 09:16:14+00:00,4,V Apple Watch,"For me, much more encouraging than Apple Watch. The interaction between the metrics is interesting over time and definitely has helped me pinpoint what’s stressing me. If you’re near/ are menopausal it’s useless. Unless I’m missing something it has nothing to offer you if you want insights into menopause. I’ve improved my steps gradually and sleep. Had it 2 months.",7.8.2
Oura,app_store,gb,13791727913,2026-02-26 15:17:03+00:00,4,Good if you’re American,"Overall the metrics are great. With time you get really good insights into your health and how your body is dealing with everyday stresses and strains. The big issue, and for me this is really big, is that all the activities are aimed at the American user. For example’football (American)’ ‘soccer’ ‘pickleball’. Don’t want to sound too English but some uk recognised activities would be great.",7.8.2
Oura,app_store,gb,13787783794,2026-02-25 13:45:32+00:00,5,Oura review,No more words needed. Just absolutely amazing and efficient technology! So happy.,7.8.0
Oura,app_store,gb,13780846708,2026-02-23 14:38:12+00:00,4,Heart rate,As I have AF ring doesn’t pick up heart rate fully and therefore unable to use some functions,7.7.0
Oura,app_store,gb,13779552157,2026-02-23 05:48:23+00:00,5,Amazing,Absolutely love my Oura ring xx,7.7.0
Oura,app_store,gb,13764138287,2026-02-18 22:01:41+00:00,2,Something’s off since last update,"Since the introduction of the accumulated stress, the app since to record anything I do as stress. I went from an average of 1h of stress per day (doing things like a workout or commuting to the airport) to 4-8h of stress per day every day for the last couple of months. Even naps have been recording as stress... Nothing has changed in my lifestyle, only the app update. I’m considering ending my membership",7.7.0
Oura,app_store,gb,13759809871,2026-02-17 17:05:52+00:00,1,Whoop is better,I am being honest Oura is not that good,7.7.0
Oura,app_store,gb,13754593090,2026-02-16 06:30:31+00:00,3,Cumulative stress,"I love my oura ring 4, I have worn it everyday for months. The cumulative stress stopped working at the start of February! Everything else is working fine and I have tried all the troubleshooting ideas and nothing helps! Please fix it!",7.7.0
Oura,app_store,gb,13748906770,2026-02-14 16:03:40+00:00,5,Horrible: makes mistakes and doesn’t allow manual edits,"When your ring gets a bit old, it won’t record your sleep even if there’s sufficient battery. 

This messes up all scores and trend data and you can’t manually edit it. 

Total disaster of an app. Also everything is always too pessimistic and on the verge of making you feel worse rather than better about your health and wellbeing. Should be outright banned.",7.7.0
Oura,app_store,gb,13733784992,2026-02-10 11:06:36+00:00,4,Engaging,"I have never worn a ring before and had severe doubts when given an Oura for Christmas.  I have found it intriguing, the sleep analysis is compelling and definitely helps to improve habits.  I find some of the menus  confusing and it isn’t easy to find some simple outputs.  Overall I am very pleased with it and would recommend it to anyone who doesn’t want to wear a watch.",7.7.0
Oura,app_store,gb,13729620863,2026-02-09 06:28:20+00:00,2,For hypochondriacs,I have been wearing the Oura ring for two months. Great tech and long battery life. My only issue is that it keeps turning people in hypochondriacs by their readiness score - yes every so often we have a bad night but the score underline too much about the last n hours instead of commenting on trends overall. It is more about the mindset which I have an issue with.,7.6.0
Oura,app_store,gb,13727664951,2026-02-08 16:57:15+00:00,4,Needs some improvements,Doesn’t pick up work out when I’m doing weights? Also would like to be able to switch off stress score as this can cause higher stress than needed!,7.6.0
Oura,app_store,gb,13726442753,2026-02-08 10:27:01+00:00,5,Finally in control!,"Oura has helped me with so much- tracking my steps, ovulation (it’s so accurate!) and has helped me see how sleep and my readiness for the day plays a major role in the energy I have.",7.6.0
Oura,app_store,gb,13714816381,2026-02-05 07:19:25+00:00,5,I love my Oura ring 🩷,This ring helps me track my activity and condition,7.6.0
Oura,app_store,gb,13712303988,2026-02-04 14:35:36+00:00,3,Good app would expect more considering the subscription,"Most of the app is good once you get used to how to navigate it, unfortunately nothing out of the ordinary which makes paying for it bring down my positive outlook on the product. 

One of my selling points was the period tracking aspect, but unfortunately it is the worst part of the app it gives you the least amount of information when it has the most data. I’ve had more information from a free tracking app. It seems the only way to improve this is to pay for yet another subscription for another app. 

It is a shame because unfortunately it shines a bad light on an otherwise good product.",7.6.0
Oura,app_store,gb,13700732533,2026-02-01 11:58:26+00:00,1,Inaccurate data,"The data coming out of the Oura ring is very often inaccurate, e.g. it says I slept, I know I was wide awake reading a book.",7.6.0
Oura,app_store,gb,13690166875,2026-01-29 18:09:59+00:00,3,Activity score broken,"The activity score does not seem to update unless the steps increase, 1.5 hour of strength session and 10 miles of cycling dont move above 74 score but if I do 2 thousand steps suddenly its 84. Complete rubbish.",7.6.0
Oura,app_store,gb,13676802978,2026-01-26 05:32:00+00:00,5,Best thing I ever did,"Metrics amazing, app interface great - so happy with this investment into my health",7.5.0
Oura,app_store,gb,13658042625,2026-01-21 05:36:04+00:00,4,Inaccurate battery levels,"Since the update, I feel the battery percentage and how many hours left before battery runs out is inaccurate. It can tell me I have 58% or 22 hours left before I go to bed, then when I wake up say 8 hours later, the percentage is down to 3% and says it ran out of battery to give me my overnight data. It used to be more accurate before the update",7.5.0
Oura,app_store,gb,13655751300,2026-01-20 14:46:11+00:00,5,Works well,"Works extremely well and a lot better than the bracelet which it replaced and of course if you use the phone to get the necessary information, it’s not going to have the whole picture unless you’re carrying it all the time so this certainly seems to be the ideal solution. The battery life is good as well.",7.5.0
Oura,app_store,gb,13616270595,2026-01-10 07:47:19+00:00,4,Recent Update,Until the recent update had been working really well but now won’t connect to my ring,7.4.4
Oura,app_store,gb,13606510226,2026-01-07 18:44:22+00:00,4,Love it - minor improvements needed,"The Oura ring is great for sleep tracking, heart rate and tracks steps well most of the time. Battery lasts almost 5 days and the ring is comfortable to wear. 

The ring fails to pick up on workouts when lifting weights and sometimes fails to notice when you are awake in the middle of the night which is a shame. 

Finding the right size ring is difficult, half sizes would be great. Would also like the option for the ring to be slightly thinner - more feminine.",7.4.3
Whoop,app_store,us,14597874996,2026-09-27 02:28:26+00:00,1,Arabic language,"As a daily user in Saudi Arabia, I highly request adding the Arabic language to the WHOOP app",5.71.0
Whoop,app_store,us,14597673368,2026-09-27 01:10:00+00:00,5,The Best Fitness Tracker!,"I’ve been using Whoop since early 2021.  That January I had decided I was going to do Andy Frisella’s 75 Hard program, and with the twice daily workouts I was concerned about overtraining.  I figured I would use Whoop for a few months, get a handle on my strain and recovery, and then move on.  But Whoop is just too good and they keep improving and adding additional functionality.  Now with the Advanced Labs component, and the intensive bloodwork that one can have completed and analyzed, I’m not sure I’ll ever leave.  In addition, the Healthspan feature is fantastic as it provides the right motivations to create the best lifestyle behaviors for a long and healthy life.  I know I am still under-utilizing Whoop and I look forward to incorporating more and more of its features and functionality into my life.",5.71.0
Whoop,app_store,us,14596508840,2026-09-26 17:50:21+00:00,3,Excellent at Sleep. Basic Feature needed.,"Sleep is really what Whoop is mostly about in my opinion.  It’s very good at that. However, I’ve found a major bug in its use.  It doesn’t have a “select all” capability to capture whatever you’ve been chatting about with its AI.  It only has “save to clipboard” which only allows one paragraph at a time to be copied which is brutally tedious and slow.  Their work around is the go into “Coach” which has the history of previous chats and capture it that way except that has been removed from the app.  We’ll see how their Support fixes this issue or not.",5.71.0
Whoop,app_store,us,14595044390,2026-09-26 10:17:11+00:00,1,"An intrusive click bait marketing app, not serious about workouts","You can't remove all the ridiculous banner ads, and I can't just look at my heartbeat continually, on demand. Terrible app. I through by brand new device in the trash. 
Intrusive banners you can't hide: 
- “First Week with WHOOP” - no way to hide banner 
- Refer & Earn banners (multiple) 
- Share a Free Trial banners (I'm not marketing your stupid app) 
- Shop / Shop All Accessories
- Gift a Membership (I'm not your marketing department)
- Extend Membership (I already paid for a year)
- Stress Monitor - can't disable and I could care less about a meaningless made up score",5.71.0
Whoop,app_store,us,14591196944,2026-09-25 10:45:50+00:00,5,Whoop keeps me honest,"Whether I need a rest day, a low impact day or an all out effort, Whoop ensures I have the right picture to decide. And, it’s rarely incorrect.",5.71.0
Whoop,app_store,au,14589686157,2026-09-25 00:16:08+00:00,2,Flat battery shouldn’t require a phone reboot,Poor connection between device and app causing significant impact on usability.,5.71.0
Whoop,app_store,us,14588800177,2026-09-24 18:32:22+00:00,1,Syncing issues,It shows connected buy the app will not stay synced and will take a lot of time to update.  Sometimes it will miss days of syncing.  I upgraded whoops to the 5.0 and I have done all the troubleshooting without resolution.,5.71.0
Whoop,app_store,us,14586612256,2026-09-24 05:32:11+00:00,5,Blood Pressure,"Between the Whoop and no caffeine, less salt and a health no processed food diet I have not had to use insulin and have dropped 40lbs in 9 weeks. The Whoop is the number one tool I have to get healthier 100%",5.71.0
Whoop,app_store,us,14583327441,2026-09-23 09:49:13+00:00,5,No Where To Hide,"Whoop will keep you honest if you follow your plan you've agreed upon. You'll get the feedback needed to keep pushing forward, but in a way that excites you. I love it!!",5.71.0
Whoop,app_store,us,14582627849,2026-09-23 04:28:09+00:00,1,5.0 does not track caloric expenditure accurately,"I’ve used WHOOP 4.0 for 1600 days consecutively and then recently switched to WHOOP 5.0. I used WHOOP specifically to track my caloric expenditure relative to my daily caloric intake using MyFitnessPal. This method worked very well and was very accurate and allowed me to achieve my weight loss goals consistently based on maintaining a daily caloric deficit of 400 cal when I was cutting. Fast forward to August 25 when I switched from 4.0 to WHOOP 5.0 and all of a sudden with no meaningful change in my routine, my caloric expenditure according to WHOOP 5.0 dropped by about 1000 cal per day. Now, even as my weight is flat, WHOOP 5.0 is showing about 1000 cal per day surplus. Very disappointing. I can no longer use WHOOP as an accurate gauge of my daily caloric expenditure.",5.71.0
Whoop,app_store,us,14582168880,2026-09-23 01:22:11+00:00,1,Bad App,WHO makes a sport app only functional connected to the internet,5.71.0
Whoop,app_store,us,14577020084,2026-09-21 17:29:33+00:00,5,¡Lo mejor que EXISTE!,"Ha sido lo más wow que he experimentado. Me ayuda a mi rendimiento, a entender mi cuerpo, a absolutamente TODO.",5.70.0
Whoop,app_store,us,14576408227,2026-09-21 14:26:10+00:00,5,Expensive but worth it,"I really love this. Im a geek for health stats and I just love being in tune with my body. Pretty accurate. The only bad thing was that my whoop would randomly turn off at night if it wasn’t fully charged. It could be at 50% and it would turn off idk why. Maybe cuz I would take it to the sauna. But other than that I love it. I love how it auto tracks my random activity’s like soccer, yoga, swimming.",5.70.0
Whoop,app_store,us,14576383074,2026-09-21 14:18:47+00:00,2,AI,disabling the dumb AI chatbot is not possible and Strava integration never worked for me,5.70.0
Whoop,app_store,us,14576374822,2026-09-21 14:16:24+00:00,2,Expensive.,"For something that you cannot dial in for your specific lifestyle it’s awfully expensive. I work nights, my workouts are not always the at the same time (sometimes it’s mornings and some sometimes it’s afternoons) it depends on he’s that I work vs sleep. I had an otlrigin whoop years ago and I loved it so I thought I’d buy the new updated version. I wish I had waited for the new Apple Ultra 3 to come out.",5.70.0
Whoop,app_store,us,14576341015,2026-09-21 14:06:27+00:00,1,Sleep detection is terrible,Somehow whoops ability to detect and analyze sleep continues to get worse.  It doesnt detect wake-ups; it misreads non-sleep hours as rest and greatly overstates directional indicators and analysis like a cable news commentator.  Feel like product improvements have been a bell curve over last couple years.  Appreciate the battery life and lack of 'smart watch' type functionality but its missing the target on tracking key metrics.,5.70.0
Whoop,app_store,us,14572428792,2026-09-20 14:09:29+00:00,5,Best AI tracker,Whoop is my coach not just my tracker,5.70.0
Whoop,app_store,us,14571872357,2026-09-20 11:19:35+00:00,1,Device doesn’t work properly,Worst customer service,5.70.0
Whoop,app_store,au,14570331692,2026-09-20 00:36:50+00:00,5,Loving whoop,It helped me track and change my habits. I love checking the data and see what and how I can improve it,5.70.0
Whoop,app_store,us,14568179401,2026-09-19 12:52:38+00:00,5,Love whoop,Love this thing,5.70.0
Whoop,app_store,us,14568178046,2026-09-19 12:52:13+00:00,2,Login issue after switching to a new iPhone,"I’ve been using WHOOP, but after switching to a new iPhone, I was unable to access my existing account through the iOS app. The app keeps showing a blank “ERROR” message.

My credentials are correct, and I can successfully log into the same account through the WHOOP website and see my membership and payment history. I also reset my password, reinstalled the app, and followed the recommended troubleshooting steps, but the issue remains.

I contacted WHOOP Support and opened a support case, but I still cannot access my account through the app.

It’s extremely frustrating to have an active membership and working account but be unable to use the app after switching phones. I hope WHOOP addresses this issue quickly and improves the login experience.

I would not expect this kind of issue from a paid service.",5.70.0
Whoop,app_store,us,14568012499,2026-09-19 12:00:58+00:00,5,Great app,Great app,5.70.0
Whoop,app_store,us,14567818311,2026-09-19 10:54:32+00:00,5,Amazing,Love it. Everyone I’m around is blown away with the detail,5.70.0
Whoop,app_store,us,14566965178,2026-09-19 05:10:00+00:00,4,"Title: Great performance coach, but major sync issues","Review:

“As a busy manager, the insights WHOOP provides are life-changing. I love the recovery and sleep tracking. HOWEVER, I had a terrible experience recently: I lost my phone, and upon re-installing the app on a new device, ALL my historical data was gone. Losing that long-term analysis is a dealbreaker. If this cloud sync/data migration issue gets fixed, it’s easily a 5-star app. Please improve your data retention and account syncing policy so users don’t lose their hard-earned progress.”",5.70.0
Whoop,app_store,us,14565667400,2026-09-18 20:38:29+00:00,4,Love the insights/Hate incompatibility,The device is accurate and the app is full of insights.  I just hate the fact that it’s impossible to import activities recorded on other devices.  I just don’t want to wear my whoop to BJJ class. You should make it easy to import activities.  You know it’s the right thing to do.,5.70.0
Whoop,app_store,us,14564634644,2026-09-18 15:08:12+00:00,4,Client request recognition,I sent a request to get the app updated in a specific way and it got updated like I requested. It’s good to know that the developers listen to their customers and their requests.,5.70.0
Whoop,app_store,us,14564283645,2026-09-18 13:29:36+00:00,5,什么时候出中文简体版哦,什么时候出中文简体版哦,5.70.0
Whoop,app_store,us,14563984011,2026-09-18 11:59:30+00:00,5,Fantastic I am so happy I have it!!,"Whoop is so great in so many ways. From telling me that my body needs more rest, to telling me my body is fighting off a sickness because my recovery is low and I have had adequate and not overstrained myself, but to sleep and to take it easy. 

It lows my regular menstrual cycles and will start telling me up to five days ahead that it is coming and usually in day two before it arrives, it tells me that my body’s symptoms and they are usually perfectly on point. 

I love that it tells me what I my strain should be and if I surpass what the goal was for the day, it tells me keep pushing to hit a certain number to give it an all out day.",5.70.0
Whoop,app_store,us,14560755413,2026-09-17 15:12:07+00:00,3,Inconsistent Strain Scores,Some scores given are way too high and others way too low,5.70.0
Whoop,app_store,us,14559975813,2026-09-17 11:18:51+00:00,5,WHOOP is very beneficial,I have been wearing a WHOOP since 2025 and haven’t took it off not one day it’s been helping me monitor a lot of my health and keeping me on track. I really love WHOOP. I even courage a couple of my family members to purchase a WHOOP to help them in the everyday life.,5.70.0
Whoop,app_store,us,14558058839,2026-09-16 21:33:46+00:00,5,My health copilot / coach,I use it every day and it helps me really try to guide and inform me on what’s impacting my body and good decisions to make for my health overall.,5.70.0
Whoop,app_store,us,14556573727,2026-09-16 13:40:23+00:00,1,Inaccurate,"The Whoop coach is constantly giving me incorrect data and then when I correct it says something along the lines of “my bad, I’ll stop making stuff up!” And then the next day it’s back to making stuff up. I can’t trust anything from the coach.",5.70.0
Whoop,app_store,us,14556553302,2026-09-16 13:34:32+00:00,5,Sleep and Recovery,I love this for tracking my sleep! My sleep score went from 2-3 hours of restorative rest to 4-6hours after adding an air scrubber to my bedroom. Love being able to track my sleep and recovery using my whoop!,5.70.0
Whoop,app_store,us,14554217779,2026-09-15 22:09:52+00:00,4,WHOOP,"I’ve been a a member of the Whoop community for over 2 years. This is my overall experience with it. I think it is overall great. Great in the sense that it tracks the information you need in order to understand your body better, and helps you understand your habits or lack of habits that one would need to implement in their lives to be a better version of themselves etc.. However, I believe with the amount the whoop costs, and I have the newest version, they should at least let you keep the data you pay for, or at least give you access to more things you don’t have to purchase on the side. PS! The silicone band gives you a rash over time. Be CAREFUL. 🤙🏾",5.70.0
Whoop,app_store,us,14554136806,2026-09-15 21:37:59+00:00,5,Amazing,I’ve been using whoop for 3 years now! I don’t know what I would do without it.,5.70.0
Whoop,app_store,us,14553541578,2026-09-15 18:01:45+00:00,1,Too bad software not comparable to apple or google,Software problem,5.70.0
Whoop,app_store,us,14551128552,2026-09-15 02:34:31+00:00,2,Makes you open the app,"The app can wake you up by setting an alarm and having the device vibrate at that time. Though this works well and Bluetooth shows it connected, you have to actually open the app almost every day to get it to sync. Seems to be intentional given the alarm system works and Bluetooth is connected. Annoying, impractical, and questionable purpose from the vendor.",5.70.0
Whoop,app_store,us,14550773663,2026-09-15 00:10:29+00:00,5,Great hardware,Una linda experiencia cotidiana. Thx,5.70.0
Whoop,app_store,us,14550499817,2026-09-14 22:17:32+00:00,1,Can’t see suggested workout plan on tracer view,"When the AI created a workout plan and started, I couldn’t see what to do: it just redirects to the default workout tracker. I do wanna make the most of the suggested workout plan, so please please fix this asap",5.70.0
Whoop,app_store,us,14549425883,2026-09-14 15:57:55+00:00,1,Absolutely awful - cancelled,"We were supposed to get free upgrades - that’s why we paid monthly. But nope, you need to pay for a whole year for that suddenly.

To add to that, the app sends tons of notifications you can’t disable. I want them on so I can get low battery notifications but then they bombard you with notifications telling you when you go for a walk, workout, etc… yes I know I just walked thank you.

Hope the VC crunch eats you alive",5.69.1
Whoop,app_store,us,14548825588,2026-09-14 12:57:17+00:00,5,"Whoop whoop, that’s the sound of the Police","Whoop is the real deal for anyone looking to get to the next level or get ahead of their competitors. I’m 25 and have competed in marathons, ultras, Tri’s, and an Ironman 70.3. This has allowed me to gain insights on how to improve training and recovery. 10/10",5.69.1
Whoop,app_store,us,14541419111,2026-09-12 15:19:12+00:00,4,whoop,i love it but i wish it had a small clock on it and had a way to set more alarms,5.69.1
Whoop,app_store,us,14540666181,2026-09-12 11:41:55+00:00,5,Insightful,The data I received from helped me make better choices to improve my physiology.,5.69.1
Whoop,app_store,us,14540480582,2026-09-12 10:36:04+00:00,5,The best,The best,5.69.1
Whoop,app_store,us,14539741250,2026-09-12 05:35:41+00:00,5,The best,The best thing you can buy,5.69.1
Whoop,app_store,au,14538480350,2026-09-11 21:11:43+00:00,5,Life changer,Taught me to sleep and it’s wild,5.69.1
Whoop,app_store,us,14537812702,2026-09-11 17:16:11+00:00,3,Auto renew he'll,The instructions to stop auto renew are inaccurate. I haven't found a way to cancel,5.69.1
Whoop,app_store,us,14537454923,2026-09-11 15:27:21+00:00,5,4.9 star,"its all good, but the PRICE is what kick me out!!",5.69.1
Whoop,app_store,us,14536497450,2026-09-11 10:36:05+00:00,5,Great product,"I think that this is best fitness tracker out there. Despite what people say. The money you pay for the subscription is worth. I have seen other fitness trackers out there some may come close, but there is always something that Whoop does that I like better that makes me stay.",5.69.1
Whoop,app_store,us,14535272719,2026-09-11 01:35:33+00:00,1,Worst tracker yet.,"This is my 2nd Whoop device and I’ve had nothing but issues from the start. I have the 4.0 and it constantly shows as off-body, no matter where I wear it. The firmware never updates successfully, no matter how hard I try. It never holds a charge. And all I’m ever offered when I talk to customer service is a free extra month or two. It’s gotten so bad that I’ve given up contacting them and now I just use the darn thing as an alarm clock. Useless and expensive for no good reason.",5.69.1
Whoop,app_store,ca,14534103716,2026-09-10 18:16:03+00:00,4,More accurate,To do something on a treadmill. I punch in I’m going 3.3-3.6 on the treadmill and it has me moving 1.2 which also doesn’t give me accurate calories Burnt,5.69.1
Whoop,app_store,us,14533743959,2026-09-10 16:23:28+00:00,5,Health,Great tool to keep up with your health,5.69.1
Whoop,app_store,us,14532933529,2026-09-10 12:30:24+00:00,5,Best Lifestyle Tracker,Game changer for managing your life and fitness and health.,5.69.1
Whoop,app_store,us,14532558182,2026-09-10 10:27:40+00:00,5,Helpful Data,Whoop has helped me recover better. I didn’t realize I was over training. I have also been able to dial in my sleep schedule after years of poor sleep. Data guides change and shows the results of the changes,5.69.1
Whoop,app_store,us,14532079679,2026-09-10 07:00:31+00:00,4,Store,Your,5.69.1
Whoop,app_store,us,14530315996,2026-09-09 19:11:51+00:00,2,Not reliable,Been wearing since the beginning of this year and time and time again the whoop will advise me of needing more sleep (length),5.69.1
Whoop,app_store,us,14530132905,2026-09-09 18:11:06+00:00,5,New Gift,"My family purchased my Whoop for Father’s Day this year 26’ and I can honestly say I’ve been wearing it religiously every day/night. It definitely keep me on track and gives me daily, weekly, monthly goals to always keep me on a healthier path. Great product.",5.69.1
Whoop,app_store,us,14529226115,2026-09-09 13:40:53+00:00,1,Would give less than 1,Beware of subscription scam. Cool product if you love pissing away money. Customer service sucks.,5.69.1
Whoop,app_store,us,14528799839,2026-09-09 11:32:43+00:00,1,Consistently Inconsistent,I continuously need to remove the app and add it back so it updates & allows me to see my daily results. Annoying for any app but one I pay over $300 for? The product and app are trash,5.69.1
Whoop,app_store,us,14528644288,2026-09-09 10:39:02+00:00,5,Review,The whoop is just a great tool to have if your an athlete but even if you just use it to track your sleep! I’d recommend it to anyone!,5.69.1
Whoop,app_store,us,14528638324,2026-09-09 10:36:45+00:00,5,Life changing,Whoop has changed my life for the better. It holds me accountable while teaching me what to do to have better health. One of the best decisions I ever made almost three years ago.,5.69.1
Whoop,app_store,us,14528621274,2026-09-09 10:30:17+00:00,3,Decent but could use improvement,"This is a good app but really needs direct integrations to Claude and ChatGPT health.  

Also heart rate is definitely not accurate and often is far from being even remotely correct.

Lastly you cannot access the rest of the app while recording an activity",5.69.1
Whoop,app_store,ca,14527671867,2026-09-09 03:18:14+00:00,5,Whoop,Outstanding!,5.69.1
Whoop,app_store,us,14524484790,2026-09-08 08:37:46+00:00,5,Excelente,Excelente app,5.68.2
Whoop,app_store,us,14522441204,2026-09-07 18:36:57+00:00,1,Scam! Make it impossible to cancel.,Scam! Make it impossible to cancel.,5.68.2
Whoop,app_store,us,14521987861,2026-09-07 16:19:50+00:00,4,Almost…..,"The devices battery lasts forever, which is really really helpful. It provides a lot of great information. The one thing that it desperately needs is the ability to track and trend blood pressure. Without this, it really is an imperfect device. That said, that’s why I give it four stars instead of five.",5.68.2
Whoop,app_store,us,14521352093,2026-09-07 13:18:44+00:00,5,Best in category,"I’ve had a few different fitness trackers over the years, and WHOOP is the best, for what it does. If you can afford to pay monthly, it’s really helpful on many fronts.",5.68.2
Whoop,app_store,us,14521116556,2026-09-07 12:02:42+00:00,3,Great for middle age or younger,"This is a wonderful idea and product. It offers great feedback, however, it is not designed for people over 60. There is a lot of room for improvement in that department. If I were 35 it would be five stars!",5.68.2
Whoop,app_store,au,14519950234,2026-09-07 03:20:23+00:00,5,Last Sunday my Whoop saved my life.,"Hi 👋🏻 I’m Jez,

I’m a 39 year old adventure living heart kid that sometimes is a little stubborn when it comes to listening to my body when it’s telling me to slow down. That’s why I have my Whoop.

Last Sunday I was packing the car after a big few days of work and travel and not a whole lot of sleep.

While you’d think that putting a few bags into a car wouldn’t be a huge strain on the body, you guessed it, it actually was! 

I was packing the car to make the bags neat and secure and I started to feel dizzy. I decided to sit in the front seat of the car and check my Whoop. 130bpm.

So stubborn me decided to go back to the house and get my final bag. Walking inside I checked my Whoop to see my heart rate was now at 140bpm. 

I screenshot my info of the last few days and put it into ChatGPT and it said “bro lie down! and think about calling an Ambulance”.

So I lay down and watched my phone for a few mins and even though my heart rate wouldn’t drop I thought I may as well put my last bag into the car. 

What an idiot! I only got a few steps further and collapsed. My whoop gave me my heart rate and you could see it’d spiked to 150+ so I finally called an ambulance.

Turns out I had atrial fibrillation and after two ambo rides, a stack of tests incl CT, chest xray, ultrasound, ECG and bloods I was going to need Cardio Version to reset my heart. 24 hours later I had the procedure and all has gone well but it’s been a slow week since.

Honestly having the Whoop show my heart rate, putting the info in front of my stubborn face made me seek help so much quicker than my stubborn self wanted to admit it.

I got my Whoop 4 a few years back and since have upgraded to the 5 on the Life plan but now will get the top tier that comes with the ECG.

I can’t express enough the gratitude I feel to live in a time where we have such amazing doctors and the technology to wear on your wrist a device that tells you so much about your health.

I should’ve seen the signs sooner than I did but I wouldn’t be here today without my Whoop for that I am sure. 

If you’re a stubborn male that loves to push your body to the max buy a Whoop today, your loved ones will thank you for it every day.",5.68.2
Whoop,app_store,us,14519069277,2026-09-06 21:17:04+00:00,3,Just OK,"I tried whoop for 6months. I found the actual hardware to be uncomfortable on my wrist. I found the sports band that was $50 to work, but it broke within the 6months. I initially like the tracking bout found that at least 20% of the time it was inaccurate - saying I only got 4hrs of sleep, then took a 3hr nap staring at 2am, or would cut off work outs. Then I would have to manually fix things. I ultimately think the app was pretty good, but combined with the cheap hardware I think this is 3 stars.",5.68.2
Whoop,app_store,us,14518140600,2026-09-06 16:10:23+00:00,5,Better Health,Gives me easy access to information I need to help live a healthier lifestyle kid!,5.68.2
Whoop,app_store,us,14517581952,2026-09-06 13:30:42+00:00,4,Whoop,"I have had my whoop for 4 years now.  I like it better than the Fit Bit.  I do wish it tracked my activities better though.  And when I take a nap, it does not automatically register, I have to manually add it. It used to adjust the time they suggest I go to sleep but the past 6 months now for some reason it is not changing the time after I have a nap 🤷🏼‍♀️",5.68.2
Whoop,app_store,us,14517096939,2026-09-06 10:50:16+00:00,5,Life changing,No question. The data and feedback have changed my life. Health never better. I’m 73. Whoops pace of aging data says 70.5!That motivates me.,5.68.2
Whoop,app_store,us,14515985475,2026-09-06 03:08:06+00:00,1,Joke of a Product,The AI in whoop absolutely sucks. It will repeatedly ask questions for which you already provided detailed answers. It’s sleep tracker will miss large blocks of sleep time which throws of all recovery stats and which the app/AI use for guidance/coaching. It’s to the point where if I have a basic question google can answer it way better than the whoop AI can. Useless product. Going in the trash.,5.68.2
Whoop,app_store,ca,14515863592,2026-09-06 02:20:39+00:00,4,Expensive,Very hard to manage  fee,5.68.2
Whoop,app_store,us,14515137454,2026-09-05 21:31:43+00:00,2,Good product - horrible customer service!!!,"I rarely leave negative reviews, but this has been unacceptable.

My WHOOP failed about one week into the free trial in January. I emailed support immediately and repeatedly requested a replacement, but never received a proper resolution. Despite this, I was charged $239, even though I had not approved the payment and my issue had not been resolved.

After months of emails, WHOOP finally confirmed in writing that they would send a complete WHOOP 5.0 replacement and provide the 12 months of Peak membership associated with that charge.

It is now September, more than six months later, and I am still being told they are “investigating.”

I’m not even asking for a refund anymore. I just want WHOOP to honor what they already approved.",5.68.2
Whoop,app_store,us,14514418986,2026-09-05 17:24:43+00:00,3,Please provide Chinese language support！,"Please provide Chinese language support! WHOOP has a large user base in China, many of whom have subscribed to the app. However, they do not have access to Chinese‑language support. Please respect users’ rights and offer a language that matches their usage habits. Kindly add Chinese language support as soon as possible. Thank you！",5.68.2
Whoop,app_store,us,14514369240,2026-09-05 17:09:40+00:00,2,Way to expensive,I really do enjoy the bracelet but I doubt I will keep it when my year is up.   Way too expensive for a membership.  In all honestly once you buy this thing it should just work.  Lord knows we don’t need another monthly bill.,5.68.2
Whoop,app_store,us,14514166550,2026-09-05 16:11:03+00:00,5,Great Insight,"WHOOP has completely changed how I approach fitness and recovery. The sleep tracking, recovery scores, and strain recommendations give me actionable insights every day. It’s easy to wear, the data is detailed, and it’s helped me improve both performance and consistency.",5.68.2
Whoop,app_store,us,14513233118,2026-09-05 11:40:29+00:00,3,Sensing workout initiation nonexistent,Doesn’t sense and pick up my workout unless I manually start an activity. Other products are more sensitive and do this for you. Not very user friendly making me remember to start an activity and then I have to tend to end the activity and if I forget I get these 23 hour workouts. For the price point this feature shouldn’t be so faulty. Unless fixed I won’t be renewing next year.,5.68.2
Whoop,app_store,us,14510766011,2026-09-04 19:27:42+00:00,4,iOS APP display is meh,"Love the features, loves the tracking and historical data mapping. 

Now the bad stuff…. When accessing the iOS app a lot of the text is cut off and you can’t scroll over to see it or flip to landscape mode. Then there’s the constant marketing notifications. Needs work",5.68.2
Whoop,app_store,us,14510205521,2026-09-04 16:25:14+00:00,5,Whoop,It’s really good a little pricey but so worth it,5.68.2
Whoop,app_store,us,14510169827,2026-09-04 16:14:30+00:00,5,Kinsley’s review,i just wish that is tracked naps and the amount of yards i swim.,5.68.2
Whoop,app_store,us,14509794189,2026-09-04 14:27:20+00:00,2,Language Arabia,We request that the company include Arabic among the available languages.,5.68.2
Whoop,app_store,us,14509772320,2026-09-04 14:21:18+00:00,1,Inaccurate AI Slop,"Got this band plus 1 year membership with Chase Sapphire Reserve perk. Not even worth the tax I had to pay on this benefit. The most basic feature, counting steps, is wildly inaccurate. So how can I trust anything else coming from this device. The narrative content provided in app is just AI slop and worthless. Battery life is good and recharging while wearing device is cool. These features allow you to wear band almost 24/7 which is nice but the band starts to stink after wearing in the shower a few times (which defeats purpose of having strong battery and charging features). I canceled after giving this 5 months into a 1 year membership. Much happier with cheaper, more accurate fitness band with no subscription fees.",5.68.2
Whoop,app_store,us,14509504779,2026-09-04 13:06:24+00:00,4,1week in,"Still trying to figure it all out however, the screen view is cut off on the sides preventing clear view of data. Changing phone settings screws up my entire phone. Please fix! Thanks!",5.68.2
Whoop,app_store,us,14509442132,2026-09-04 12:48:15+00:00,1,.,Добавьте русский язык долбени,5.68.2
Whoop,app_store,us,14509084380,2026-09-04 10:55:19+00:00,1,Expected better,Never consistent!! Depending on where it is worn and what activity you are doing. Picks up false stain and activity. Don’t waste your time or money on this device. Garmin is tried and true !!,5.68.2
Whoop,app_store,us,14509062095,2026-09-04 10:47:19+00:00,5,The best,Great to have!,5.68.2
Whoop,app_store,us,14508533933,2026-09-04 07:06:31+00:00,5,Great product,"My only complaint is the subscription model. Instead of forcing an annual subscription, Whoop should offer a one-time purchase price. A clear, fixed price would make people much more comfortable buying it, instead of being put off by the idea of paying every year forever.",5.68.2
Whoop,app_store,us,14508445523,2026-09-04 06:25:45+00:00,5,Amazing,So helpful in learning about my own body and helping me live a better healthier life,5.68.2
Whoop,app_store,us,14507801422,2026-09-04 01:40:49+00:00,1,Scam,Will advertise free but wont let you continue without payment. Scammers should be sued for wrongfully collecting my sensitive information,5.68.2
Whoop,app_store,au,14507054589,2026-09-03 20:44:43+00:00,5,Simply The Best,The Whoop App is the most complete and comprehensive tool I have ever used in its category. I must say it’s simply the best tool for keeping track of everything. I would recommend it 1000 times !!!,5.68.2
Whoop,app_store,au,14506891955,2026-09-03 19:45:10+00:00,5,Best monitor!,Best health monitor and great to use!,5.68.2
Whoop,app_store,us,14505542508,2026-09-03 12:45:55+00:00,5,Best stats and life improvement,Luv stats and focus on improving. Their AI is very good,5.68.2
Whoop,app_store,us,14505238659,2026-09-03 11:08:59+00:00,1,New algorithm new WHOOP,"I was told that Whoop changed their algorithm to help track heart rate better, but since it's done that, it's done a horrible job of tracking my real heart rate. 

I compare it against my Apple Watch, which is usually bad, but now I lean on it much more than my Whoop. I can be having a high-intensity interval training session, heart rate skyrocketing, and it doesn't even show me past zone 1. It's pretty ridiculous. 

I'm not renewing. This algorithm change messed things up.",5.68.2
Whoop,app_store,us,14505214382,2026-09-03 11:00:27+00:00,2,Too much AI,"While the data is great, the AI “coach” nags too much. It can be annoying and sometimes frustrating.

All I need is the metrics.  I wish I could turn it off.",5.68.2
Whoop,app_store,us,14504693976,2026-09-03 07:18:57+00:00,1,اللغات الموجوده بالتطبيق,حطو اللغه العربيه مو معقول كل اللغات موجوده الا العربيه !!,5.68.2
Whoop,app_store,us,14504270339,2026-09-03 03:59:21+00:00,5,greatest purchase for health ever,great.,5.68.2
Whoop,app_store,us,14501549600,2026-09-02 12:13:37+00:00,2,Only getting worse,"I’ve been a Whoop “member” since 2017. It’s been a struggle to watch this company fall into the same traps of most tech companies. The strap’s performance is terrible. I’ve had to adjust my sleep almost every day for 3+ years and this occurred with the 3.0, 4.0, amd now the 5.0. To make matters worse, you have to go through horrendous AI to try and get answers that inevitably doesn’t work. When/if you get a human involved, they will tell you some basic advice that doesn’t consider your particular situation and won’t be helpful.",5.68.2
Whoop,app_store,us,14501414205,2026-09-02 11:31:09+00:00,5,Helped with sleep,Whoop has helped me figure out my sleep so that I am more aware of how my daily habits directly affect my sleep!,5.68.2
Whoop,app_store,us,14501404446,2026-09-02 11:27:57+00:00,5,My best self,"I’ve been using WHOOP since 2016, and it’s been nothing but phenomenal. It’s become one of the tools I rely on most to understand my body, fitness, and recovery. Tracking things like HRV, resting heart rate, sleep, daily strain, and recovery helps me know when I can push harder and when I need to dial things back.

I also love being able to see how sleep, training, stress, and everyday habits impact my recovery over time. After nearly 10 years, WHOOP is much more than a fitness tracker for me. It helps me make smarter decisions about my health and performance every day.

I recommend WHOOP to anyone who is serious about their fitness, recovery, and getting the most out of their training.",5.68.2
Whoop,app_store,us,14501360052,2026-09-02 11:13:13+00:00,5,Change Your Life,I had terrible habits and was overweight. Whoop helped me solve those problems but giving my insights into the bad habits and teaching me how to fix them.,5.68.2
Whoop,app_store,us,14500034304,2026-09-02 01:46:41+00:00,1,Occasionally stops working automatically,The WHOOP band occasionally stops working automatically while sleeping at night.,5.68.1
Whoop,app_store,us,14499681422,2026-09-01 23:30:44+00:00,1,Poor sleep detection,"I bought a WHOOP because I wanted good sleep detection, but they’ve updated the algorithm a couple of times and completely messed up the sleep detection at this point. The rest of the functions are no different than what you get on a much cheaper Fitbit or any other tracker. I would strongly recommend against buying WHOOP. Likewise, the support has been terrible.",5.68.1
Whoop,app_store,us,14497552463,2026-09-01 11:58:22+00:00,5,Whoop,"Loving my Whoop!!  Keeps track of my steps, analyzes my sleep & training. It’s helpful with designing workouts on demand. It’s gotten to know my movements so if I forget to start an activity, it will automatically know I’ve started & will process the data anyway.",5.67.0
Whoop,app_store,us,14496116455,2026-09-01 02:10:24+00:00,5,Whoop,Whoop is awesome !,5.67.0
Whoop,app_store,us,14496018447,2026-09-01 01:32:32+00:00,5,My review,The best out there hands down,5.67.0
Whoop,app_store,us,14495834756,2026-09-01 00:21:35+00:00,5,Good,Love it sooo much,5.67.0
Whoop,app_store,us,14493545320,2026-08-31 11:45:37+00:00,2,"Great product, terrible customer service","As title says, great product and I love it besides the lack of gps. The customer service is terrible. When I had a 4.0, there was a time where it wouldn’t connect to my phone for a few days so I contacted support and they just said to wait and let it run out of battery and try again. So I waited over 2 weeks for this thing to run out and thankfully it connected again. Now with my 5.0, I was at the beach and it fell off while swimming in flat water. I eventually found it with goggles but the clasp was gone (broke off) so I contacted support and they said it’s not covered by warranty so order a new one. Just used $50 to replace with the cheapest band I could. What’s the point of a warranty if it doesn’t cover the band breaking.",5.67.0
Whoop,app_store,us,14492262543,2026-08-31 02:47:08+00:00,2,Good,Good but I hope more,5.67.0
Whoop,app_store,us,14491552808,2026-08-30 22:03:36+00:00,1,App keeps crashing,"It’s been 3 days and the app won’t let me login. Tried changing password, reinstalling app, nothing works. Customer service is not very helpful nor can they fix the problem. Extremely frustrating.",5.67.0
Whoop,app_store,ca,14490436822,2026-08-30 15:57:43+00:00,4,Very good but could be better,"Best features are sleep tracking, recovery feedback, AI chat that can answer specific questions not covered in daily reports. Would like to be able to set HR threshold alerts during exercise. Would like to see e-biking, road cycling as categories vs just mountain biking & cycling. The fast link on the band is a bit flimsy, causing it to loosen, which can allow the band to fall off. Happened to me twice while sleeping one night.",5.67.0
Whoop,app_store,us,14489517148,2026-08-30 11:19:49+00:00,5,I’m so happy,"I’ve been using WHOOP for a while now, and it has completely changed the way I understand my body and approach my daily routine. I love being able to see how my sleep, recovery, stress, and training all connect.

What I appreciate most is that it’s not just about tracking workouts—it helps me make smarter decisions about when to push harder and when my body needs more recovery. The insights have made me much more intentional with my habits, sleep, and overall performance.

If you’re someone who is serious about improving your fitness, recovery, and overall lifestyle, WHOOP is absolutely worth it. It has become part of my everyday routine, and I genuinely love having real data to help me understand my progress.

Highly recommend! ⭐️⭐️⭐️⭐️⭐️",5.67.0
Whoop,app_store,us,14489329533,2026-08-30 10:07:14+00:00,1,AYUDANTE,Excelente,5.67.0
Whoop,app_store,us,14488905581,2026-08-30 07:11:11+00:00,5,Complain,Always disconnect when phone is flight mood off,5.67.0
Whoop,app_store,us,14486984887,2026-08-29 18:22:20+00:00,5,Amazing!,Love the features and the daily insight the app gives!,5.67.0
Whoop,app_store,us,14486435203,2026-08-29 15:34:58+00:00,5,Love it,"Whoop was recommended to me by a friend, I did the trial & it’s been a wrap ever since. There are so many benefits wrapped into one band, the long lasting battery is great, the insights and tracking, and the AI feature does a wonderful job giving recommendations and adjustments",5.67.0
Whoop,app_store,us,14486227049,2026-08-29 14:36:24+00:00,5,Behavior changer,The ability to track and communicate physical and behavior impacts is very powerful and lets you be in charge of your life changes. Very easy to use and effective.,5.67.0
Whoop,app_store,us,14486128611,2026-08-29 14:08:51+00:00,5,"After five years, I still use Whoop Daily to optimize my health","The Whoop health span feature is an awesome motivator to take care if my body and track essential metrics for physical health. I sleep, eat, and exercise better as a result, with realtime impact.",5.67.0
Whoop,app_store,us,14485637035,2026-08-29 11:38:07+00:00,1,Workout data loss,"I’ve lost 2 sets of workout data in the last 3 weeks. It was certainly taking the data in and measuring while I was working out. And even registered strain. Whoop people can’t figure it out.  I’ve had one for over a year now, so I’m not new to it.  The whole point of this thing is to measure your workouts and it’s stopped being consistent. Caveat emptor",5.67.0
Whoop,app_store,us,14481857924,2026-08-28 12:23:06+00:00,5,Review,Great app,5.67.0
Whoop,app_store,us,14478018666,2026-08-27 12:40:03+00:00,5,The feedback is unreal,Having the health insights provided by the band are pushing me to live healthier and more conscientiously,5.67.0
Whoop,app_store,us,14477713597,2026-08-27 11:00:54+00:00,5,Decision Making Tool,I love my whoop.  I consistently use the data to drive decisions and help shape life style choices that affect my health.,5.67.0
Whoop,app_store,ca,14474979563,2026-08-26 16:58:01+00:00,4,"Great dashboard, but expensive",Enjoyed the data and insights. AI Coach assistant is helpful when trying to schedule workouts between soccer games to ensure good recovery. Very expensive though.,5.67.0
Whoop,app_store,us,14474670111,2026-08-26 15:23:57+00:00,5,Changed how I Behave,"I definitely have enjoyed my first 1000 days on my whoop.  I let it drive my behavior and use it as a game to drive improvement. My VO2 max has climbed 4 points, my weight has dropped 10 lbs, (while I’ve built a lot of muscle) my age is dropping (trying to get back to my 40s), I drink SO much less because it has more of an impact than I knew! I work out at Resilience CrossFit doing RUSH and combined with my whoop, I’m feeling great, getting stronger, and taking better care of my healthspan!",5.67.0
Whoop,app_store,us,14473705802,2026-08-26 10:23:22+00:00,5,Health (and life) improver,Whoop has been a worthwhile addition to my journey.,5.67.0
Whoop,app_store,us,14473197727,2026-08-26 06:51:59+00:00,1,Everything was great until it wasn’t,"I was very satisfied except for the very frequent crashes when you try to move exercises around on a workout plan. After about 4 months, my whoop band stopped working after a short swim (it’s supposed to be waterproof). I asked for help and got AI help, when I told the AI agent what I had attempted to do, followed the new recommendations only to get another AI email giving more recommendations that clearly do not address the fact that its stopped working after going into the water.",5.67.0
Whoop,app_store,us,14471561674,2026-08-25 19:46:38+00:00,3,The calendar is not responsive on iPhone 16,The calendar view is not responsive on mainstream models,5.67.0
Whoop,app_store,us,14471190075,2026-08-25 17:39:00+00:00,4,Good,"It’s great does a good job, but I wish the AI was a little more aware on my workouts and plans we discussed and executed together. Kind of just does its own unless I remind it. Other than that it’s good",5.67.0
Whoop,app_store,us,14467883522,2026-08-24 21:15:24+00:00,5,Best wearable,The app is clean and very easy to use. There are endless options to change the interface to your liking.,5.66.0
Whoop,app_store,us,14467695272,2026-08-24 20:06:06+00:00,1,Customer service,"Very disappointing customer service experience with WHOOP. I purchased a subscription as a gift for my girlfriend, and she only used it for one year. When I tried to cancel the subscription, I contacted customer service on two different occasions, but they were not able to help me.

Both times, I was simply referred to send an email instead of having the issue resolved directly. I expected much better customer service, especially when trying to cancel a subscription.

I would not recommend this company based on my experience with their customer service.",5.66.0
Whoop,app_store,us,14467576450,2026-08-24 19:23:43+00:00,5,Love this app,Motivation to workout and keep up with fitness better than any other system!,5.66.0
Whoop,app_store,us,14467140480,2026-08-24 16:58:31+00:00,1,0 stars,Update: you can’t delete your payment information and you can’t delete your account. So now I have payment information out there that I can’t delete. Shady AF! Do not buy!!!,5.66.0
Whoop,app_store,us,14466799494,2026-08-24 15:14:11+00:00,1,Pseudo Science,"Bought this hoping to gain some insights on my sleep habits. Nothing useful has come from it. It’s basically like my iPhone bedtime reminder and alarm, but for $400 a year. Not renewing my membership, especially after they wouldn’t honor the 30 day return policy.",5.66.0
Whoop,app_store,us,14464977000,2026-08-24 03:39:55+00:00,1,Journal entry issues,Journal entry feature continues to pop up for the same day,5.66.0
Whoop,app_store,us,14464669627,2026-08-24 01:35:15+00:00,4,Idea is great,Great idea i hope it can be automated. Have to manually input activities.,5.66.0
Whoop,app_store,us,14464335151,2026-08-23 23:19:29+00:00,5,Perfect band,Great band for precisely tracking your activity.,5.66.0
Whoop,app_store,us,14464046773,2026-08-23 21:22:43+00:00,5,Whoop There It Is,My wife and kids bought me a whoop for Father’s Day last year and I love it!  I am thoroughly tracking my fitness journey.,5.66.0
Whoop,app_store,au,14460950140,2026-08-23 02:34:11+00:00,1,Sell!,"Reports and app navigation.

The app is 80% or more a sales platform. 

The data I am paying to download is hidden between advertisements. 

Upgrade!
Buy!
Refer!
Sell, sell, sell.

Using the app is an awful experience.

You need AI to find what you are looking for.",5.66.0
Whoop,app_store,us,14458161635,2026-08-22 10:17:20+00:00,5,Good app but can do more on app,Should have function to represent all actions selected at once,5.66.0
Whoop,app_store,au,14457998125,2026-08-22 09:09:49+00:00,2,Makes up completely random stuff about me,Keeps telling me I’ve done a great bike ride when I don’t own a bike and hate biking and I’ve told it so. Clearly it’s connected to bc an aAI that hallucinates badly which is not good when it comes to one’s health. Makes me wonder how inaccurate the rest of the data is!,5.66.0
Whoop,app_store,us,14456832985,2026-08-22 00:57:13+00:00,5,Alex,One of the best fitness apps I’ve had to work with,5.66.0
Whoop,app_store,us,14456830257,2026-08-22 00:56:07+00:00,5,Like,Good app,5.66.0
Whoop,app_store,us,14454449879,2026-08-21 11:32:11+00:00,5,Love it,"I’m really impressed with WHOOP Live. It’s surprisingly accurate, especially considering how little input it requires from me. It seems to understand my activity, recovery, and how I’m feeling with minimal effort on my part. The insights feel relevant and personalized without requiring constant logging. Definitely a feature I’ve been enjoying!",5.66.0
Whoop,app_store,us,14454114346,2026-08-21 09:27:58+00:00,5,Amazing product,"In short, very satisfied. Can’t ask for more.",5.66.0
Whoop,app_store,us,14453076888,2026-08-21 02:12:19+00:00,5,whoop whoop,good band ♡ it,5.66.0
Whoop,app_store,us,14452213935,2026-08-20 20:36:37+00:00,1,Trash,"This app is trash. Purchased the Life membership. Signed into the app. It didn’t recognize my membership. Wouldn’t connect to Bluetooth. Literal trash. If I could give it no stars, I would. You know what was easy though? Giving them my CC info. They have that squared away. Zero stars. Refund requested.",5.66.0
Whoop,app_store,us,14450679026,2026-08-20 12:40:37+00:00,5,Love my whoop,"I used to run my self to the ground, now I can train smarter",5.66.0
Whoop,app_store,us,14450516919,2026-08-20 11:50:29+00:00,2,Not the best. Not the worst.,"I think the only thing that really stands out with this tracker is the aging/health span info. There are lots of other devices with screens that could give you some of the same information. Granted, this one is less distracting, and the accuracy is probably better. The AI generated daily outlooks have been incredibly inaccurate lately. I will probably use the device for the remainder of the year and break away before I have to re-up my subscription.",5.66.0
Whoop,app_store,us,14449428710,2026-08-20 04:33:08+00:00,1,Terrible - such a scam,"This app used to detect activities, naps, and helped me track my period after years of tracking it on other apps. Now none of those things happen, weight and periods are not recorded same with activities and naps. The metrics aren’t even correct. Don’t waste you’re money it’s all marketing and a scam",5.66.0
Whoop,app_store,us,14448826543,2026-08-20 00:36:55+00:00,5,Great,Five out of five,5.66.0
Whoop,app_store,us,14447500110,2026-08-19 16:42:26+00:00,5,My health,Ever since I got whoop around Christmas it’s helped me so much prevent sickness that was messing up my season and I respect it highkey,5.66.0
Whoop,app_store,us,14447297787,2026-08-19 15:42:05+00:00,1,App crashing in deep dives,"Overall a great App for tracking vitals and for deep dive. However, the App needs a lot of work in a few deep dives. Whenever i open the deepdive on Sleep, my App crashes. I need to close the App and open again. Almost no incentive to open deep dives on the App, which defeats the purpose of all the tracking. Product team needs to take a closer look at this and fix it",5.65.1
Whoop,app_store,us,14446998478,2026-08-19 14:17:08+00:00,5,Great service,Really enjoying my whoop and all the services offered. Worth the price,5.65.1
Whoop,app_store,us,14446049973,2026-08-19 09:03:13+00:00,5,Early adopter,I’ve been using WHOOP since it originally came out. I’ve always loved it and every year it just keeps getting better and better. I see this as a must have as we get older. There’s so many health insights that it has now. It’s thefirst thing I look at every morning when I wake up.,5.65.1
Whoop,app_store,us,14445364474,2026-08-19 04:09:12+00:00,5,I Only Wish WHOOP Had Existed 10 Years Ago,"Since I started using WHOOP, there is one thought I keep coming back to: I wish this had existed 10 years ago.

If I had had this level of insight into my body in my thirties, I am convinced I would have made very different lifestyle choices.

WHOOP has given me something incredibly valuable: awareness.

I have become much more conscious of how much sleep my body actually needs, how much exercise is right for me, how stress affects me, when my body is under pressure even if I don’t necessarily realize it, and what I can do to manage all of this better.

But perhaps one of the biggest surprises has been seeing the impact of my everyday food and lifestyle choices on my recovery.

Things that can seem insignificant like a glass of Prosecco, some fried food, a late or heavy meal, suddenly aren’t so insignificant when you can actually see how your body responds the following day.

WHOOP makes the invisible visible.

And that has changed the way I think about my health. It has made me much more mindful of those small daily decisions that we often underestimate, but that, over time, can have a significant impact on how we feel and perform.

For me, WHOOP isn’t simply a device that tracks data. It has become a tool that helps me understand my body and make better decisions for myself every single day.

I genuinely cannot thank WHOOP enough for existing. I only wish I could go back and give one to my 30-year-old self!

I wish the company and the people behind it every possible success, because I truly believe WHOOP is one of those innovations that can positively change people’s lives.

Absolutely invaluable to me.",5.65.1
Whoop,app_store,us,14443971202,2026-08-18 19:17:16+00:00,1,Bad,Terrible,5.65.1
Whoop,app_store,us,14442900365,2026-08-18 13:52:07+00:00,4,Decent,"Needs better privacy guarantees, needs better HR tracking and estimates for short intense interval workouts. Needs ability to switch between two or more active strength training activities. Otherwise good sleep gauging app.",5.65.1
Whoop,app_store,us,14442750449,2026-08-18 13:09:17+00:00,5,Without membership,Without membership just like garmin is better,5.65.1
Whoop,app_store,us,14442499498,2026-08-18 11:52:00+00:00,1,And we’re done,"I loved it until I started to realize the data is inaccurate and misleading.  You get what it’s trying to teach you and after a while it can cause you to second guess yourself. I wanted a low tech “watch”that didn’t show notifications on my wrist. Which is this buuut the app bombards you with notifications and requested inputs. So it’s not really a low interaction device. 

I would have happily not reviewed this but the canceling process of your membership is predatory and motivated me to write this. 

There are better cheaper competitors.",5.65.1
Whoop,app_store,us,14442459453,2026-08-18 11:38:51+00:00,5,La Salud en tu muñeca !!!,"Es increíble: jamás ha existido una herramienta creada por el ser humano con tanta capacidad para enseñarte, orientarte y ayudarte a vivir mejor.",5.65.1
Whoop,app_store,us,14442444743,2026-08-18 11:33:59+00:00,5,3rd year with whoop. Big fan,"Love this app and device. I have the base level newest model. It’s awesome for tracking my fitness, sleep, and recovery. I primarily use the strength trainer with the AI coach and my results are awesome.",5.65.1
Whoop,app_store,us,14441034641,2026-08-18 02:00:54+00:00,1,Mislabels Activities,It used to label activities correctly after detecting them. Now it doesn’t. Support staff doesn’t seem to care after going back and fourth in the issue.,5.65.1
Whoop,app_store,us,14440734521,2026-08-18 00:07:58+00:00,1,"Great Concept, Terrible App Performance","I fought tooth and nail to get a replacement sensor. I uninstalled the app as instructed and reinstalled and now it’s working worse than before. Won’t save logged activities. My device has worked great, it’s THEIR APP and THEIR customer service, just ask to escalate up til you find someone who won’t put the accountability on you.",5.65.1
Whoop,app_store,us,14440002686,2026-08-17 19:34:55+00:00,1,Whoop support suck (email and phone),"Whoop support sucks. I keep experiencing the same issues over and over again. The app’s backend records everything correctly, but the data often doesn’t appear in the app until a day later.

I’ve had Whoop for about seven months, and I’ve consistently experienced syncing issues. Unfortunately, the support experience has been just as frustrating. The support team often seems either unwilling to properly troubleshoot the issue or lacking sufficient product knowledge, and the same can be said about phone support.

For someone whose schedule frequently changes, Whoop also seems unable to adapt properly. In comparison, my Apple Watch paired with Bevel handles changing schedules and data much better and provides a far more reliable experience.",5.65.1
Whoop,app_store,us,14438889037,2026-08-17 13:56:09+00:00,5,Love it.,Thank you who made it.,5.65.1
Whoop,app_store,us,14438715111,2026-08-17 13:05:18+00:00,5,Whoop for the win,There is nothing better for creating accountability for yourself and your long term health goals.,5.65.1
Whoop,app_store,ca,14438653894,2026-08-17 12:46:37+00:00,5,My Sleep & Healthspan Coach,I got my WHOOP years ago bc I work in the film industry & I was curious about how frequent sleep shifting was affecting my health. I always knew I didn’t feel good whenever it happened but I finally had metrics. Wearing my WHOOP has helped me commit to better sleep hygiene whenever possible & also lets me see how sleep & my training habits are affecting my healthspan which is of utmost importance to me. My only complaint is the ongoing high cost of subscription which may lead me to cancel as many of my WHOOP using friends have.,5.65.1
Whoop,app_store,us,14438255063,2026-08-17 10:32:07+00:00,5,Obsessed,Whoop really helped me zone in on my diet and fitness goals!  I absolutely love it and the Lifetime Fitness group we have to keep each other motivated!,5.65.1
Whoop,app_store,au,14438226762,2026-08-17 10:21:28+00:00,5,Step count wrong,Step count wrong,5.65.1
Whoop,app_store,ca,14435668584,2026-08-16 17:45:08+00:00,3,Good but…,"Most of the data is decent, but it often overestimates your recovery and the AI that’s forced into it is *terrible*. So disjointed and just a mess of an experience overall. Get rid of the LLM AI, it’s just not helping. For the price of this product, it shouldn’t have this amount of user friction.",5.65.1
Whoop,app_store,us,14434913579,2026-08-16 14:06:46+00:00,5,Whoop review,"Had for over 400 days and still going strong, whoop rewards you constantly for achieving fitness goals. Very good device. Totally recommend",5.65.1
Whoop,app_store,us,14434639447,2026-08-16 12:45:21+00:00,2,Just not helpful,"I got this, hoping that the extra data provided would allow me to gain insight onto how to deal with stress. The stress score is really don’t match with how my body feels either physically or mentally. I can have an extremely difficult day at work and it gives me a low stress score. I can have an easy day at work and have a hard workout it gives me a high stress score.

Those two things are very different and how my body feels them. Additionally, the most stressful day at work can have a score of 4.2 and a 30 minute ride at 60% heart rate gives a 4.2 score. Those are extremely different issues. 

Also, it is difficult to understand because the scores don’t really jibe or relate to how you’re feeling. It produces a lot of data, but I’m not sure if it’s actually reliable or accurate so it’s not worth the extra money or commitment to wearing it at night.",5.65.1
Whoop,app_store,us,14434533553,2026-08-16 12:10:50+00:00,3,Integrations,"Great data and tracking, but it would be take it to the next level if it connected with existing food tracking apps instead of having to input those details manually.",5.65.1
Whoop,app_store,us,14432553049,2026-08-15 22:54:25+00:00,2,Not accurate,"If you set the alarm to wake up at 7am, It’s not smart to detect when you go back to sleep at 10am to 11 am. It won’t add the extra hour to your total sleep hours for the day.",5.65.1
Whoop,app_store,us,14431427631,2026-08-15 16:25:47+00:00,5,I like Whoop,"Many people complain about the cost of Whoop, but I find that I get great data and insights from the app and the AI interface. It really helps me understand my recovery from exercise, how well I’m sleeping, how my eating patterns affect my sleep and recovery. It’s been really great.",5.65.1
Whoop,app_store,us,14431332246,2026-08-15 15:58:10+00:00,3,Needs an Update,"The WHOOP app seems to work OK, but it definitely needs an update to fix some issues.
On many screens the information does not fit on the phone screen. In other words, it bleeds over the edge, making it all but unreadable.",5.65.1
Whoop,app_store,us,14431047499,2026-08-15 14:38:21+00:00,5,I love it,I live and die by this whoop data as a pro athlete. I just wish it could tell time,5.65.1
Whoop,app_store,us,14430431151,2026-08-15 11:33:39+00:00,5,Game changer,"The data provided by whoop has helped me to make small changes necessary to improve my overall health. If you track your data, are honest with your answers, and make necessary adjustments, you’ll see a positive change in your overall health. I came into this very healthy. I can’t imagine how great it is for someone that wasn’t already a healthy person. Thanks Whoop!",5.65.1
Whoop,app_store,us,14430227958,2026-08-15 10:18:31+00:00,2,Expensive Toy,"The Whoop is an interesting tool that helped me to gain valuable insight regarding my sleep and training. After a couple of months I feel it no longer serves it purpose. I’d return it and save the $27 per month but I am committed to one year so that’s not an option. It is an expensive toy, for what I need. Looks good.",5.65.1
Whoop,app_store,us,14429516194,2026-08-15 05:23:45+00:00,3,Don’t satisfied,"During this time, I haven’t been satisfied with the step counter or strain data. There were days when I hadn’t even gotten out of bed yet, but it had already recorded 1,600 steps.",5.65.1
Whoop,app_store,us,14426702727,2026-08-14 13:13:31+00:00,5,Best wearable!!!,I've worn Aura ring & a Garmin watch but they don't even come close to the quality & accuracy of Whoop! I'm SO glad I discovered Whoop because it affects my every day life decisions for the better & my body thanks me for it every single day.,5.65.1
Whoop,app_store,us,14426655685,2026-08-14 12:59:49+00:00,3,"Love the app, but missing basic features","I love my Whoop band! It helps me to stay motivated and gives me clear insights into my health. The AI is getting better and they are putting a lot of effort into developing the product/app more.

My main issues are is that I feel like there are multiple features that you would think are basic features for a health device that are missing. For example, I have to track activities twice. Once in the actual activity section and then another time in my daily journal. It seems like the activity section should automatically update the Journal so you don’t have to repeat efforts speaking of the activity section, there are times where it misses the activity that I’m doing, especially low strength, activities like blah, blah blah, remember there are times when I’m sitting on the couch and open my app to 15 potential activity spotted messages. Also, the app doesn’t track basic things like blood oxygen levels throughout the day. Want to see the average lifespan of your battery? Sorry, can’t see that. Wanna ask the AI the average length of your dog walks, running, or other physical activity? Sorry, even though it attracts the data attracts your route, you are unable to see this either. Lastly, all the replacement bands are $100 or more. My band that I have now, which is my original band that I came with, desperately needs to be replaced, but because there are no cost-effective replacement I have yet to pull the trigger.

It’s not all doom and gloom, though. I love the band, which is fairly comfortable and looks good, the WHOOP support team are very responsive and efficient, who is amazing at giving you daily strained targets that feel accurate and attainable, but still push you for training, and the app does genuinely encourage me to look at it each day, which helps with me staying consistent with my daily goals. I do really like the way. The AI is developing as well, being more responsive and being able to help with setting goals and adjusting goals as necessary based on what’s going on in life. 

Well, there are a lot of things that need to be developed or fixed, I would still highly recommend the WHOOP to anybody looking for a Fitness device. The speed at which WHOOP developing their app and product gives me hope that the things that I’m asking for will one day soon be features and overall I really do love my WHOOP band. I would probably recommend it best for those who are already moderately active and looking to bring their fitness to the next level, those looking to track and maintain daily habits, or those who generally want more insights into their health. I do still think that other brands might be better for women looking to track their cycles in fertility, or for those who don’t want to wait for the features that I mentioned above.",5.65.1
Whoop,app_store,us,14426595707,2026-08-14 12:41:49+00:00,5,Love my WHOOP,"I have tried all the big name wearables over the years, but this is by far the best! The battery lasts a week or more. I put it on and forget I’m wearing it. It’s the most accurate and detailed recovery and sleep analysis I’ve ever had.  I also love that it helps me trend my blood pressure too.",5.65.1
Whoop,app_store,us,14426558788,2026-08-14 12:30:37+00:00,4,Good but not Great,"I’ve really enjoyed using WHOOP overall, but there are a few areas where I think it could be significantly better.

What I love:

The UI/UX is excellent. The app feels modern, sleek, and very tech-forward. I genuinely enjoy going through it every morning because everything is intuitive, easy to understand, and presented in a way that feels premium. WHOOP does a great job taking a lot of health and fitness data and making it approachable without feeling overwhelming.

I’ve also been impressed with the Recovery score. Most mornings, my recovery has lined up surprisingly well with how I actually feel when I wake up. That’s probably the feature I’ve found most valuable.

Where it falls short:

The WHOOP Coach/AI needs improvement. There have been times when its recommendations didn’t seem to match either my recovery data or how I was feeling. One morning I woke up feeling pretty run down with a 50% yellow recovery, yet WHOOP Coach essentially told me to train as usual. Bevel, using much of the same underlying health data, recommended that I take it easy and prioritize recovery. I followed Bevel’s recommendation, rested, and had a great recovery score the following day.

Obviously, one example doesn’t prove one recommendation was definitively better, but it made me much less confident in WHOOP Coach. For a product built so heavily around recovery, I’d like the AI to be more conservative and context-aware when recovery is mediocre and the user reports feeling poorly.

Sleep detection has also been disappointing compared with my Apple Watch. One night this past week, I was awake for roughly two hours in the middle of the night. My Apple Watch correctly detected that extended period of wakefulness, while WHOOP essentially treated it as a near-perfect night of sleep. That’s a pretty significant miss for a device where sleep is such an important part of the overall experience and Recovery score. For the amount of money Whoop costs you’d think the sleep detection would be on par with the Apple Watch. 

Overall, I really like WHOOP. The design, presentation of data, and Recovery experience are some of the best I’ve used. But for me, the AI coaching and sleep/wake detection need to catch up with the rest of the product. If WHOOP can improve those two areas, the overall experience would be much harder to beat. For the price I’d expect better quality. Especially since there are other apps that do similar things for less money.",5.65.1
Whoop,app_store,us,14426493523,2026-08-14 12:10:28+00:00,5,Lost signal for first time ever,"Unsure why, but lost sleep tracking for 4 days..Took 45 minutes with helpful Customer Service rep to try to resolve…still trying to confirm I’m back connected",5.65.1
Whoop,app_store,ca,14426308788,2026-08-14 11:10:17+00:00,5,Awsome,Best in the business by far but gods that’s expensive,5.65.1
Whoop,app_store,us,14426303335,2026-08-14 11:08:25+00:00,5,Lifestyle,I love using the whoop app. It truly helps me optimize my performance on a daily basis. It will help you make better health decisions and find out what works for you and your body.,5.65.1
Whoop,app_store,au,14424524070,2026-08-13 23:23:09+00:00,5,Steven,Literally help to change me life for the better. I could not imagine life without whoop.,5.65.1
Whoop,app_store,us,14423846196,2026-08-13 19:09:52+00:00,1,Glitch,"I started an activity on Whoop this morning. After finishing, as usual I was going to stop the activity. There was no activity on my app. However, I could see that at the top of my phone the timer was still on. I tried everything. In the end, I manually uploaded the activity. The timer was still running at the top of phone though. I ended shutting off my phone and restarting to try and get rid of it.",5.65.1
Whoop,app_store,us,14423545262,2026-08-13 17:30:14+00:00,1,Inaccurate,Inaccurate,5.65.1
Whoop,app_store,us,14423531173,2026-08-13 17:25:48+00:00,2,Strength trainer crashes easily,This app is great except that the strength trainer will frequently crash if you try to rearrange exercises during a workout. Then I lose half my workout.,5.65.1
Whoop,app_store,us,14423078152,2026-08-13 15:10:52+00:00,5,Life Changer,"I was someone who was mildly impressed with the Apple Watch and I really didn’t find it functional. I also struggled to charge it and put it back on and there were significant gaps in my data in the day time. Also, tracking sleep was something that was important to me and if I’m wearing my watch in the day and I have to charge it at night, I’m losing all the data. Tracking my menstrual cycle was something that I also wanted to do and when I was gifted WHOOP for my birthday from my boyfriend I put it on and committed incredibly. I now have over 400 days of consistent data. I have been working to decrease my health age while also tracking my cycles with great detail and I will be enrolling in advanced labs in the next year to get my bio markers for any health concerns.",5.65.1
Whoop,app_store,us,14422976953,2026-08-13 14:42:43+00:00,5,Best tracker in the biz,I'm been using Whoop for over 5 years- and I plan to use it for another 5 years. To have robust data on yourself and to make behavioral changes to improve myself! Life long customer,5.65.1
Whoop,app_store,us,14422603496,2026-08-13 12:55:57+00:00,1,Please add Arabic language support 🇸🇦,"WHOOP is an excellent app, but Arabic is still not supported. Adding Arabic would make the experience much better and more accessible for millions of Arabic-speaking users.

Please consider adding Arabic in a future update. Thank you! 🙏",5.65.1
Whoop,app_store,us,14421809447,2026-08-13 08:16:38+00:00,1,Health data still unattended,Health data still unavailable after iOS update,5.65.1
Whoop,app_store,au,14420415922,2026-08-12 23:00:51+00:00,5,Forget the rest!,"Best purchase I’ve ever made to watch my health. In September 2024 it saved my life. RHR and respiratory rate way higher than my baseline and also me noticing shortness of breath lead me to taken myself to hospital to find out I had a straddle PE. 1 in 3 die from them, without the Whoops data I would’ve been dead.",5.65.1
Whoop,app_store,us,14419713629,2026-08-12 18:44:13+00:00,5,Mr,Good,5.65.1
Whoop,app_store,us,14419311797,2026-08-12 16:33:40+00:00,1,Major disappointment,"I’m a very active middle aged person who adopted Whoop to track my multitude of activities. I’ve encountered a major problem: Whoop doesn’t accurately measure where most of us live our lives: in HR zones 0-2. For a 5 mile walk in 85*F heat, whoop recorded 150 calories. Why? ‘I wasn’t working hard enough.’ The AI agent was condescending, passive aggressive and deflective. So, if you aren’t regularly pushing yourself often at HR zones 4-5, Whoop is basically useless for you.",5.65.1
Whoop,app_store,us,14416953021,2026-08-12 02:35:28+00:00,5,Good healthy,Good to my health,5.65.1
Whoop,app_store,us,14415864329,2026-08-11 19:48:45+00:00,5,مراجعة,نرجوا ان يتم العمل باللغة العربية,5.65.1
Whoop,app_store,us,14414782430,2026-08-11 14:19:12+00:00,3,Whoop Coach,It has ruined my experience with Whoop opened several cases asking how to get rid of it but I think the case is still open. I have turned off memory and deleted all chats and memory except health info. It’s better now as long as I never but never respond to Whoop Coach just look at the summary understanding it may not be accurate but never respond and it’s workable,5.65.1
Whoop,app_store,us,14414559487,2026-08-11 13:16:54+00:00,5,My AI Coach!,"I learned about WHOOP after watching a video showing professional athletes, wearing it for training and monitoring their physical well-being and performance. I’m in my 70s and focusing on fitness nutrition, but I mainly but the WHOOP to help me sleep better. 
It gives me suggestions on sleep consistency, and nudges me to take even better care of my body.
I have not taken it off since I bought it 90 days ago. Lots of data that is relevant to my goals. Ultimately, I hope to live longer and live a better life using WHOOP as one of my tools.",5.64.0
Whoop,app_store,us,14414537855,2026-08-11 13:10:44+00:00,1,Usuario,"Muchas fallas, muy caro para lo que otros ofrecen sin costo de licencia",5.64.0
Whoop,app_store,us,14413949076,2026-08-11 10:01:52+00:00,5,Won’t live without,I have been wearing in my room for four years now and it just keeps me on track. I love the fact that it tells me if I could work out again basically in my recovery or if I’m overworking myself. But my biggest thing is keeping up with my HRV and my resting heart rate in my sleep. I have worn Fitbit and Garmin and WHOOP is my absolute favorite as far as accuracy.,5.64.0
Whoop,app_store,us,14413156567,2026-08-11 04:41:50+00:00,1,Dishonest Company,"I did the one month free trail. Then I went to monthly subscription, and kept it for another month. Now I am trying to cancel my membership and they are trying to charge me for a full year.",5.64.0
Whoop,app_store,us,14412791519,2026-08-11 02:10:33+00:00,4,Keeping track,"I’ve been using whoop for a year and a half now I love the features, keeping track of my training and strain, being able to see how my sleep and recovery was showing me how hard I can push myself and keeping track of daily steps. My only issue is since I wear it to the gym I sweat with it on and I try to wash it with antibacterial soap daily but I still keep getting a rash on my wrist I believe it’s from bacteria build up, I switched to the silicone whoop strap it’s not as bad now but still an issue.",5.64.0
Whoop,app_store,us,14412498870,2026-08-11 00:20:00+00:00,5,Whoop,I have been wearing my whoop for over a year now and love seeing all my stats. Whoop keeps me on track and making sure that I keep out of red recovery!,5.64.0
Whoop,app_store,au,14412460368,2026-08-11 00:05:23+00:00,5,Best device and app,Very precise with the data,5.64.0
Whoop,app_store,us,14412452940,2026-08-11 00:02:30+00:00,5,Life Changing,"I love this app , actually change my life , I look my life differently now , thank you guys !! 🙏",5.64.0
Whoop,app_store,us,14410841263,2026-08-10 14:56:55+00:00,5,Data is addictive,"I ended up with a whoop through a research study in 2023 and have been addicted to the data ever since. The sleep recovery information is the most helpful. As a physician, I’ve been able to add about an hour to my sleep schedule just by understanding the trends and tendencies that I probably felt but hadn’t seen in big data form.",5.64.0
Whoop,app_store,us,14410836225,2026-08-10 14:55:28+00:00,4,ECG,No es fácil obtener un ECG aceptable demasiada interferencia.,5.64.0
Whoop,app_store,us,14410286017,2026-08-10 12:11:37+00:00,4,Lost connection,Upset that my connection was lost for 3 days,5.64.0
Whoop,app_store,us,14406833950,2026-08-09 14:31:46+00:00,1,Good in theory - useless in practice,"The concept sounds amazing. Monitor your vitals and help you improve performance and health. Other than the strain monitor, the other metrics are questionable at best. And the AI Chatbot, which is supposed to give you advice is utterly useless.. You are way better off to just talk with Claude or ChatGPT then waste your time with Whoop.",5.64.0
Whoop,app_store,us,14406824726,2026-08-09 14:29:00+00:00,5,Kevin,"Love the watch and what it does for my daily life,work,sports.  Only complaint is the price upfront for the subscription",5.64.0
Whoop,app_store,us,14406793031,2026-08-09 14:19:37+00:00,4,Please support Chinese as soon as possible！,Please support Chinese as soon as possible！,5.64.0
Whoop,app_store,us,14406315555,2026-08-09 11:44:43+00:00,5,"More Than Data, It’s Helped Me Build Better Habits","I’ve gone back and forth between different apps and devices to track sleep, recovery, and training strain, and WHOOP has been by far the best experience for me.

The app is intuitive, user-friendly, and packed with useful data without feeling overwhelming. Like any wearable, not every metric is going to be 100% accurate, and some data occasionally needs context or adjustment. But that’s not really where I see the value.

For me, WHOOP is most useful for establishing consistent benchmarks, spotting trends over time, and building healthier habits around sleep, recovery, and training. Instead of obsessing over individual numbers, I use the data to make better decisions and understand how my habits affect my performance and recovery.",5.64.0
Whoop,app_store,us,14406271899,2026-08-09 11:28:46+00:00,5,Game changer,The entirety of whoop is transformative to every phase of your life. It inspires you to just simply live better. The feedback keeps you accountable and drives the impulses to pay attention to wellness. Your life improves in every if you follow what whoop reveals to you and you have the will to adjust your lifestyle for the better. With it you can reach health heights only dreamed of before wearing it.,5.64.0
Whoop,app_store,us,14406258399,2026-08-09 11:23:44+00:00,5,Excellent data presentation,"I have had the Oura ring, Samsung smart watches, Apple smart watches, and this thing presents data far better and more digestible than any of the others. I highly recommend this for anyone who wants to identify trends in their day to day that they could improve upon and get a good baseline.",5.64.0
Whoop,app_store,ca,14401568034,2026-08-08 05:05:13+00:00,2,Wrong readings and calorie data,Whoop is showing 40k 50k calories in a day for past few days and its not getting fixed,5.64.0
Whoop,app_store,ca,14397389159,2026-08-07 03:18:21+00:00,3,It’s Interesting… But,"I wear Whoop all the time. I get data on strain and sleep. But I don’t find the device intuitive. I get data that I really don’t know what to do with it. My long term goal is health and longevity. I am looking for technology like Whoop to help me on my journey. But, I am not sure if it is.",5.64.0
Whoop,app_store,au,14390255148,2026-08-05 09:41:16+00:00,1,BEWARE Cancelling is too hard,This app makes it hard to cancel the annual and very expensive annual fee of $411 AUD!,5.63.0
Whoop,app_store,au,14385053516,2026-08-04 02:10:25+00:00,2,Lacking innovation,"Seriously, unless it’s being ridden rough just to sell it off. Innovate and listen to your users. Let me turn off and not have Whoop coach pop up all the time and hallucinate rubbish at me. There’s an easy dozen more suggestions if you just asked your multiple year users. Before you lose them to a growing number of options…",5.63.0
Whoop,app_store,au,14377766397,2026-08-02 07:57:31+00:00,5,Harman,It’s Gr8 gadget for everyday. Helpful insight tips.,5.63.0
Whoop,app_store,au,14368016552,2026-07-30 21:16:14+00:00,3,Great product. Subscription dated commercial model,Whoop’s subscription model was genius 5yrs ago but not I’m considering leaving after years due to competitors in the market without subscription (or offensively high subscription) models,5.63.0
Whoop,app_store,ca,14365868888,2026-07-30 09:55:48+00:00,5,Game changer,"Very accurate, device that provides the health data needed to improve",5.63.0
Whoop,app_store,ca,14340881114,2026-07-24 03:15:05+00:00,1,Constant inaccuracy and app issues,Honestly had the 4.0 was great but upgraded and have only had issues no support at all app freezes constantly and doesn’t update. So many issues and zero fixes wanted a refund and it is so confusing and costly. Don’t buy was great has fallen apart,5.62.0
Whoop,app_store,au,14331389409,2026-07-21 18:37:04+00:00,5,Life changing,"Helps to build positive habits and routine that makes my life happier, healthier and in the end, will undoubtedly live for longer",5.62.0
Whoop,app_store,au,14327661595,2026-07-20 20:20:45+00:00,3,Glitches,"Few times overnight data lost with no reason why. The Ai dictaphone works better than manual typing, not sure why?",5.61.0
Whoop,app_store,au,14316185358,2026-07-17 23:49:25+00:00,5,Mr.Hyderabadi,"Whoop is one of the best investments you can make for your health. It keeps you accountable every single day by giving you insights into your sleep, recovery, strain, and overall well-being. The constant reminders and personalized feedback motivate you to work on the habits you’ve been putting off. It’s like having a coach on your wrist, helping you become a healthier version of yourself every day. Highly recommended!",5.61.0
Whoop,app_store,au,14315749906,2026-07-17 21:01:22+00:00,5,Whoop helps me to be my best,Whoop is the best tool for powerful living and longevity,5.61.0
Whoop,app_store,ca,14315030131,2026-07-17 17:00:22+00:00,1,No good,"Product is garbage. At best it’s a decent heart rate sensor, but you can get same results with any heart rate sensor. App takes multiple hours and even sometimes days to update to your device, even tho Bluetooth is connected.",5.61.0
Whoop,app_store,ca,14311158669,2026-07-16 18:09:19+00:00,5,Good,The best,5.61.0
Whoop,app_store,au,14299272222,2026-07-13 19:24:35+00:00,5,Excellent tool,Excellent tool to track sleep activities and know more about your own body,5.60.0
Whoop,app_store,ca,14290058833,2026-07-11 13:02:33+00:00,3,Just OK,"Heart rate tracker sucks when doing intense exercise.  The clasp on the wrist band is also terrible, falls off constantly.  The sleep tracking g is good.",5.60.0
Whoop,app_store,ca,14289615682,2026-07-11 10:31:29+00:00,5,Listen and learn,I was sold on Whoop by professional athletes Maghalie Rochette and Lucinda Brand sharing their experiences with the tech. 2 years later I am seeing the benefits and honestly on the way back to where I was 10 years ago. -6.8 yrs and VO2 max again on the rise.,5.60.0
Whoop,app_store,ca,14286026329,2026-07-10 13:02:24+00:00,5,Best fitness journey!,The way it keeps updating and have you on track i have been feeling lovely and better.,5.60.0
Whoop,app_store,au,14276723728,2026-07-08 05:06:40+00:00,3,Organisation,"Needs to have a simpler interface, too busy and too much going on, more graphically friendly and organised. This has actually demotivated  me from being more disciplined because I couldn’t be bothered. Maybe I should be bothered. And maybe you can make improvements also. Just a thought",5.60.0
Whoop,app_store,au,14269717543,2026-07-06 12:05:59+00:00,2,Sleep alarm has been removed in the latest version,I can no longer update my alarm,5.59.0
Whoop,app_store,ca,14267117379,2026-07-05 19:03:55+00:00,1,Strength Trainer needs a free-form workout,"The Strength Trainer is missing a basic free-form option. I want to just start a workout and add a few exercises on the fly as I go. Instead I’m forced to build and save a whole workout ahead of time before I can use it, which is a clunky extra step for something that should be simple. Please add an option to start an empty workout and add exercises as you do them.",5.59.0
Whoop,app_store,au,14261562108,2026-07-04 10:38:45+00:00,5,The Best,Whoop has such a variety of information on your wellness performance and overall daily activity.,5.59.0
Whoop,app_store,au,14259740765,2026-07-03 22:45:13+00:00,1,Forced ads,Starting to really get annoyed at the app changing the page I open to its community page prompting me to share and or invite friends and family. I’ve paid $600 + for the year do NOT through ads or suggestions in my face I’m really getting sick of it.,5.59.0
Whoop,app_store,au,14246209687,2026-06-30 18:18:51+00:00,5,Best ever.,"Best, most in depth health and fitness app ever.",5.59.0
Whoop,app_store,ca,14246156335,2026-06-30 18:02:56+00:00,1,dissatisfied,"When you no longer want to pay annual fees, they don't let you delete the card; it's their strategy, then they charge you without your authorization.",5.59.0
Whoop,app_store,ca,14244085671,2026-06-30 07:41:27+00:00,5,Only app I use,"Me and my wife, we are obsessed and in love",5.58.0
Whoop,app_store,ca,14239798262,2026-06-29 07:03:54+00:00,5,Good,Good,5.58.0
Whoop,app_store,ca,14233954287,2026-06-27 19:16:41+00:00,2,Not tracking sleep,Not tracking sleep,5.58.0
Whoop,app_store,ca,14220192820,2026-06-24 11:13:07+00:00,5,Healthier me,Notice big changes in muscle mash reduction in body fat knowing went to train heavy and went to Take it easy great gift to give to somebody that’s serious about their health Since I’ve been on WHOOP I reduced my cholesterol from 7 to 3.1 amazing thank you WHOOP,5.58.0
Whoop,app_store,ca,14197798475,2026-06-18 15:37:41+00:00,4,"Great for tracking, but UI shortcomings","Love the sleep tracking and 24x7 monitoring of my exertion. Doesn't see any mental health issues, so sometimes feels like a disconnect here. Lot of bloat on the UI - I wish everything was optional removable, as most are useless to me and requires excessive strolling. Everything is locked down once activity starts, so can't look at app, can't share heart rate monitor with peloton. Can't edit activity once ""processing"", so if you start late and want to tweak time or activity type, you have wait until processed before you can edit. Frustrating when in a hurry. I've had this 18 months now and none of these things have improved, which is concerning. Feels like a good, but stagnated, product and many competitors in the space.",5.57.0
Whoop,app_store,ca,14183641690,2026-06-14 23:51:32+00:00,1,Not worth it,Horrible data,5.56.0
Whoop,app_store,au,14182091510,2026-06-14 15:08:59+00:00,5,mj,a bit pricey but probably worth it just because of the extensive data,5.56.0
Whoop,app_store,ca,14178290629,2026-06-13 15:37:21+00:00,4,Errors,The strap is getting things wrong.  Awake instead of active dreaming.  Sleep start times.  Types of daytime activity.  Puzzled by some of this although I doubt the strap’s ability ever to distinguish active dreaming.  I often have very active and stressful dreams as dreams challenge us.  I prevail in my dreams but not without effort.,5.56.0
Whoop,app_store,ca,14177281004,2026-06-13 10:13:43+00:00,5,7 plus years and tracking with whoop!,Been a user from year 1,5.56.0
Whoop,app_store,ca,14177160528,2026-06-13 09:24:13+00:00,5,Youssif Ganni,"Great device. Would be greater if they had one subscription for all 3 packages. Turn Whoop One, Peak and Life into one and keep price lower.",5.56.0
Whoop,app_store,au,14175447339,2026-06-12 21:41:50+00:00,1,Syncing is a problem,Ongoing sync issues are very frustrating. Hours of no data in the morning due sync problems!!!!!!,5.56.0
Whoop,app_store,ca,14163982274,2026-06-09 23:17:27+00:00,1,Not recommended,Not recommended,5.56.0
Whoop,app_store,au,14161772380,2026-06-09 11:06:26+00:00,3,Workouts,When planing for workouts especially with superset it will crash,5.55.1
Whoop,app_store,au,14159700582,2026-06-08 20:33:43+00:00,5,Quite accurate and insightful,"I have been wearing my whoop for 6 months and I have made changes to my sleep, movement and nutrition base on the data.",5.55.1
Whoop,app_store,ca,14156506558,2026-06-08 00:26:48+00:00,1,Inferior device and customer service,"Step count is actual garbage, and customer service team is literally just AI who replies with the exact same troubleshooting loop even after it proves unhelpful and you ask to further assistance/real person. The heart rate sensor stops working MID-WORKOUT and you’re just abandoned as a customer. Literally just don’t bother buying and avoid the yearly subscription at all costs. Whoop is inferior to apple watch in every way.",5.55.1
Whoop,app_store,ca,14155770193,2026-06-07 19:39:26+00:00,1,Meh,Not worth what u pay,5.55.1
Whoop,app_store,au,14152840179,2026-06-07 01:53:57+00:00,1,Disappointed whoop don’t take on user feedback,"The user interface is clunky when starting, adding and editing activities because you have to type in the name of the activity every time if rather than having a favourites menu at the top of each section of activities. They have a simple version in the main section but it doesn’t recognise your recovery activities. It therefore adds friction every time, when you just want to get on with your activity.
Also when you edit an activity you have to manually edit the start and end times rather than dragging a slider visually along a horizontal timeline. I’ve submitted feedback for these simple UI feature improvements multiple times over the years, but my feedback never gets implemented.
Whoop doesn’t seem to care about user experience as much as having your data to mine. Bugs do get attention but whoop clearly prioritises their roadmap and vision so they can sound competitive in the market but they don’t listen to your needs. It’s disappointing. Especially in this age of AI code assistance where these simple features could be implemented easily. 
Whoop also prioritises exercise and recovery over sleep. The journal is not useful for sleep and the chat bot tells you obvious things like go to bed early and sleep is the best predictor of recovery, which is useless. It’s annoying to feel ignored by the company you pour so much money into. So I essentially just use the data to see how my sleep is going day to day and then I have to mentally track my own experiences to trial and error things. Whoop would have a lot of potential if user experience was attended to and if they listened to their users. It could be so much better but we are still waiting for that day to come.",5.55.1
Whoop,app_store,au,14141076456,2026-06-04 00:40:56+00:00,5,Best app ever!,"Whoop has been my best friend in my fitness journey, pretty accurate and insightful. And their support team is super helpful. Thanks guys",5.55.1
Whoop,app_store,au,14132880183,2026-06-01 22:02:24+00:00,5,Very helpful,Using WHOOP has certainly improved my wellbeing - each day encouraging me to monitor my data and motivating me to aim for small but manageable improvements.  I like how it takes into account changes to my caring responsibilities illnesses or injuries.  It’s my go-to as soon as I wake each day.,5.54.0
Whoop,app_store,ca,14132145554,2026-06-01 18:05:22+00:00,5,Changed my life,"This app and wearable has changed my life, I used to use fitbit to track steps and HIIT workouts but found that the sleep tracker was a bit lacking and the data wasnt always accurate, when I switched to whoop I was immediately confronted with the harsh reality that my poor habits were causing me poor sleep and poor recoveries. The power of whoop is with the algorithm, the daily journal and the habit tracker. You can track how your habits over time contribute to a good night sleep or poor one. Like anything , you need to be honest with your self, be open and willing to improve yourself and whoop will give you the health tracking to gauge if your metrics are improving.",5.54.0
Whoop,app_store,ca,14131242986,2026-06-01 13:38:01+00:00,2,Band,Band is sub par for a true athletes demands.,5.54.0
Whoop,app_store,ca,14130773942,2026-06-01 11:07:40+00:00,5,Excellent - absolutely love it,"I love, love, love my WHOOP. It’s been a game changer in my fitness journey to arm me up with all the data , especially the recovery info. And the AI in the app is amazing and super helpful. Anyone on the fence just do it and you won’t regret it",5.54.0
Whoop,app_store,ca,14115176514,2026-05-28 10:58:21+00:00,5,Game changer,"I’ve recommended it to tons of people, it’s changed the way I understand my sleep, which is why I got it in the first place several years ago. I love having this data and I can’t see not having it at this point.",5.54.0
Whoop,app_store,ca,14114478161,2026-05-28 05:48:24+00:00,1,Membership cancellation,They don’t even have a notice that they will be charging you for the next membership. Even if you cancel the membership they will just say that it’s already processed and no refund!!,5.54.0
Whoop,app_store,au,14112803335,2026-05-27 18:27:29+00:00,5,Oh no! I’m obsessed.,I’ve been wearing my whoop for over 700 days and it’s pretty much changed my life. Always been active on some level throughout my life but never owned a device this connected. The data is reliable (not perfect) and the whoop coach gives you limitless opportunities to improve and seek additional insights. If you seek accountability and can be consistent - there is gold here. Enjoy!!,5.54.0
Whoop,app_store,ca,14107359164,2026-05-26 08:40:44+00:00,3,We need Chinese,We need Chinese version thank you,5.53.0
Whoop,app_store,au,14091827754,2026-05-22 05:44:20+00:00,1,Suggestions and innacuracy,One thing i have found with the whoop is the inaccuracy of all the features. The step count is crazily inaccurate. Apparently i take 1000 steps while sitting down now and the calorie tracking is super inaccurate. I count my macros to about 1500 calories a day. My whoop says i have burnt 3000 calories from a little bit of cricket. My weight still stays the same. Mind you this is not water weight. Also the sleep tracking is horrible. It shows i wake up intermittently throughout the night even though I DON’T. Not a good fitness wearable. Rather get a Garmin than this.,5.53.0
Whoop,app_store,au,14090657340,2026-05-21 21:10:28+00:00,1,Room for Improvement,"Most features are great apart from the battery that slowly drains itself even after being charged, randomly kicks you off Bluetooth then doesn’t process hours of tracking, paying for a membership where you constantly have to delete and reinstall the app, rubbish",5.53.0
Whoop,app_store,au,14085325930,2026-05-20 11:42:46+00:00,3,Bugs Me,Functional most of the time. I know when it’s time to update the app because it bugs out and refuses to connect to the device - surely this can be fixed relatively easily? It would also be good to have a calorie tracker in the app,5.52.0
Whoop,app_store,ca,14081997665,2026-05-19 13:21:28+00:00,1,Deceptive practices,BE AWARE- if you select monthly membership but decide to cancel you will be charged a 99$ fee to cancel. It’s very sneaky.,5.52.0
Whoop,app_store,ca,14049252166,2026-05-10 14:52:20+00:00,1,My biggest mistake was subscribing to this app after trial,"I was under the impression that after paying close to 400 dollars (cad) they’ll at least upgrade the device but they didn’t. Now I have to use my old device from trial and charge it every 2 days. They also didn’t inform me about the lower subscription tiers earlier and only showed the high priced upgrade. Now I realize that the data is not reliable, it doesn’t take into account my nap time to calculate o real sleep quality and the AI agent gives different answers (sometimes contradictory) to the same question if asked multiple times",5.51.0
Whoop,app_store,ca,14031046674,2026-05-05 14:07:52+00:00,2,"VPN issue, Strength trainer and knowing weekly progress for healthspan need work","Health monitor not working when using vpn is super annoying.


For goals weekly plan is Monday-Sunday, but healthspan being partially based on activities Sunday-Saturday is super confusing. 

It would be nice if there was a view to check the progress of your healthspan metrics as anything done on a Sunday doesn’t appear in your weekly plan. 

Doing a hack like getting the chatbot to give you a summary is super inconsistent, I tried for a while but it frequently has issues when giving the comparison of previous Sunday to Saturday with Sunday to current day (getting dates wrong, lying about metrics, lying about what day of the week is which day of the month, etc). Maybe enhancing it so it is a baked in recommendation button in the chat similar to others I can click and improve the data display the bot can do to something pretty

New image upload is interesting but it seems to struggle with correctness (I screenshot Fitbod activities and it sometimes does a decent job but other times adds completely incorrect workouts (perhaps the bot needs to look at my most recent strength trainer save workouts as a starting point. Right now manual is significantly faster, hoping this improves)

Just using text chat with the bot for logging strength trainer workouts is frustrating, often I’ll do the same exercises reps and weight (different exercises in different days as equipment is available) but having it try to log that is like pulling out teeth, ideally, I’d be able to say something like “log left and right lateral cable raises, leg press, cable row, standing cable crossover all with the same reps and weight as the most recent” and have it spit out correct weights, rather than have it gaslight that it doesn’t have access to the data repeatedly before eventually giving ground one by one",5.51.0
Whoop,app_store,au,14008766519,2026-04-29 10:33:48+00:00,1,"Scammy, disgusting & predatory.","Make sure you read about your loan agreement if choosing the monthly subscription 😂

Also nice job copying Beval… and then suing them for copying you? Absolute trash",5.50.0
Whoop,app_store,ca,13980461354,2026-04-21 04:14:17+00:00,1,Lack of heart rate graph,"There’s no way to see whole day’s heart health data graph!!! How is it possible that all the other trackers show that data yet this overpriced device doesn’t? The in app chatgpt wrapper is equally bad, ask any question and it would continue lie and misguide you. Heart rate data is such a basic feature, even active heart rate is hidden behind many clicks. You’re collecting heart rate data anyways why not show it?",5.48.0
Whoop,app_store,ca,13954760536,2026-04-13 20:19:15+00:00,1,Don’t get it,"I really wanted to believe in Whoop after hearing so many people rave about it and seeing how polished their marketing looks but after using it, it’s clear this company cares more about appearances and profit than actual health or customer experience. The subscription model feels like a blatant cash grab, especially when the core features barely justify the ongoing cost.
The app itself is clunky, slow, and not particularly insightful compared to alternatives like Bevel, which actually deliver meaningful health data without hiding everything behind paywalls. Whoop markets itself like it’s leading the wearable fitness space, but what it really excels at is selling an image, not delivering on its promises.
Customer service has been an absolute nightmare, unhelpful, unresponsive, and unwilling to take responsibility for issues. I genuinely tried to give this product a fair chance, but the experience has been nothing short of disappointing. It’s disheartening that a company with this much potential has become more of a marketing machine than a true wellness brand.",5.48.0
Whoop,app_store,au,13953769494,2026-04-13 14:25:43+00:00,2,My honest review.,"I accidentally paid for a year  and stuck it out, so here’s what I can tell you about the WHOOP band. At first, I was extremely happy with it as I had been recommended it by family and friends and thought the sleep tracker was cool as I’d never experienced it. Then, I started to realise how inaccurate it actually is regarding steps, sleep and more. Steps wise, I wore the whoop and a different device that has accurate information for a night and found that whoop had added an additional 3000 steps while the other device read an additional 1000. The sleep tracking is mediocre at best and while I find it interesting to see how long I slept for the night, it would often get my sleep times wrong and record naps and sleeps or sleeps as naps, etc. along with that, when it tracks a physical activity, it will randomly come up with one such as golf ( most often for me but I have never played golf in my life). In all honesty, making People pay almost $400 a year for something you could pay $300 for once and get better analytics is honestly disgusting and just a scam for money. If you want to charge $400, you need to ENSURE everything is accurate and not just taking a guess. I kept my hand on 24/7 which if you do get the whoop I do not recommend as showers and sweat can make it smell and I would often get notifications of it saying my ban was off my body but it was definitely still there. 

Anyways, 
Don’t waste your time or money, get something like a Fitbit which is a one time cheaper payment for better quality.",5.47.0
Whoop,app_store,ca,13916072380,2026-04-03 00:35:40+00:00,1,First review,Got an iPhone in 2007 and this is the first review I’ve ever left. It’s so close to being a good product but is an incredibly frustrating experience at the end of the day. Ho hum.,5.46.1
Whoop,app_store,ca,13906736723,2026-03-31 12:22:28+00:00,1,Thieves,This app stole over $400 dollars from me without my consent. Absolutely corrupt thieves.,5.46.1
Whoop,app_store,au,13867310646,2026-03-20 09:04:40+00:00,1,Below par at best,"What this does, there are many other apps/devices that do the same thing and some that do it better. 
Where they could differentiate is in customer service and transparency. Both of these they do extremely poor. Look else where",5.44.0
Whoop,app_store,ca,13860023776,2026-03-18 05:11:30+00:00,1,Just no,"Too expensive, pairing is so hard first time and the BANDS SUCK SO BAD",5.43.0
Whoop,app_store,ca,13841695348,2026-03-12 22:28:03+00:00,1,Fitbit better & cheaper,"Not happy with my trial. App is hard to navigate, they over charged me, and device huge on my wrist. My tried and true Fitbit is better.",5.43.0
Whoop,app_store,ca,13838006905,2026-03-11 20:28:22+00:00,1,Scammed By WHOOP,"I purchased a brand-new sealed WHOOP 4.0 + 12-month membership bundle from TJ Maxx, which clearly advertises on the box packaging that a 12-month membership is included.

However, during the setup process in the WHOOP app, I was forced to enter credit card information and automatically enrolled in a WHOOP 5.0 free trial, with no option to bypass this step. This process overrode the 12-month membership included with the device, and my account now shows a $349 charge scheduled after the 30-day trial instead of the 12-month membership that was part of the bundle.

I have contacted WHOOP support multiple times and tried several different ways to activate the membership, but none of these attempts have worked.

WHOOP’s suggested solution was to give the device to a friend or family member who does not have a WHOOP 5.0 account so the membership could be activated on their account. I followed this advice and attempted to activate it on another account that had only ever had a WHOOP 4.0 trial, but the membership still did not activate and instead shows as expired.

Despite providing photos of the packaging showing the included 12-month membership and the original purchase receipt, support’s latest response is that the receipt must specifically say “12-month membership included.” This is unreasonable, as the membership is clearly advertised on the product packaging, within the WHOOP app during setup, in marketing materials, and on WHOOP’s website.

At this point it feels like WHOOP is doing everything possible to avoid honouring the membership that was included with the product rather than resolving the issue.

I am simply asking WHOOP to honour the 12-month membership that was advertised on the packaging and included with the retail bundle I purchased.

This experience has been extremely frustrating. I hope WHOOP reviews both their setup flow and their customer support process, because right now customers who purchase legitimate retail bundles may find it impossible to activate the memberships that were promised in the advertising and packaging.",5.43.0
Whoop,app_store,ca,13831080871,2026-03-09 19:01:58+00:00,1,Terrible Customer Support,"I reached out to their support team for assistance with combing a plan, to which they gave me false information causing me to lose a 12 month prepaid subscription. I have tried to get the issue resolved but their support team has been useless.",5.42.0
Whoop,app_store,au,13818601211,2026-03-06 04:34:15+00:00,1,Poor experience,"The app freezes and needs to be restarted every time the AI chat is used. Every day the AI chat doesn’t give the stats I ask it for. I had a 3 week long email chain with whoop support where I just went around and around. Disorganised is an understatement for Whoop support. Then after nearly 20 emails, I finally cancelled my subscription. For such an expensive subscription this is appalling service. Goodbye whoop and hello Apple Watch and PeakWatch. For a fraction of the cost I will have a much better service!",5.42.0
Whoop,app_store,ca,13810487428,2026-03-03 19:03:50+00:00,3,adding the Russian language,What's so difficult about adding Russian? It's almost the most popular language in the world.,5.42.0
Whoop,app_store,ca,13781914205,2026-02-23 21:09:59+00:00,1,Hard to cancel,You have to submit a survey first to cancel a membership. Totally unacceptable.,5.40.0
Whoop,app_store,au,13773545587,2026-02-21 14:15:35+00:00,5,Overall helpful,Even though it is expensive. I think it has its benefits. The price needs to be lowered.,5.40.0
Whoop,app_store,au,13650098582,2026-01-19 01:54:08+00:00,2,Whoop app crashes on health tab,"This has been happening for a few weeks now. I can’t get any insights either directly from Health tab or the AI. 
My daily journal entry lags in response. I have followed all the Whoop support suggestions and nothing has changed. Whoop please fix this issue.",5.35.0
Whoop,app_store,au,13627426133,2026-01-13 03:26:22+00:00,1,"Predatory app, average metrics - buyer beware","Intentionally predatory dark app design that doesn’t allow you to cancel the subscription through the app. The metrics are average, other products do similar things while respecting their customers.",5.35.0
Whoop,app_store,au,13607484511,2026-01-08 00:46:45+00:00,2,Good service - below average app,Inability to turn off all the advertisements at the bottom of the Home Screen is not good. Whoop is not inexpensive and a better interface is expected.,5.34.0
Whoop,app_store,au,13596713423,2026-01-05 06:42:54+00:00,1,Strength trainer annoying,"This is probably one of the most frustrating commercialised businesses that started off with such a good idea. Then they ran out of money sold to investors with business profits and commercialisation outweighing customer satisfaction.

When you’re building a strength trainer work out you cannot scroll through the options of exercises to add a search for dumbbell and you cannot scroll through the results to find dumbbell bench press for example. There is such a limited range of exercise exercises to add. It’s very frustrating.",5.33.0
Whoop,app_store,au,13595522369,2026-01-04 22:35:20+00:00,1,Keeps crashing,"Surprised to see the app keep crashing, freezing while using latest version of the app and iOS, in my 17 pro max. Especially happening when I am trying to edit behaviours in my monthly goal/challenge",5.33.0
Whoop,app_store,ca,13592557261,2026-01-04 05:50:27+00:00,1,Subscription,"Canceling this subscription is way harder than it should be and feels deliberately confusing. Instead of a clear cancel button, you’re pushed into long commitments with little flexibility, making it feel more like a contract than a fitness service. Even if the product itself is decent, the frustrating cancellation process completely overshadows it and leaves a bad impression.",5.33.0
Oura,google_play,us,b6de309a-5bc3-4b2b-953f-ce26867dab37,2026-09-27 11:33:51+00:00,2,,"this was working okay, especially in partnership with natural cycles, but now won't open, just see a black screen, and when I try to close it, it glitches and won't let me close the app, and reopens itself back to the same black screen. for how much the subscription is to use this, it's very disappointing tbh.",7.25.0
Oura,google_play,us,e717e891-8ea3-484c-8cd7-9592e348a692,2026-09-26 18:53:11+00:00,3,,"is this normal that for several days the ring is not able to locate and reconnect ? after a trip outside EU it's blocked ! I had to restart, restart and try all possible things to reconnect. and can't understand why",7.25.0
Oura,google_play,us,44515891-74b7-4b48-b945-b7a9e563f7c3,2026-09-26 14:57:25+00:00,1,,"I HATE this ring AND the app. I got it to help track my sleep for a medical condition and it is absolutely TERRIBLE! I have had to contact support at LEAST 6 times since I got it. I COULD contact them daily but what's the point? I have sleep issues. Trying to be clever and ""manage"" sleep and what qualifies as sleep is the STUPIDEST thing they have done. SLEEP IS SLEEP! STOP TRYING TO BE IMPRESSIVE! I am sick of problem solving your program, for ZERO corrections! DO NOT BUY THIS JUNK!",7.25.0
Oura,google_play,us,9ac8dc0d-fd06-4ea9-8906-692a193f2f98,2026-09-26 02:31:49+00:00,1,,"Having utilized both Gen 3 and Gen 4 models with excellent performance, I am experiencing persistent technical issues with the new Gen 5 unit, specifically regarding data and frequent connectivity failures. Despite significant effort to restore the connection, the device remains unreliable, and previous inquiries to support have not yielded a resolution.",7.25.0
Oura,google_play,us,8ea3dd91-9757-4d3d-a227-746eb939fa2e,2026-09-25 16:52:21+00:00,2,,ever since the update on September 17th my ring's battery life went from 8 days to 3 days per charge. if this rapid battery drain persists I'll be changing to a different brand.,7.25.0
Oura,google_play,us,e6e3f6e4-a081-4936-95b5-fe743736eaa3,2026-09-25 03:14:02+00:00,4,,"The app is very finicky, I have complained multiple times about how the button to start a live activity sticks and doesn't ever start. I have followed all the instructions for permissions, reinstalls and force starts. The insights are great but also took me a while to figure out where things are.",7.25.0
Oura,google_play,us,0cc5bc56-0c57-4494-9fd5-2d553a7841be,2026-09-24 21:13:23+00:00,2,,no option to describe detected activity that the ones are listed,7.25.0
Oura,google_play,us,5f512938-285d-4802-997d-d46d05c5322d,2026-09-24 20:24:10+00:00,1,,"So very disappointed with Oura. For the outlandish fee we pay, I pretty much expect the ring to work perfectly. Instead it doesn't properly track my heart rate and the ""graph"" is often more blank space than actual data. I have followed the manufacturer's advice and given the ring ""a good rinse"" but to no avail. Don't buy this ring. It's a colossal waste of money.",7.25.0
Oura,google_play,us,7f534e73-f987-4411-b9de-b89f04ea5589,2026-09-24 01:04:52+00:00,1,,"I want this to work, but it non stop unsyncs and doesn't hold memory till it reconnects so your constantly having blank days. the whole reason I choose this device was to not have non stop vibrating and need to check something all day long, but if you don't check it and resync then you miss the data. I'm sorry but this is pointless",7.25.0
Oura,google_play,us,17e2a475-f84c-4e62-80ab-2e338667a5ab,2026-09-23 21:46:34+00:00,4,,Great content and app experience. Having to remember to go into the app daily to save auto detected activities is a drag. Should pop up app notifications that I can choose to save or modify,7.25.0
Oura,google_play,us,e6c16c9b-d3b6-40e7-a67b-be15240110d0,2026-09-23 13:30:43+00:00,5,,Love my Oura ring,7.24.0
Oura,google_play,us,0c7f40b0-3ea3-4681-aa27-7208a881bde6,2026-09-23 11:54:24+00:00,4,,"Good for heart rate, fair for sleep, nothing else used.",7.24.0
Oura,google_play,us,ef9e0be2-9971-44c8-a5e9-c5d588532dbd,2026-09-23 11:00:58+00:00,5,,6 years in and have loved every day of this data!!! Life changing!,7.24.0
Oura,google_play,us,60121ee1-158e-4693-be11-16bd5c1f2c29,2026-09-22 18:40:11+00:00,2,,"Battery Killer. This app needs to be optimized better or something, since installing the app I have to charge my phone 2-3 times during the day, even with location permission off. (note 7 fold)",
Oura,google_play,us,7cf3228f-d9f1-457f-b872-af10345c8ad9,2026-09-22 13:24:55+00:00,3,,software updates reduced battery life dramatically after a year. you need to charge every day after a year for what used to be once a week matter.,7.24.0
Oura,google_play,us,dc49d738-5bbf-432f-8d72-cf71e447149c,2026-09-22 07:42:55+00:00,2,,"Unless you sync your data immediately after waking up you will lose that night's sleep data. App doesn't allow you to specofy yourself at what time you got in bed or that you're a late chronotype and your sleep timing isn't an issue. Also does not get sleep stages right, because it's just a ring on your finger guessing. If I did not get my ring 4 for free I would not use Oura, nor do I recommend it.",7.24.0
Oura,google_play,us,87c9cbee-b93a-4202-b939-a591ae8242f2,2026-09-22 00:21:06+00:00,1,,doesn't open,7.24.0
Oura,google_play,us,cc1d3914-af57-48df-9872-e61d218ed8a3,2026-09-21 16:01:46+00:00,1,,less than a year and it doesn't hold a charge. Steps are not tracked accurately.,7.24.0
Oura,google_play,us,a9b6ed26-5773-46e9-8434-ecd0361859fb,2026-09-21 14:12:05+00:00,4,,"Three year user here. Overall, I love the platform and high level data provided. Ease of use and readability are excellent compared to other top health tracking apps. 4/5 because live exercises are sometimes missed and conditions for GPS data gathering are unclear. Looking forward to more updates in the future!",7.24.0
Oura,google_play,us,c2573d14-dc62-47da-b868-aa0f4f95b1b1,2026-09-21 12:46:36+00:00,1,,"Terrible app and terrible product - The ring left a mark on my finger, which felt numb after prolonged us of the product.",7.24.0
Oura,google_play,us,959106bd-79a0-4257-a350-2d1871a08953,2026-09-21 11:22:19+00:00,5,,amazing 👏 🤩,7.24.0
Oura,google_play,us,7bafd279-19aa-4387-a197-fedf113abef0,2026-09-21 05:19:14+00:00,1,,"App drain is incredible over 11.5 % from each 100! every 24 hours, because of that once this rings stops to work I will not be repurchasing unless the app is fixed until then.",7.24.0
Oura,google_play,us,cd3f3ceb-ecde-4419-a0e6-e36d80607511,2026-09-21 03:02:59+00:00,1,,"Now that the Oura 5 is out, my Oura 4 hasn't received any updates and CONSTANTLY disconnects requiring me to ""resync"" on the dock. Can't believe Oura is pulling an Apple and is stopping updates to their older model rings to promote the new one. Ill stop recommending Oura to my friends and coworkers due to this.",7.24.0
Oura,google_play,us,2d178fef-ac11-42cb-81b1-5ed59d79eec3,2026-09-21 02:33:03+00:00,5,,Enjoying my Oura! Pretty accurate.,7.24.0
Oura,google_play,us,a956361d-0ac3-48a4-83cc-ed19ce896586,2026-09-20 17:03:35+00:00,4,,"when the battery operates well, super convenient and lots of data. it does not always accurately capture my sleep which is frustrating",7.24.0
Oura,google_play,us,3ff84ca3-55af-4365-a0e9-b1e76875b0f9,2026-09-20 14:43:02+00:00,5,,oura is so amazing.,7.24.0
Oura,google_play,us,3aacf15b-b953-42d2-93a3-88980501c78a,2026-09-20 13:05:41+00:00,2,,"App has about 6000 blocked tracking attempts in the last 24 hours (and this happens every day) and has sucked 35% of my battery according to the battery usage. Hard to recommend in these circumstances. Surely segment.io can be set to ""give up"" after about the 40,000th failed attempt in a week? What is it even trying to do?!?!",
Oura,google_play,us,6c3d3647-8efd-4b33-9b5c-777d12218578,2026-09-20 06:09:52+00:00,1,,it will not open and it pisses me off it just renewed itself,7.24.0
Oura,google_play,us,e1378eef-b5b4-45d6-8248-33f3f44ff069,2026-09-19 18:38:23+00:00,1,,this app is insanely sluggish,7.24.0
Oura,google_play,us,19b01623-d36c-4850-97af-1dc85c117424,2026-09-19 18:19:53+00:00,3,,"It does well tracking my sleep and temperature. Tracking my ""activity"" is hit and miss. My one complaint is the stress insights, it stresses me out more seeing it everyday and I wish there was a way to opt out of it or hide it from the main screen.",7.24.0
Oura,google_play,us,044f59e0-26c8-4194-9742-8aa1d83638e7,2026-09-19 07:54:32+00:00,2,,"Would be great if they gave you a way to see your actual stats. Actual cardiovascular age, actual temperature; they just tell you it's up or down by .1. There's no way this ring can estimate my actual calorie burn without taking my weight and my food intake into account, I should be able to provide this data and see how it affects the calorie calc. The menstrual cycle tracking is useless if you're on birth control that stops the most obvious sign of menses. All this obfuscation for a monthly fee",7.24.0
Oura,google_play,us,32740bd6-041b-45fb-a44e-08db67b74717,2026-09-18 22:09:16+00:00,1,,activity dialogue is terrible. slow and non-responsive.,7.24.0
Oura,google_play,us,c51814cd-aba7-4cca-9aea-880bdda4374e,2026-09-18 00:16:47+00:00,1,,"This is a dime store rip off. Do not waste your money. Mine is less than 3 months old and has already stopped working. Customer Service is non-existent unless you want an endless loop with a robot that tells you to, ""Bang it on the counter"". After 3 hours I finally got it to connect and 3 days later it stopped working again. This company only wants your money. They got almost $500.00 out of me for the ring and a one year subscription I can't even use. Lesson learned.",7.24.0
Oura,google_play,us,13001cb5-2bdc-460d-9527-0eb76724c53b,2026-09-17 22:45:57+00:00,1,,"yea. I don't enjoy getting shamed with everything I eat. The predictions are way off. I'm a vegan, that eats high fiber and protein, but everything I eat it assesses as limited. This is dangerous and can cause eating disorders. There needs to be a way to turn. this off.",7.24.0
Oura,google_play,us,eb1a45ad-dbed-4cea-8e46-374f0dcaba67,2026-09-17 13:44:37+00:00,5,,"keeps me focused ✨️ 🙏, liking the alerts, the detailed information, rest days which were previously non existent. the medical blood pannel showed more information than Ive ever received from a doctor.",7.24.0
Oura,google_play,us,52436efd-8a2d-4362-bb28-c90b99a7f76f,2026-09-17 13:40:33+00:00,2,,"I’ve had my Oura Ring for a while & really like the concept, but the Android app has been extremely frustrating. For the past 2–3 mths, the app has been crashing frequently, & my phone is now even warning me that Oura is crashing often & affecting my battery. For the amount of money you spend on the ring, plus the membership, I expect the app to actually work reliably. I shouldn’t have to constantly reopen an app or worry about it draining my phone battery just to access the data I’m paying for.",
Oura,google_play,us,868e27c5-8bc5-48ef-9869-beed638b5e17,2026-09-16 20:50:11+00:00,3,,so disappointed ! I love all the information it gives me and have found it so helpful as I have complex health needs. but it has stopped updating. the Battery needs charging twice a day lately and now it has stopped charging altogether it has been on charge all day today and is still just on 1%! I was thinking about upgrading to the oura 5 ring but with subscription fès etc I just don't know if its worth it. plus as others have mentioned all support (even though you pay for it) is aimed at US,7.24.0
Oura,google_play,us,f75f5b60-70c3-40cd-ac1c-8327946030c6,2026-09-16 19:37:11+00:00,1,,Needs a subscription,7.24.0
Oura,google_play,us,2aa2924a-d54f-4fa2-915d-f7bc4ee7df18,2026-09-16 15:31:07+00:00,3,,Unable to turn off airplane mode without charger.... ridiculous!!!!! so anyone traveling... do not put it in airplane mode!,7.24.0
Oura,google_play,us,f6f08faf-22b5-4a91-a10f-8389e04dc9a9,2026-09-16 15:09:29+00:00,5,,My go to app for on the go health metrics! I never enjoyed a watch on my wrist due to sensory issues. The Oura ring solved that.,7.24.0
Oura,google_play,us,99dfe90a-b033-43a8-9485-7728f048d86c,2026-09-16 13:51:28+00:00,2,,"For the longest time everything was fine. But...for quite a while now, my ring will not sync. I have tried the troubleshooting advice. I uninstalled/reinstalled the app. Nothing seems to be working. It will only sync if it's on the charger and then it doesn't record my data. The only data that is recorded is my blood sugar and that comes from another device/app. I'm not sure what has happened, but am highly disappointed at this point. This makes it difficult to justify my purchase.",7.24.0
Oura,google_play,us,483f47ad-1879-4b60-8865-5168278d349c,2026-09-16 11:57:47+00:00,2,,this app has become completely unusable. it often takes more than 30 seconds to load a screen and then you need to wait almost just as long to go back to it if you background the app or go deeper into the data. what good is collecting all of this data if it's nearly impossible to view it in a timely fashion? I'd rather have less data present that I can view more quickly,7.24.0
Oura,google_play,us,a01f4ecb-3669-4791-b749-7bf09f7f8424,2026-09-16 08:59:58+00:00,1,,"the app is updated constantly but not much seems to change or improve. and it doesnt work well. currently, its taking ages to update my sleep data. further, the sleep data doesnt give times except initial sleep/wake times.",7.24.0
Oura,google_play,us,1686af2a-acd2-47cc-9230-f52617cde902,2026-09-16 08:16:35+00:00,3,,"The app feels unnecessarily cumbersome and cluttered. There is too much going on at once, which makes it difficult to understand and use at a glance. A cleaner, simpler layout with clearer priorities would make the experience much more user-friendly.",7.24.0
Oura,google_play,us,71accd3b-bbb2-44f0-8024-3ec3f66d296a,2026-09-15 17:43:14+00:00,4,,The advisor portion for food tracking keeps saying something went wrong.,7.24.0
Oura,google_play,us,28faecfc-4f09-408f-be57-15ccdf87f23d,2026-09-15 06:33:19+00:00,3,,honestly it's only been about 4 days since I've had the ring and used this app. but for some reason the app stops syncing and I have to reset and do the entire process to resync the app with my ring every single day. and if i accidently clear the apps running then bam. i do it again. is there a way for y'all to fix this? my phone isn't that old honestly. and it's really annoying to keep doing this every couple hours!?!,7.24.0
Oura,google_play,us,da568085-e508-4919-83d8-aa1d91b0ea80,2026-09-15 02:11:04+00:00,1,,"Basic information is not on home screen, for example total steps. You shouldn't have to click and scroll to get the information that is most important to each person. For the cost of ring and having subscription, it is expected to be able, to set up your own personal preferences for our home screen. A non-subscription base tracker has this basic capability... a paid subscription base it is expected. There is work to be done here.",7.24.0
Oura,google_play,us,93531a80-88d4-4e05-8fae-58e4bef87033,2026-09-14 22:02:12+00:00,1,,App runs in background and accounts for half my battery usage while idle. ~40% over 8 hours,7.24.0
Oura,google_play,us,8e1230b6-a613-493b-91cb-175fb7458cb6,2026-09-13 23:06:54+00:00,1,,this app gets worse every time there is an update! these rings cost way too much to not have an app that functions properly,7.24.0
Oura,google_play,us,722744a6-7d7c-41a8-b357-e2d0b52ad9c4,2026-09-13 22:07:39+00:00,2,,"Came back so I could pair it with my mira device. The user experience was not great. Admittedly, some of this was user error. I ended up having to receive multiple login codes to go through multiple pages to finally figure out where to renew my sub. The main improvement to be made is the banner that says your sub is inactive on the main page should take you to the membership hub versus a help article. The link to the hub is in that article if you scroll down, but who does that?",7.24.0
Oura,google_play,us,18839534-8e0c-43f4-8e01-03d5c2ec5c3d,2026-09-13 15:51:24+00:00,5,,"great product, easy to use",7.24.0
Oura,google_play,us,06d39f8b-a052-4425-a87d-4e44031016dd,2026-09-13 13:54:50+00:00,5,,this is the best investment,7.24.0
Oura,google_play,us,19b994f9-85eb-4611-86a5-97a03a71612e,2026-09-13 12:25:30+00:00,5,,Just want to echo recent issues of trouble syncing and accurately tracking naps. Help always has suggestions whether articles or AI Finn.,7.24.0
Oura,google_play,us,590364db-6dd7-4375-8a91-0268c6705bdc,2026-09-13 12:18:07+00:00,5,,Stop debating and buy it!! The best decision I made in my life ♥️,7.24.0
Oura,google_play,us,d4607214-1fee-4127-a361-d3073820b1cb,2026-09-12 09:29:18+00:00,1,,"I've been using this app and the Oura ring for almost 3 years, exclusively for taking my temperature. It can't even do this anymore because every morning it just spins its wheels saying ""Waiting for your sleep data"". They know it's an issue. It has been for months. They still have not fixed it and instead add or update other features. There is no convenience to having an Oura ring, I am switching to a standard BBT thermometer.",7.24.0
Oura,google_play,us,5bdf2275-7495-4afc-a40a-79e546d77187,2026-09-12 08:35:03+00:00,4,,Its kinda crazy to have to pay a monthly sub and the initial high cost of buying a ring to begin with but its a pretty good app,7.24.0
Oura,google_play,us,0991aa99-db75-44b4-9602-7189c12823ee,2026-09-11 23:41:39+00:00,5,,love this ring. it keeps you on you toes. I just feel so much more healthier with it... so glad we got ours. Thanks so much,7.24.0
Oura,google_play,us,6a765fd8-3e1c-4032-aab1-6b6944e78636,2026-09-11 15:10:28+00:00,5,,excellent accountability to continue a healthy life !,7.23.0
Oura,google_play,us,a7817e37-e6dc-4f0c-b3b4-74c8478a60ee,2026-09-11 11:27:26+00:00,3,,Ring Good App meh. I get they do their own proprietary thing with the resilience and vitality leafs. Coming from an iPhone the widget choices on Android are my biggest gripe.,7.24.0
Oura,google_play,us,8278f04a-61e6-4fb2-806e-b5a55c42d5e8,2026-09-11 04:56:23+00:00,3,,"I used to love it, then today the ring just quit. Won't charge. So, goodbye Oura. Fun while it lasted. It hasn't been quite a year yet. but at that price, I'm not wanting to rush out and get another one.",
Oura,google_play,us,e594467b-1219-42f7-aa54-9363921706df,2026-09-11 03:01:19+00:00,1,,the ring doesnt connet to the app most of the time. almost everyday i have to uninstall and reinstall to get the connectivity between my Oura ring and app to measure my activities. waste of money. won't recomment anyone to buy Oura ring. It also counts extra steps so not worthit at all.,
Oura,google_play,us,a19ec2c1-fd9a-4daf-a587-38d6b2123c33,2026-09-10 12:38:38+00:00,5,,"Works great, easy to use, no glitching!",7.24.0
Oura,google_play,us,acd9fae5-184e-4080-a6df-a2387e253d5d,2026-09-10 08:17:50+00:00,1,,"Even though the App and insights provided is great, the hardware, ring itself has a very poor battery life and doesnt last for more than a year, both me and my husband had to chnge the rings and after 8 months back to it, the charge doesnt last for more than 2 days. considering the cost of the ring and the membership, it is getting pretty hefty to change them every year",7.24.0
Oura,google_play,us,7c64e08a-10d2-4307-9c97-3a7a789cc90a,2026-09-10 06:39:39+00:00,3,,"Oura appears to be far more accurate than my smart watch but it has 2 major failings. You can't change sleep settings so if the ring fails to record a night properly, it screws up your data. It also doesn’t have a nutrition tracker so you need to pay for an additional app such as Cronometer.",7.23.0
Oura,google_play,us,69627ad5-e98a-44b1-a55f-08643581eb00,2026-09-10 01:35:39+00:00,5,,"I am wearing Oura 4 from last 2 months and its pretty good, helping me to regulate my day and also helps me to take actions consciously.",7.24.0
Oura,google_play,us,331ee5c4-5fba-4652-9d67-a56601691c83,2026-09-09 17:25:27+00:00,5,,keeps me informed,7.24.0
Oura,google_play,us,d4021d7c-ea47-4cb8-a556-688d47aafb56,2026-09-09 14:48:23+00:00,5,,cool monitoring of activities,7.24.0
Oura,google_play,us,25e6a69a-667c-4607-b1b4-a8a9c6604a49,2026-09-09 13:48:52+00:00,3,,"Not all it's reported to be. There are so many questions about the information accuracy. It looks good, but not money well spent.",7.24.0
Oura,google_play,us,8d03037b-c773-46a6-ada0-651ba696e1a3,2026-09-09 12:36:35+00:00,1,,latest update wont let me open the app. thanks oura,7.24.0
Oura,google_play,us,c1086a88-554e-4419-abfe-7aba91c190dd,2026-09-09 06:04:47+00:00,1,,App updates continue to be disappointing and its clear Oura is not focused on providing an app that delivers useful data anymore .... save yourself the money and don't buy the ring. Just another company that once had a decent product but ruined it to focus on an IPO.,7.22.1
Oura,google_play,us,d0d9d631-6fc3-4574-8ff7-a6dea5766001,2026-09-08 17:11:38+00:00,1,,I'm just coming back to say that nothing has changed. I was contacted by someone who introduced themselves as the VP of customer service for Oura just before Christmas in 2025 and they promise to take ownership of the issues that I was having. 10 months later and I've not heard a dang thing. This is the kind of company that Oura is. I've been wearing my ring consistently for 10 months and it still cannot make any recommendations. Liars gonna lie.,7.24.0
Oura,google_play,us,766de9b7-238f-4e15-97dd-65839e4bb58a,2026-09-08 15:20:26+00:00,3,,Lots of hitting and miss!,7.23.0
Oura,google_play,us,149421eb-c02a-48d7-9461-f363b8d0ba75,2026-09-07 12:54:43+00:00,5,,"I was a Fitbit only person for over a decade. Once they sold to Google, the products and app went immediately down hill. I decided to switch to Oura ring and I wish I had done it sooner. The app is updated to the most recent medical and nutritional advice, the meal tracking is immediate and gives great advice based on your goals, and it gives more health information than the average person would need but teaches you how to understand it. Absolutely the best health tracker I've ever seen.",7.23.0
Oura,google_play,us,fafdbf41-3976-4d57-a70c-6f566730ea02,2026-09-07 00:57:12+00:00,3,,"Massive Battery Drain. This app needs to be optimized better, I have to charge my phone 2-3 times per day because of the Oura app. The Oura app uses 20-30% of my battery daily by itself. 3-4X more battery than any other app. Even with the location permission turned off inside the app. Seriously considering getting rid of the ring because of this.",7.23.0
Oura,google_play,us,71bdba38-5627-44c8-8026-f71cf9c5f26d,2026-09-07 00:32:56+00:00,5,,Great 👍,7.23.0
Oura,google_play,us,0f6d3337-ee95-487b-a178-3145d3ce4577,2026-09-06 17:42:51+00:00,2,,The app has always done well but recently (Around 09/01/2026 to today) the app has been extremely laggy and buggy. If this can be fixed or if I can receive help I would much appreciate it :).,7.23.0
Oura,google_play,us,f4574c2a-5096-4c64-b0f8-e8479ae458bd,2026-09-06 17:27:48+00:00,5,,Awareness of what is real,7.23.0
Oura,google_play,us,7f22ecf0-90d0-4ff7-bd6b-86648416dda6,2026-09-06 12:00:40+00:00,5,,love it ❤️,7.23.0
Oura,google_play,us,ea87e4b5-70a2-41c6-bd2c-83a168a1ad86,2026-09-06 04:29:33+00:00,3,,The ring is connected to the phone but will not track activity until well into the activity. Not an accurate count of what you do.,7.23.0
Oura,google_play,us,21752a35-0984-4afc-9a43-b24a9a019093,2026-09-05 22:25:30+00:00,5,,Simply the BEST!!!!!,7.23.0
Oura,google_play,us,c680f929-aedd-4b82-836b-3a0d226dca94,2026-09-05 06:43:32+00:00,5,,Ability to gather accurate information about myself.,7.23.0
Oura,google_play,us,3cf7c0df-c1fe-4b88-b11e-c7ac10ebe41b,2026-09-04 22:57:35+00:00,2,,After less than one year the battery holds only three days. The app doesnt always send a notification that the ring has to be charged soon. Taking into account not only the device price but also the monthly fee the value seems to be pretty questionable,7.23.0
Oura,google_play,us,daaa5797-30b4-48a6-a0de-de880b7bda02,2026-09-04 22:54:23+00:00,1,,"0 features if not paid, else its useless, i understand about premium features....but there are no basic ones here....all are paid..... expensive device + expensive app - at the end the competition will eat your lunch.....",7.23.0
Oura,google_play,us,a7853da7-e168-4c49-b816-b24081d1e6ca,2026-09-04 16:11:33+00:00,3,,There are a few good things about the app. But also some confusing aspects. I hope I can understand how those work. I have found you need to be sure to check every day. I have found some time the times are off by as much as 15 hours.,7.23.0
Oura,google_play,us,746175c6-2b3f-4a95-82d4-0c79b5c5a61a,2026-09-04 14:37:48+00:00,5,,best decision ever to buy the 5th Gen ring! Great analytics and suggestions to stay on top of the health areas I need addressing.,7.23.0
Oura,google_play,us,25f3c82d-050f-4880-bbf3-e8782726515a,2026-09-04 13:02:33+00:00,2,,often not accurate. not really made for men. messaging has a lack of confidence tone,7.23.0
Oura,google_play,us,af30bd6c-c5d2-4847-b6d9-e238c52409fb,2026-09-03 00:01:35+00:00,4,,"update : it been a year, still in love with my ring - however some improvement can make it much better for example calculating the calories after, walking or any activity. absolutely love my Oura ring and all the information that provides.",7.23.0
Oura,google_play,us,17a4166b-410d-49c1-8f4a-d3e8e70aae20,2026-09-02 08:13:29+00:00,3,,"App works well, but guys hire some product designer. Super useless UI.",7.23.0
Oura,google_play,us,e0465fab-a419-4885-aa21-48c293200aae,2026-09-02 04:37:00+00:00,5,,love this ring. keeps me on track,7.23.0
Oura,google_play,us,3e812813-4178-41b3-9e11-06e0cc9520f6,2026-09-02 01:47:01+00:00,1,,syncing a problem and it never works. for the amount of money I spent this is ridiculous.,7.23.0
Oura,google_play,us,3aeaf9ca-d3b2-475a-9a32-22aa3ca6aba6,2026-09-02 00:56:03+00:00,2,,"With the cost of the ring and the subscription, the app shouldn't be this bad. The app crashes constantly; requiring a deletion of the app and resyncing to the ring or waiting upwards to 24 hours for it to figure itself out.",7.23.0
Oura,google_play,us,83522c02-5c37-471d-903a-768595fc93ec,2026-09-01 21:18:29+00:00,2,,"The app has a lot of different metrics but the reporting and sharing sucks pretty bad. Why can't I know how many activity hours and how many activity calories I've burned during a calendar month in a summarized format? Literally need to track my workouts in an excel sheet to get that data easily. It's the simple, simple stuff overlooked with this app that makes it really disappointing. I hope you do better because this ring wasn't cheap.",7.23.0
Oura,google_play,us,1d79b218-2941-43fe-8576-9df5b432102e,2026-09-01 20:11:37+00:00,1,,"Annoying bugs. Not worth the premium subscription. I start recording an activity (and make sure the timer is running) but when I'm done it's as if it never started recording. So, the live recording just doesn't work reliably. It will attempt to automatically detect activities, but it rarely records the entire activity.",7.23.0
Oura,google_play,us,2b1168cf-abc9-4adf-bf92-043f21c740fd,2026-09-01 17:12:05+00:00,5,,"randomly doesn't record heart data during training. known issue, but they do not fix it.",7.23.0
Oura,google_play,us,11352e27-3856-4b7d-83f3-951ac3b76f97,2026-09-01 13:28:47+00:00,4,,Oura AI answers all efficacy questions about sensor and measurement function and system accuracy. I am pleased with the data results.,7.23.0
Oura,google_play,us,6bdabf0d-6f3a-4bc4-8544-93247f470693,2026-09-01 11:43:41+00:00,3,,"would rate higher - my doctor recommended it, data is insightful and seems accurate-ish, and it's easy to understand. You will spend more time closing this app and reopening in than navigating that data. the back button has equal chance of doing nothing or closing the app out. opening a screen will display a lot of information- and internal ads. Not distracting but if I already bought the ring, I don't need an ad to get me to buy it again. finding data and features is a maze. Unintuitive.",7.23.0
Oura,google_play,us,5009bc52-67b9-44aa-b664-6d9aa9f65d8c,2026-09-01 06:43:43+00:00,5,,Absolutely amazing!,7.23.0
Oura,google_play,us,f528859b-2ff7-4467-a995-2bf2587883cd,2026-09-01 01:02:13+00:00,4,,if you like tracking yourself.,7.23.0
Oura,google_play,us,99ad6270-0410-4e5c-88ff-c8312f21d54a,2026-08-31 23:00:37+00:00,5,,the oura is a great tracking and monitoring device. I prefer it over my smartwatch any time,7.23.0
Oura,google_play,us,4b206cb5-0f40-4fe1-870f-3d29b43b70b8,2026-08-31 12:34:27+00:00,5,,"I am recovering from a surgery and menopause. I don't know this new body yet. The data this ring has been giving is life saving. Before the ring I would push it to much and not notice the warning signs. Then I would feel sick and it would take me a week or 2 to recover. Now my ring lets me know about my body being in a stress state and needing recover time, that I did not get as much restful sleep and so much more. My recover time is now a day or 2 and I catch it sooner. Thank you!",7.23.0
Oura,google_play,us,1bf2e212-d80e-44c0-b04e-4dfdef5b421f,2026-08-31 12:19:57+00:00,3,,"the ring is great, the app is absolute garbage.",7.23.0
Oura,google_play,us,267810a4-2854-435f-ad2f-39bd0901e563,2026-08-31 11:22:59+00:00,3,,frequently connectivity difficulties and very slown syncing of data under the best of circumstances. Worked great on iOS but I think I'll be considering another option,7.23.0
Oura,google_play,us,4bf38db7-f9f6-4304-895e-e1103b9bff6c,2026-08-31 03:27:21+00:00,5,,Just as loyal as the person who wears oura rings the most.,7.23.0
Oura,google_play,us,b206eb5b-a1db-493c-9de4-833d6ed06e62,2026-08-30 21:02:02+00:00,5,,Great ring and app,7.23.0
Oura,google_play,us,e8c48304-7f8b-486c-bb3e-996de5d53a5b,2026-08-30 15:59:57+00:00,5,,one of the best health purchases I've ever made.,7.23.0
Oura,google_play,us,d62f0fd8-140e-4716-b41d-5a66b3bfb7e0,2026-08-30 15:29:44+00:00,5,,excellent need I say more. I'm glad I did my research,7.23.0
Oura,google_play,us,0edb74ad-af90-460d-aabd-567f8296dd71,2026-08-30 11:07:39+00:00,4,,"Great for tracking your activity and resting, sleep and movements. It shows quite a lot of health markers, variety of parameters, however you need to keep in mind most of it is *inferred* (with AI) rather than directly measured - things like stress, sleep stages, resilience, calories burned, etc. What the ring *does* actively, natively measure is BPM, HRV, temperature, and general movements, the rest is built out of it as educated guesses. It can wrong about things though.",7.15.0
Oura,google_play,us,aea9359d-cfe2-4e5d-8f45-f49d845b4bd8,2026-08-30 02:47:16+00:00,1,,stopped working after latest update,7.23.0
Oura,google_play,us,a8487699-b407-476a-ba2b-c5f1c24df8bd,2026-08-29 22:49:53+00:00,5,,"Feel my Ring5 has done a great job reading my vitals, levels; my Oura. Has reduced my stress, and has gotten my sleep pattern corrected for a great night's sleep. Love it!!",7.23.0
Oura,google_play,us,aed1d950-36d3-4d58-9a6e-fd0ed5de9397,2026-08-29 12:49:49+00:00,5,,it monitor your health and that to me is important,7.23.0
Oura,google_play,us,bd990192-f061-473a-a4be-84093122768f,2026-08-29 02:22:18+00:00,2,,"sleep data not accurate. period data not accurate either. common Oura, you would think that by ring 5, you could allow me to adjust the number of days my period length is. It's definitely not 3... and there is no way to adjust that. That incorrect data is then translated to the 'reports' section. Can you please allow us to manually input the period length or fix the sleep score if we woke up many times during the night but you give a score of 87...",7.23.0
Oura,google_play,us,81766b7a-e89a-4f04-8a20-c5c798b4e482,2026-08-28 21:13:06+00:00,4,,love the ring and all it tells me but today the app keeps crashing.,7.23.0
Oura,google_play,us,96c7a12f-1a00-473d-9263-c358b6365cc8,2026-08-28 20:32:48+00:00,5,,"Have worn Galaxy smart watches for years but the insights coming from Oura really feel next level to me. Importantly the information is presented in a matter of fact, non-judgemental way. I think the Subscription is good value and battery life on the ring is consistently 8-9 days for me, after the three months, which I think is excellent. It does not accurately count steps for me but could be that the ring is a little too big in my case. Very happy with the whole set up.",7.23.0
Oura,google_play,us,2d3b3fcd-0436-4a43-b181-6d4d39ca34db,2026-08-28 18:41:14+00:00,1,,the app has become incredibly slow. this needs to be fixed,7.23.0
Oura,google_play,us,1a7aeee6-91c1-465f-b9ee-536ea5c615f2,2026-08-28 11:22:22+00:00,5,,The OURA provides daily insight about your health.,7.23.0
Oura,google_play,us,87ef353b-e34c-4cff-b398-2ea58e6476e6,2026-08-28 09:18:50+00:00,3,,"It doesn't track weight, i doesn't include all the features you see in other devices But overall is good for sleep tracker and steps only",7.22.1
Oura,google_play,us,6d25fb34-75ed-48e9-a113-8b722965c838,2026-08-28 00:36:12+00:00,2,,"I've had my Oura ring 4 for just over 10 months. It went from holding a charge for just under a week to needing to be recharged daily and as of today, it won't even charge. The exact same thing happend to my sister's ring after 8 months. I really liked the ring while it worked but it's far too pricy to have to replace it in less than a year. I'm so disappointed.",7.23.0
Oura,google_play,us,2daa3e7f-49b4-4700-a1a5-4affaba6ee04,2026-08-28 00:25:27+00:00,4,,Wish the ring weighed a little more.,7.23.0
Oura,google_play,us,45a0fe23-6912-4d37-8bcd-147a74c8e054,2026-08-28 00:08:22+00:00,1,,"no signal detected,try to resync,no app installed on phone.I have the 4 and all of a sudden it just stopped working,I have tried uninstall,force stop,reinstall, soft reset,factory reset etc...Im done, I may as well go back to the 3 if I can find the charger for it but I'll just use my fitbit watch",7.23.0
Oura,google_play,us,97069102-aa34-425e-b563-951a630f077f,2026-08-28 00:03:03+00:00,5,,I am impressed with the size. this ring is far more comfortable than the oura 4. the less fortunate aspect is that is the only benefit I have found. questionable value prospect.,7.23.0
Oura,google_play,us,a6b4da1c-3f3a-4027-b85e-505e620382de,2026-08-27 23:43:57+00:00,3,,"Updating my review from 5 stars to 3. About 1-2 months ago, the app started constantly logging 3-4 yoga workouts a day that I never actually did. Now, I have to manually dismiss each phantom workout every day while making sure not to delete my real activities. I even upgraded from an Oura 4 to a 5 suspecting it was a hardware glitch, but the phantom yoga issue persists. Please fix this and restore the previous detection behavior. Otherwise, I will have to cancel my subscription.",7.23.0
Oura,google_play,us,6b179954-c870-43bb-88b5-7aed2334997b,2026-08-27 21:23:07+00:00,4,,UI got way worse again.,7.23.0
Oura,google_play,us,7867cc9c-00a5-44b4-81f9-f08a51cbcb69,2026-08-27 17:28:19+00:00,1,,Worst application ever,
Oura,google_play,us,fbe755a2-258d-4021-bfbc-7a930543ea45,2026-08-27 14:23:20+00:00,3,,does not count steps.,7.23.0
Oura,google_play,us,5fbbadd9-1ff2-449e-ad15-3d2e158d1303,2026-08-27 12:20:31+00:00,4,,"Overall, the app is easy to understand and visually appealing. I would really love to see more mental health tags though. Sometimes your symptom radar is high and you're feeling grief, but you can only add those things as a tag. Or else things default to ""depression/ anxiety"". As someone who deals with both regularly, those are not the same or helpful in my tracking.",7.23.0
Oura,google_play,us,2108c6d4-5afa-4945-9a8a-ba804992138f,2026-08-27 12:05:14+00:00,5,,Love the information it gives,7.23.0
Oura,google_play,us,e61f0678-80a6-496d-a79f-fca6c44777c5,2026-08-27 11:17:33+00:00,2,,During the last two weeks my activity tracking has been totally inaccurate. I have had to dismiss numerous activities.,7.23.0
Oura,google_play,us,ac675d41-ccd6-4df9-8ecf-bb74c48a93c3,2026-08-26 10:05:52+00:00,5,,I love it!,7.23.0
Oura,google_play,us,66832ce2-77c4-47b6-9c11-396467966640,2026-08-26 03:41:26+00:00,1,,this ring is unfortely just for a women all the setting are for women not use for a men. really bad service .. really disappointed and waste my money on buy this trash . do not good.,7.23.0
Oura,google_play,us,5d5dde99-3cc4-4b88-9861-a6899ace827f,2026-08-25 21:56:04+00:00,1,,Surprised that it does not even notify you that the ring ran out of charge. Looks like a basic feature. How did this app get 4+ stars?,7.20.0
Oura,google_play,us,b2f2c76f-0af7-42a3-83ab-d6f4a238863f,2026-08-25 16:40:46+00:00,5,,So much to explore and learn via the app. Love it so far!,7.23.0
Oura,google_play,us,8748aaa1-2dfc-4a40-b66a-4d31d6fa81df,2026-08-25 15:23:51+00:00,3,,"Storing half a gigabyte of user data on the phone, on top of the space consumed the app itself and the cache, is aggressive.",7.22.0
Oura,google_play,us,6dd8c3de-7642-487d-85dd-8a2a197b5532,2026-08-25 11:37:43+00:00,5,,Loving my Oura 5 so far. best features are readiness and sleep measurements.,7.22.1
Oura,google_play,us,5ad3501d-d825-4f3c-96c6-f56be1494c1b,2026-08-25 07:41:38+00:00,3,,No multilanguage support.,7.22.1
Oura,google_play,us,3b2aa83b-b127-40d1-8f78-e4f776f8ef7e,2026-08-24 10:35:18+00:00,5,,Love knowing. my sleep score.,7.19.2
Oura,google_play,us,07ad3149-b789-47c3-8cb6-6034658e1354,2026-08-23 18:24:47+00:00,5,,Love this ring Excellent to keep you on track and informed of your health,7.22.1
Oura,google_play,us,90de25ae-4574-41c5-a253-438e10b45633,2026-08-23 15:10:41+00:00,2,,"Massive use of trackers, I use Duck Duck Gos tracking blocker. Today my Tmobile app tried to send tracking 60 times. This app tried 6000 times. I wonder how much of my bandwith was consumed, and where all my data was going.",7.22.1
Oura,google_play,us,cdf6ba2e-1177-44c5-91da-a0d168d70533,2026-08-23 15:02:56+00:00,1,,"I get a new ring connected to the app, but after closing and reopening the app, I have to reconnect the ring again. I've cleared app cache and data and reinstalled the app, but nothing helps. This app and ring are garbage!",7.22.1
Oura,google_play,us,5544578e-e985-4667-b4fb-5300ccd5f471,2026-08-23 10:35:21+00:00,4,,"Great app, will give them 5 stars when you can sync data from meal/calories tracking apps instead of manually adding them.",7.22.1
Oura,google_play,us,2543c104-18de-4518-bdce-6fdc223fd677,2026-08-22 20:13:39+00:00,5,,This ring is amazing! Love everything about it!,7.22.1
Oura,google_play,us,82c99afb-a1e6-4a63-b343-ae2cc98a255c,2026-08-22 18:44:36+00:00,3,,developers failed to finish the swing on this app. install falls to setup permissions correctly,7.22.1
Oura,google_play,us,76251fb9-3313-414e-b8ed-005b82a46b43,2026-08-22 17:57:12+00:00,5,,Amazing data.,7.22.1
Oura,google_play,us,32f420b5-aaed-4b80-87a6-49ee190c9853,2026-08-22 05:30:45+00:00,3,,Seems optimized for ios more than android. Logging my GLP1 dose doesn't work on android it goes to a blank screen that never loads. Seems to run just a bit less smoothly.,7.22.1
Oura,google_play,us,99ace22e-cafa-4346-9ab9-cb2ebe1c90c4,2026-08-22 01:25:33+00:00,4,,"it's great, except I would really like it to stop prompting me to see information on menopause and period tracking. I'm a guy. I even selected male in the app. Should be smart enough to filter that out",7.22.1
Oura,google_play,us,980fd866-78af-4161-b7dc-817f0fd89dcb,2026-08-21 22:59:30+00:00,1,,"Massive battery usage and new version no longer recognizes my sleep. It creates ""naps"" instead and doesn't capture the full sleep duration. For example, a 90 minute nap instead of a 6 hour sleep.",7.22.1
Oura,google_play,us,56b34677-77ab-4395-b677-f91e0e537a23,2026-08-21 14:32:43+00:00,1,,"App has become painfully slow even after updating and reinstalling. Battery on ring also no longer lasts past 3 days without needing charged, meanwhile they shove more paid services down your throat. And so begins Ouras journey into enshittufication.",7.22.0
Oura,google_play,us,7cd02d3b-54c2-484b-b153-542ccce099b8,2026-08-21 13:13:28+00:00,4,,"Oura sells everyone's personal info, but it is nice having personal health stats available in real time throughout the day.",7.22.0
Oura,google_play,us,cae143bb-323c-42f4-adce-71e0df1bd70c,2026-08-21 11:31:37+00:00,5,,"I love Oura! I will say, they update the app frequently, sometimes to a point of annoyance. I guess those updates are ultimately a good thing but gosh dang, maybe they could coordinate better internally so it's not 3x in a week.",7.22.1
Oura,google_play,us,7abb55d9-e903-4b90-b143-627d82189a41,2026-08-20 18:28:48+00:00,4,,needs to be a setting for people who have had a partial hysterectomy as we still ovulate but no longer get our cycle. not helpful when they either consider it a pregnancy or push menopause insights,7.22.1
Oura,google_play,us,298ce405-c29f-40a8-b899-e271f1754c72,2026-08-20 14:31:03+00:00,2,,The app is often painfully slow.,7.22.1
Oura,google_play,us,7c7ce264-fba5-4971-8b13-3b5e408a8295,2026-08-20 08:19:53+00:00,3,,"Overall, I really love the app. It's helped me in many ways, especially since I don't like wearing a watch. The ring feels much more natural. The app tracks a variety of metrics, most of them useful. However, the introduction of ""sleep debt"" has been incredibly harmful to my insomnia. I've hidden it as best I can in the app, but there's no way of opting out. Taking a break from the app has very little effect on my anxiety around sleep. I don't want to give up my ring, but it's the only option.",7.22.1
Oura,google_play,us,199b19ae-617f-47a7-a47c-5f9c09cb2d86,2026-08-20 01:37:19+00:00,4,,I wish it would give our our actual daily temperature and not just the fluctuations.,7.22.0
Oura,google_play,us,95afccd0-b03c-427a-a41a-9f3523245404,2026-08-19 20:16:37+00:00,2,,"I like the app and the ring - I've had 3 rings over 5+ years - but the app is a major battery drain even when passive and all optional functionality is disabled. For example today the Oura app represented 11% of total battery drain, even though I only opened the app for less than a minute in the morning. Restricting battery usage is not possible.",7.22.0
Oura,google_play,us,e892672c-8ddf-4a5c-9eb4-0ac58e3d3153,2026-08-19 17:57:05+00:00,1,,like my ring but the app is terrible,7.22.0
Oura,google_play,us,f3ff7310-ccef-4780-84ff-7497fbdffda4,2026-08-19 13:33:12+00:00,2,,the data graphs are nearly useless.,7.22.0
Oura,google_play,us,2c83512f-7bf0-4951-872e-a0ca6e5890c4,2026-08-19 12:55:41+00:00,3,,sleep info should sync automatically,7.22.0
Oura,google_play,us,2bc72e95-2eae-4a7b-9918-4a9f8f81557c,2026-08-19 12:18:49+00:00,1,,"App is near useless without an expensive subscription. it is supposed to show a basic sleep score, but if you have disrupted sleep, it won't even show that. that's when the information is most important. they're deliberately withholding the info they promised. The app was helpful during the free subscription period, but nowadays there are non subscription options. use one of those.",7.22.0
Oura,google_play,us,4ac7d977-4bb8-4ea8-871a-6e54e1c07920,2026-08-19 05:08:25+00:00,4,,I don't like that in order to sync natural cycles. you have to physically sink it everyday,7.22.0
Oura,google_play,us,48a74eb0-3e0a-443c-9fd4-d0b783dd7be0,2026-08-18 20:05:47+00:00,4,,Subscription is TOO expensive.,7.22.0
Oura,google_play,us,405de4af-abfa-4eb1-95a8-130e7ea90650,2026-08-18 19:40:58+00:00,4,,"first off, I'm a big fan of Oura. UPDATE: activity tracking permissions resolved. Now the problem is the app cannot track state across Android activities correctly. I start tracking a workout but when I pull up the screen it reverts back to the Start Activity screen with no memory of the activity I already started",7.22.0
Oura,google_play,us,2275e4c6-ea33-44f2-b58c-b9b64f1933b1,2026-08-18 19:23:56+00:00,4,,Easy to use. my only issue is that taking a shower with my ring on logs activity as if I was walking. I would edit it to Other and write shower. then I just started ignoring. I wish it was smart enough to learn.,7.22.0
Oura,google_play,us,42323103-7e58-4727-8042-db5e1dfb82e1,2026-08-17 18:11:45+00:00,4,,"calorie counter is a great guesstimate but it's not perfect, everything else about the ring/app is amazing worth it and useful",7.22.0
Oura,google_play,us,c624aa01-bf87-4df3-980a-023296657289,2026-08-17 16:39:09+00:00,3,,Why was the airplane mode button removed?,7.22.0
Oura,google_play,us,fd3090b9-f2c4-48b2-ab49-d52915bf02d4,2026-08-17 16:16:56+00:00,4,,great,7.22.0
Oura,google_play,us,2cf4d732-9472-4eb6-989e-81aaf0f2da7e,2026-08-17 14:33:31+00:00,3,,"horrible at measuring hr in workouts where you gran something. kinda gimmicky, but otherwise it's alright",7.22.0
Oura,google_play,us,202098a2-81aa-4bc2-8a1e-0d406e8a62a5,2026-08-17 11:10:53+00:00,2,,"The App is intuitive, but the firmware is awful. After the most recent update, my battery charge zeroes out in two days. Is it a coincidence that when I click on the charge icon that the SHOP OURA RING 5 frame is at the top?? It seems like blatant planned obsolescence. The virtual help assistant (""help"" is the wrong word) recommends installing the firmware I suspect is causing the drain. And yes, it's the most recent version of the firmware.",7.22.0
Oura,google_play,us,82583e7c-e80b-4933-8e62-c96078413c92,2026-08-16 23:51:35+00:00,5,,Quran ring is the best sleeping and heart and stress activity monitor I have ever used. it is so excellently accurate . it's even project your body temperature. I am so glad my daughter bought to me.,7.22.0
Oura,google_play,us,762e5f36-baf7-4222-8eb5-ecfe08f97559,2026-08-16 16:32:30+00:00,5,,I love the Oura ring in the Oura app! They work really well at giving you insights into your body's workings. The Oura 5 ring is especially good. And they keep the app updated all the time with new features. Very interesting to use.,7.22.0
Oura,google_play,us,255ef34f-371d-4aaf-844e-a61c27cea5d7,2026-08-16 16:08:46+00:00,5,,"My favorite feature is the sleep tracker. I have learned much about how my poor habits, especially in the evening, affect my sleep quality and duration.",7.22.0
Oura,google_play,us,63934d45-290a-49bf-816f-6326b82044a8,2026-08-16 06:52:23+00:00,5,,Absolutely worth it 😁,7.22.0
Oura,google_play,us,3e3a74af-a40b-4451-bfa0-f391dbcd75d7,2026-08-16 02:36:55+00:00,5,,App and Ring combination is the best. I have all kinds of Anxiety issues. utilizing all of the data the ring collects and monitoring it throughout the day and the suggestions it gives has allowed me to identify and confirm so many triggers and I havent had a panic attack in about a year.,7.22.0
Oura,google_play,us,944b7b96-0190-4e4a-bcb6-a5b2db8fc1cb,2026-08-16 01:51:54+00:00,1,,I lost my Oura ring during the membership and the membership is renewed without my attention. Please help me refund my payment.,7.22.0
Oura,google_play,us,8cf05f6b-ab27-4d3b-b685-d83db3143071,2026-08-16 01:46:12+00:00,4,,The balance of function v data is improving.,7.22.0
Oura,google_play,us,dc15de8d-c827-42bf-9d32-b8b2a03ffc0b,2026-08-15 15:38:53+00:00,5,,Great app that has me feeling great and keeping track of my health is so much easier!! I even get suggestions to make my meals healthier!,7.22.0
Oura,google_play,us,dcdb8aad-ab3a-48b8-b649-4fcb17af4bd4,2026-08-15 08:46:30+00:00,3,,App is extremely slow. It takes a full minute to switch from sleep back to the home screen. And the scores for sleep and readiness randomly change. One minute I have 3 crowns for the day and the next minute the readiness is down to 84 and sleep has lost a point. How can this be? Also after an activity has been detected the app takes a full minute to get to the activity and then often doesn't allow me to confirm the activity. I can touch the confirm button until that itself could be an activiity,7.22.0
Oura,google_play,us,16a24ee4-abdb-4686-807e-217fc5678a34,2026-08-14 18:28:03+00:00,5,,It's worth every penny!!! Invest in yourself and your health.. It's knowing everything about you to better even the lies you tell yourself,7.22.0
Oura,google_play,us,8a059d40-2419-4246-b537-7a9a06f006c0,2026-08-14 16:35:59+00:00,5,,Awesome device to wear!,7.22.0
Oura,google_play,us,f69c580d-79ad-4ade-ba82-248ee77363f7,2026-08-14 13:23:04+00:00,3,,all reports don't populate on android devices,7.22.0
Oura,google_play,us,8f8742a3-bf0d-4da3-8f40-82ff462550d0,2026-08-14 11:27:10+00:00,2,,"frequent updates and changes, and overall, it doesn't seem to provide very accurate sleep data. despite wearing the ring for ~6 months.",7.22.0
Oura,google_play,us,52ab3e9c-3c1a-4bca-bf04-d1b2094afdd9,2026-08-14 04:56:02+00:00,1,,"Without a monthly subscription, you don't even get access to basic information such as calories burned or heart rate history. For a device this expensive, I believe these basic features should be available without requiring an additional monthly payment.",7.22.0
Oura,google_play,us,6645953f-ddb5-48c1-95c5-22242084e208,2026-08-13 15:35:33+00:00,3,,not entirely accurate differentiating sleep from wakefulness; step counter overestimates step by 20%,7.22.0
Oura,google_play,us,9fb19a91-744e-40c3-b4e1-36a820458ba7,2026-08-13 15:06:19+00:00,4,,sometimes the app will not log all your sleep,7.22.0
Oura,google_play,us,ff8845a5-e8b7-4c39-9aaa-5a7189e64a6a,2026-08-13 11:18:40+00:00,4,,The app occasionally has to be closed and reopened.,7.22.0
Oura,google_play,us,099e2518-a303-42eb-bef2-3f00f6dea29d,2026-08-13 11:07:36+00:00,1,,"thinks I ran 14.5km when I only ran 10.5km. For a product that is dependent on accurate metrics, that is a shocking margin of error. I spoke to Aline in their customer team and they essentially said ""there may be an issue with the integration mechanism, turn it off and on again. here's 2 months free membership"". shocking.",7.22.0
Oura,google_play,us,20a4ca7b-c6a2-4f6e-9623-18970a485e1f,2026-08-13 10:16:14+00:00,1,,After 9 months the app no longer records most information including sleep data. Maybe it's a problem with the expensive ring and not the app but I'm not sure. Waste of money either way.,7.22.0
Oura,google_play,us,a2a8234b-7204-4823-b114-56d0aa63cb3c,2026-08-13 05:21:02+00:00,3,,"The graph with sleep stages doesn't show the correct breakdown of sleep stages. Durung one of the nights I had 18% of deep sleep, but it shown as almost 0% instead. So it is simply impossible to see your sleep trends because of this broken graph (the only place where you can see the trend). Customer service is responsive and nice, but the 'core' team just ignores all the screenshots and explanations and keeps saying that everything is as it should be and I should not use this graph for trends",7.22.0
Oura,google_play,us,4e9980c5-fd3a-4f36-a643-5aff1146c1ae,2026-08-13 00:17:12+00:00,1,,"App started to crash after the last update. It's crashing during the startup (so, the app no longer opens).",7.22.0
Oura,google_play,us,1304753f-c859-4233-ac3c-4859015994e1,2026-08-12 19:17:09+00:00,1,,App no longer opens after updating. force stopping the app and trying to reopen it also doesnt work.,7.22.0
Oura,google_play,us,81917b95-7fb2-4332-bba1-14c4c455abbe,2026-08-12 18:31:57+00:00,5,,live changing piece of tech. 10/10 recommend.,7.22.0
Oura,google_play,us,5c53b8dc-acd8-4c37-864e-342d64225e2f,2026-08-12 16:20:11+00:00,5,,"I would recommend the Oura ring to everyone. It's really good with workouts, sleep patterns, reminders, etc.",7.22.0
Oura,google_play,us,2ad8805d-861b-4eb0-946b-85eb4ba456a4,2026-08-12 15:57:19+00:00,5,,"Helps keep in track for body movement, sleep, and my cycle. My battery life is my only complaint once the new ring updated ring was launched. My ring is just a year old and no longer holding the charge. This is my 2nd ring so I do love the ease of the ring and data.",7.22.0
Oura,google_play,us,4b93b8c9-7a64-42d1-8b59-f9e789b73967,2026-08-12 13:13:52+00:00,3,,good app but updates to often,7.22.0
Oura,google_play,us,d8a62a7c-1684-47fe-85b7-9abd8848ea81,2026-08-12 05:10:17+00:00,1,,"Too inaccurate and clumsy. The airplane mode is very desirable and works. Otherwise, it seems much less accurate than other devices I compare with each other. Poor battery life. Also you can't use a ring when grabbing anything like a bar in the gym, or climbing. So definitely for sedentary people. The only thing they really thought through was the airplane mode.",7.22.0
Oura,google_play,us,6fd719b2-8935-4e55-bee4-71ac6ebedf97,2026-08-11 21:13:24+00:00,2,,"If you're a night owl, it will learn that information, but it won't use it. It knows that my chronotype is night owl, but it still tells me bedtime is approaching at 9pm. It knows I'm a man, but I had to manually turn off menstrual cycle tracking. If you ask for information, use it. Data visualizations are decent, but you can't see specific times or metrics by touching a point on the graph, which seems like basic stuff. There are a lot of small things that seem like huge misses. Feels cheap.",7.21.1
Oura,google_play,us,9c11619b-ace5-4ff6-90b2-f30794fe0edb,2026-08-11 15:38:21+00:00,5,,"The Oura ring is absolutely the greatest! It tells me more about my body than I would have known certain things, especially about my heart and the fact that my blood pressure goes up at night instead of down. So now I know I need a referral to a cardiologist from my doctor.",7.21.1
Oura,google_play,us,8cc9b5a1-d741-401d-800f-c57b7e93eb82,2026-08-11 10:02:17+00:00,3,,"Meh. too many bugs, each update seems to add or bring back a bug that a prior update had fixed. Oura's release notes say only the wonderfully unhelpful “Small fixes, big improvements.”",7.22.0
Oura,google_play,us,e222aae3-a6bb-42fb-b011-66803ae52754,2026-08-11 08:13:09+00:00,2,,"App is very laggy and slow responding. Does not reflect the product positioning from quality. I would definitely optimize the applications speed and responsivity, now it feels like a memory leak on my phone.",7.21.1
Oura,google_play,us,a67c6263-c10b-4176-b6eb-914e05806e37,2026-08-10 21:43:55+00:00,1,,"One star because the app doesn’t support scrolling screenshots. I’m seriously considering cancelling my subscription, as I still can’t see any justification for paying an ongoing fee.",7.21.1
Oura,google_play,us,c5e4d3f4-72c7-4646-9896-8282ab0d10b2,2026-08-10 13:31:22+00:00,3,,"Was great, but getting worse. Seems like there are so many app updates which have been degrading performance of the ring. I only get 2 days charge as does my wife on her ring. The interface is fine and I can live with the other changes, but the battery issues are going to drive me to another device. I've been with Oura for 3 years, but this is no bueno.",7.21.1
Oura,google_play,us,aac1588e-8338-4a3b-81f2-05f58b4d79e4,2026-08-10 11:43:05+00:00,5,,certainly has had a positive impact on my health,7.21.1
Oura,google_play,us,6a98c29f-389d-4346-8dce-c7b4f39cf815,2026-08-10 05:15:57+00:00,5,,"Light weight, easy to use, & looks nice too!",7.21.1
Oura,google_play,us,69696b9a-ca36-4e4e-8736-f93bc05f4835,2026-08-10 05:10:05+00:00,3,,"Amazing FTUE, poor every day use; Why baby me in 2 paragraphs every time explaining what HRV is? I clearly know by now. Have a newbie mode toggle in settings and even ask if I want it after 30d. So simple. Even games do this, allowing bloaty tutorials to be disabled once used to it. And why do charts not have numbers? So simple, please toss in settings if you think it'd hinder FTUE.",7.21.1
Oura,google_play,us,af8e756c-4020-4b12-9c4a-19bf58f9a3e4,2026-08-10 04:54:08+00:00,1,,"Very poor support response time. Tracking is ok for sleep. Not great for workouts. It sometimes breaks up on workout in three segments. Also, if you track your food, there is no report for Macros. You have to login through a webpage and you have to wait around 10 days for a csv file. I requested one almost 14 days ago and never got it. What is the point of logging food if you cant get a summary of what you logged? This is a Health App?",7.21.1
Oura,google_play,us,e53c194c-2bbe-42ba-bc4d-276e5e4965d1,2026-08-09 19:22:20+00:00,1,,The app still remains the highest battery drain. The latest update drains 3% more than the previous 4% totaling 7% drain per charge on a S24 Galaxy Ultra.,7.21.1
Oura,google_play,us,107efa93-a6c9-4c90-9db6-9a82efb062e6,2026-08-09 16:31:34+00:00,5,,the Best,7.21.1
Oura,google_play,us,25b934da-edd0-40a4-aaa7-3dff3c29bbcd,2026-08-09 15:18:54+00:00,5,,Works well and find sleep. Insights super helpful in improving my sleep.,7.21.1
Oura,google_play,us,93a84b87-0018-45c3-aea3-0ed9c1ea8c3f,2026-08-09 12:36:49+00:00,1,,"I have spoken with the support team about this and got no intelligent response, it can take hours for Oura to register that I was asleep in the previous few hours. I thought I would try this ring because it was supposed to be better than Samsung but it's not. if I want to know how many hours I just slept there's no point in looking in this app for the information. just go to the Samsung app.",7.21.1
Oura,google_play,us,771b4cfe-8c48-476f-b7b9-dbb805d39b9f,2026-08-09 05:20:10+00:00,4,,"Updating Aug 8, 2026: For some reason, Unguided Sessions won't sync anymore. I followed Finn's AI help to no avail. Have a ticket out to customer support, hopefully they can help. Everything else is syncing like auto detected activities and sleep, so not sure what the issue is.",7.21.1
Oura,google_play,us,0c7204e1-4b73-4224-9edb-e7679ce2d41f,2026-08-09 01:32:04+00:00,4,,"I do love the app, and the ring. The only complaint I have is this: There is a pregnancy feature, there is menopause, there is period tracking. What is lacking, is new mom phase, when baby wakes up every 2-3 hours a night. I know my sleep score is 40, why can't this be trended appropriately with a tag like all the other 'new moms' out there. If the tag was created by the app itself it would trend against all other data. Also, it just have a feature and no not associated with pregnancy.",7.21.1
Oura,google_play,us,437d5dab-1fd0-4674-a61d-42fbcf344880,2026-08-08 19:12:08+00:00,1,,"Stress tracking is subpar. Additionally, stop lowering my activity score because i'm to active. I'm not going to stop my workouts to appease your made up activity goal. And now after starting an activity and watching the timer start, it just cancels the activity mid exercise. Nice little surprise when you go to end it and nothing is there. i'm selling my ring and going to ringcon.",7.21.1
Oura,google_play,us,ba496694-81ec-42e3-a43d-e5646a46191b,2026-08-08 11:47:44+00:00,3,,"The app works pretty well, though they could add more features. Why doesn't symptom radar show on the timeline? I've had my Gen 4 ring for ~13 months, the first 7-8 months it was great and needed a charge once a week, since then (possibly affected by a firmware update?) battery life has degraded rapidly and now lasts ~36hrs per charge. Reaching out to Oura's AI chat went surprisingly well and they are replacing it. Battery performance has impacted my trust in it.",7.20.0
Oura,google_play,us,904339ea-8147-4e8c-a7b5-16fdbef8c883,2026-08-07 11:52:36+00:00,5,,love my oura ring,7.21.1
Oura,google_play,us,ef715c8b-c8ed-4f4c-9956-bbfe3b17b6b1,2026-08-07 05:41:52+00:00,1,,It's ridiculous how you have to charge the ring two or three times a day. it doesn't last the night while u sleeping so it can't pick up your sleep schedule! waist of time! You get the ring to track your sleep but the battery doesn't last long enough to track u during the night! Oura please explain how your thinking around that works!?,7.21.1
Oura,google_play,us,f8cec130-c143-4790-9de1-eba79794c23c,2026-08-07 01:19:17+00:00,3,,"since the 07/30 update my app is not working properly and has a few bugs. I've tried uninstall, resetting the app, and even force stopped the app and its not working correctly. with the new update all of my insights have stopped working, and my daily summary is not working either.",7.21.1
Oura,google_play,us,0f1d0c41-9cd8-41c6-bc3e-c8e1039cf6e5,2026-08-06 16:04:27+00:00,5,,The app is easy to use and navigate with a ton of useful information. Updates are quick and don't interfere with monitoring.,7.21.1
Oura,google_play,us,c1a3b14b-7ae6-4aef-a652-cb876e8682cf,2026-08-06 11:42:20+00:00,5,,There is a monthly membership charge to get all the details of the Oura ring. The data you learn is quite helpful.,7.21.1
Oura,google_play,us,3fa5667e-ceb1-498f-a133-810764c5c32e,2026-08-06 05:57:45+00:00,3,,"If the charger fails, there is no way to get it out of airplane mode despite there being a locate.",7.21.1
Oura,google_play,us,16d60ca0-c7a1-48f7-ba3c-50a77e349017,2026-08-05 17:53:33+00:00,5,,I am very happy with my Oura. the information seems accurate and seems to closely mirror my Fitbit,7.21.1
Oura,google_play,us,5042878a-aa66-41ec-80aa-f46761904049,2026-08-05 17:07:15+00:00,4,,"Last update 7.21.1, is a battery hog. even force stop doesnt seem to persuade the thing to stop bogarting my battery. might need to uninstall until this gets corrected. some sync issues but generally its been helpful. hope the power usage can get corrected or, the best solution, configurable.",7.21.1
Oura,google_play,us,4175a933-3621-40fa-92fd-89d99364d169,2026-08-05 13:54:42+00:00,5,,"cool insights, immediately and long term",7.21.1
Oura,google_play,us,1f7961f8-05de-4fcd-b5a4-8db70803d094,2026-08-05 09:41:41+00:00,5,,love all the data I get...,7.21.1
Oura,google_play,us,dda226d2-ce9c-4c82-911c-6f9444a14c7d,2026-08-04 22:55:29+00:00,3,,"I feel like the sleep data has gotten more inaccurate. Keeps telling me I've had a great sleep when I know I was waking up constantly. Used to be really good at tracking sleep. Would be good if you could adjust the bedtime slider in both directions. It thinks I went to bed an hour later than I did, and I can't correct it. Constantly thinks I'm exercising when I'm driving.",7.21.1
Oura,google_play,us,4c302ebb-8267-4c42-b71d-621d970f2693,2026-08-04 14:58:06+00:00,3,,"I'm trying to update this app, but it will not do it. Can you fix this?",7.20.0
Oura,google_play,us,0c3d0f83-8a5d-430c-9297-a5f1ce3e014a,2026-08-04 12:45:13+00:00,2,,"Not good, updates everytime I want to check data which takes ages. Monthly payments suck. Constantly asking me to resync. Just not worth it",7.21.1
Oura,google_play,us,e454376f-eb54-44a8-a216-6863e6e4b5b4,2026-08-04 12:28:21+00:00,3,,"The device itself seems fine, the app on the other hand has a number of issues. I have a Pixel 10 (Android): 1) Every time I confirm an Activity I go through a couple of screens telling me to set location permissions. They are already set. No amount of rebooting clears this. 2) The UI has really poor navigation. You can get lost in a maze of screens and scrolling.There are too many clicks required to navigate the app. Needs some serious rework.",7.21.1
Oura,google_play,us,eaebe3ff-4658-44d5-ae82-97ec169acc21,2026-08-03 20:49:01+00:00,1,,"I have been DESPERATELY trying to get in contact with a real representative regarding my billing. There ABSOLUTELY NO WAY to reach anyone or get a response from the contact/help text. I am being billed EACH MONTH for $5.99 on two separate credit cards. I NEED human assistance, NOW!! I CAN'T ECEN CANCEL MY SUBSCRIPTION. NOT A PROFESSIONAL BUSINESS TACTIC.",7.20.0
Oura,google_play,us,e2ff7c54-94b6-4cca-8f72-fd194df98e80,2026-08-03 19:14:34+00:00,2,,"Oh how I want to love this app. The Oura customer service is great but the actual product isn't. I had to replace the first ring in less than a year because it stopped syncing and it wouldn't track my sleep anymore. They replaced that one without hesitation, and it's again less than a year and it's back to the same issues. I'm not sure if I'll bother to get it replaced. It's just annoying at this point.",7.21.1
Oura,google_play,us,a9169bbf-e646-4501-8ada-22a460d8bbde,2026-08-03 12:00:12+00:00,4,,"I love this innovative way of staying abreast with healthy elements of ones journey. As a seasoned user, I find this tool extremely helpful to keep me active and honest with my healthcare goals. Didn't give it five stars because sometimes the map and step counts are inaccurate as if it stops reading during activities. Hopefully this new update will assist with that. Still love it though. 💚",7.21.1
Oura,google_play,us,d2d7d002-eb8d-438c-a508-7f033cc8f967,2026-08-03 11:08:48+00:00,1,,"The data is WRONG! And they don't have any human to talk to, only the useless cheap chatbot. Paying hundreds of euros a year for a subscription for a useless plastic that can't even tell when I'm sleep or awake... The bot is saying I have to edit times myself, but that's literally what this device is for! The home screen shows loading forever, but gives you some data anyway. I had to buy a Whoop band to factcheck my scores and it turned out Oura IS way off with every metric, as I suspected.",
Oura,google_play,us,7402818e-fa3e-4f42-b069-4e13fc0fa405,2026-08-03 10:49:49+00:00,1,,very poor on IQOO 13 ANDROID 16 ORIGIN OS 6 🤯😱👎,
Oura,google_play,us,06340e8b-0ddf-4a09-a44e-d365164eb280,2026-08-03 10:11:39+00:00,5,,oura ring is good but wish there were battery update to fix drian,7.20.0
Oura,google_play,us,29e7f8d2-63c0-4ab4-98b0-a107463cd650,2026-08-03 09:43:22+00:00,5,,Love my Oura ring. Life changing for my overall health tracking.,7.20.0
Oura,google_play,us,9fc2f031-4863-4dad-86a9-05fe7920543f,2026-08-02 17:20:51+00:00,5,,working review,7.20.0
Oura,google_play,us,8c982ccd-0d6e-4169-82c6-abf4f7683193,2026-08-02 17:19:25+00:00,3,,it's too expensive for the data it tracks,7.20.0
Oura,google_play,us,52cf4cc8-8c50-41d2-ad56-f269b3fa2c7e,2026-08-02 11:16:46+00:00,4,,"Feature Request: Please show the exact BMR Oura uses for Total Burn, and add an optional manual override for members with a directly measured BMR. My measured BMR is much higher than an estimate based on age, height, weight, and sex assigned at birth, so this feature would improve transparency and accuracy. (Only 4 stars, as - annoyingly - I cannot find 'Give Feedback' in the Oura Labs feature on my Android, which should be clearly shown)",7.20.0
Oura,google_play,us,a9de01d1-d49d-4057-aebd-067d34c7b87f,2026-08-02 03:58:39+00:00,1,,"everything was great but the last few weeks, I have not been able to open the app. crashes every time I try",
Oura,google_play,us,b8145e16-d6e2-4b65-99c0-158aeff17498,2026-08-02 02:53:21+00:00,1,,"When I installed the app it asked me if I work at night. I said yes, but it still nags me to go to bed right when it's time for me to go to work, and tells me I'm sleeping wrong, even after I get a full day's sleep. The app for the Samsung ring asks what time you sleep and helps you stick to it. The Oura thinks it knows better than you, gets it wrong, and then won't stop nagging you about it.",7.20.0
Oura,google_play,us,f7300b74-002a-4184-9641-3883b1855aee,2026-08-02 00:45:58+00:00,5,,love it,7.20.0
Oura,google_play,us,3e5af1a5-cc58-4743-9ac6-00066287548c,2026-08-01 17:59:49+00:00,4,,Awesome except the need to enter activities,7.20.0
Oura,google_play,us,c28cf6d3-bd9f-4755-a007-043fb49299dd,2026-08-01 16:21:21+00:00,2,,"not happy lately, ring keeps saying I am asleep when I am awake and watching TV, or reading. Sleep latency last night was 2 hours. luckily it can be edited. BUT makes me wonder how accurate the ring is?",7.20.0
Oura,google_play,us,e74e0ef8-e25f-4cc9-b718-f3c05644d94b,2026-08-01 09:53:56+00:00,1,,"Sleep graph is choppy & hard to read. Cannot click on the step, heartrate, sleep stage, sleep disturbance, or hrv graphs to get precise values at specific times, so you kind of just have to try to estimate based on the axes. It would be nice if you could pinch and zoom on any graph, Generally kind of confusing interface, many readings are hard to find. It's like they focused on the visual aesthetic over the functionality, having slight variations of blue make levels hard to differentiate.",7.20.0
Oura,google_play,us,16316b25-bda1-4efd-a66c-ddf6d0640875,2026-08-01 04:05:13+00:00,1,,"unable to get my ring to connect. I have gone through all of the troubleshooting. I haven't had my ring long and I can't use it anymore. it's dead. Will never spend that much again, I am very disappointed.",7.20.0
Oura,google_play,us,ef5ad1ba-bf68-4104-b8b4-340b5616dd09,2026-08-01 00:28:46+00:00,1,,will not change my review until you can manually add naps in.,7.20.0
Oura,google_play,us,6dcee9f6-fc63-4bcd-a1ec-f1184180b1b4,2026-07-31 20:11:50+00:00,2,,"It has potential. The interface is nice. You cant connect to more than one device, aa in you cannot monitor health on a phone and a tablet with one ring. I don't get why a health app with subscriptions and a car payments worth of device doesn't care about nor track the quantity or portion sizes of drinks or food which seems very important to health monitoring. you get the same health score for 1 French fry as you do 1000 French fries, etc.",7.20.0
Oura,google_play,us,91dbe88e-fd95-4007-bc59-6549dbb0083e,2026-07-31 18:04:53+00:00,5,,this ring and the data it collects has changed my life,7.20.0
Oura,google_play,us,ce0b2413-128f-4d51-a17b-f61d2d7f5388,2026-07-31 15:24:55+00:00,1,,"Why are there over 7500 tracking attempts per week with this app to a company called Segment.io? To make it worse, it's personalized, identifiable data, not just anonymized info about my phone or whatever. That's egregious. I love my Oura Ring 5, but I'm considering returning it over this privacy abuse.",7.20.0
Oura,google_play,us,12f9b448-0839-4ba8-b730-770468b8b407,2026-07-31 14:40:37+00:00,5,,love the simple idea of a ring downloading info in real time usefull info ..... you can discuss with you doctor I love the sleep monitoring ......,7.20.0
Oura,google_play,us,682100af-5725-46ea-8d78-25ef911c9458,2026-07-31 12:46:42+00:00,2,,great information not all functions work,7.20.0
Oura,google_play,us,6becfd74-a2de-42db-82c8-b5e22b29401b,2026-07-31 11:11:34+00:00,4,,good device but software crashes sometimes,7.20.0
Oura,google_play,us,fd49536d-e8ea-4e3d-aa0c-19bb5e697eee,2026-07-31 00:00:57+00:00,1,,"Recently ring constantly won't connect. Put on charger, toggle Bluetooth, but as soon as I put it on it can't find it again.",7.20.0
Oura,google_play,us,47510f3c-3325-47e9-849f-bfb0d95305b2,2026-07-30 17:25:33+00:00,1,,They don't tell you about the fees up front. And this is basically another product chiefly designed to get you to pay someone else to data mine your life so they can profit from it without your knowledge or consent unless you actually read the terms of service. which no one does.,
Oura,google_play,us,5a37c5cc-5b4c-4f4d-be24-3228711db4ca,2026-07-30 15:32:42+00:00,1,,"Amazing concept and generally quite accurate for activity & normal sleep cycles, but is horrible at properly recording naps. What's worse, sometimes it records accurately then later updates to change some element like adding in a long wake period to the end of the nap, thus decreasing sleep score. None of this can be manually corrected. You are stuck with it. Each time this kind of error happens (frequently) - your cumulative sleep and health tracking will lose accuracy 😴😴😴 such a shame.",7.20.0
Oura,google_play,us,b8abbfa6-71ce-463d-90cc-8e31775003f0,2026-07-30 13:38:14+00:00,5,,I love the oura ring and all of the daily updates. It's the 1st thing I look at daily and my sleep score is a good indicator of how my day will go.,7.20.0
Oura,google_play,us,5b68190e-ccf3-45e9-82ed-1c1379910e47,2026-07-30 11:27:14+00:00,5,,Excelent!,7.20.0
Oura,google_play,us,926b6640-f414-413b-b9eb-9c9dd350cceb,2026-07-30 02:16:52+00:00,1,,annoyed that the VO2 walking test isn't working and in chatting with Finn the only response is that ill need to wait for a fix since its not working on versions 6.2.4 or newer..,7.20.0
Oura,google_play,us,67442c47-9020-4c58-a881-997a56690382,2026-07-30 01:49:51+00:00,2,,"Stopped working correctly after July 2026 update. Ring no longer fully syncs. Live heart is the only metric that still displays information. I've done soft and hard resets, updated settings, re-synched Bluetooth, etc, but my Ring remains only minimally functional.",7.20.0
Oura,google_play,us,256c702a-35eb-41dd-ad2f-d23cf5d0814d,2026-07-30 00:14:05+00:00,3,,it would be great to upgrade the advisor for when you're postpartum with a newborn and waking every 2-3 hours around the clock. something that is supportive and encourages you to take more naps during the day perhaps? my sleep score comments are brutal so I just try ignore for now.,7.20.0
Oura,google_play,us,17816c3f-d39e-424c-897e-950055bccac4,2026-07-29 23:39:37+00:00,1,,"they deactivate your account after the trial membership expires and you are required to pay for the membership to continue using the ""free"" features",7.20.0
Oura,google_play,us,129afbb8-66f0-4ba7-93d5-49ea86bc5e1e,2026-07-29 14:12:29+00:00,5,,awesome,7.20.0
Oura,google_play,us,7d466c81-563c-496e-a99a-d40b2b731301,2026-07-29 12:54:38+00:00,3,,The app is ok. Tracks housework and does a decent job with sleep. Wish I could make latency adjustments. Without fail my higest readiness days are when I feel worst. The symptom radar doesn't notice which I guess is bc it can't track migranes. As someone who gets 10 a month its a major issue overlooked. Adding a migrane tag is pointless. For $70 a year on top of the $350 ring price I expected a bit more than hey you exersized this week and slept well so you must be amazing!! all the time.,7.20.0
Oura,google_play,us,e53f1f6c-5c76-4b46-8524-b4c7f3c729e3,2026-07-29 11:59:20+00:00,5,,Great for tracking and had the best sleep algorithm around,7.20.0
Oura,google_play,us,69c0f5c8-e3e1-4f54-b248-a653b69b6a9b,2026-07-29 04:00:11+00:00,5,,"mighty ring, miracle ring, amazing ring, game changer. Thank you to the team for your great hard work.",7.20.0
Oura,google_play,us,60c6bdf6-e2c6-4ba6-8f7a-23362168322a,2026-07-28 18:19:22+00:00,1,,"Very unfortunate product. The ring, and a replacement ring, seemed to be tracking my data. however, the ring could never continuously sync to the app without having to un-pair and re-pair the ring to bluetooth each time. Additionally, while the live agents were always very nice, the list of items they wanted you to go through each time to troubleshoot was excessive. a working product shouldn't require multiple bluetooth resets, uninstall of the app, and hard resets.",7.20.0
Oura,google_play,us,4b4e9942-6ee3-4daf-a139-98ade05082ed,2026-07-28 09:59:25+00:00,1,,App wastes a lot of battery. Please fix battery drain or I uninstall the app. Oura app drains battery a lot more than any other app on my phone. Please fix huge battery drain ASAP. Please add HRV daily graph to view HRV at any time of the day.,7.20.0
Oura,google_play,us,30195706-a5e4-4d67-a7f1-1c9036bbd91a,2026-07-28 05:27:32+00:00,5,,I quite like the comments and the nutritional information given after taking the photo of the food I am about to consume. Quite enlightening,7.20.0
Oura,google_play,us,029f8085-2f3c-4a2e-a565-7a7008b1f783,2026-07-28 03:55:46+00:00,5,,a great tool to have to be aware of your own health,7.20.0
Oura,google_play,us,8bd25f6b-d27c-44e3-a687-44e890ba0a5d,2026-07-27 12:41:25+00:00,3,,"I've had this ring for about 15 months. It's the gen 4, so not the latest. The ring used to hold a charge for around 3 days sometimes 4 when It was new. Now it lasts 12 to 15 hours before indicating low charge. Heart rate readings can be off by 50%. If I'm starting an exercise it will often show 190 beats while my chest strap monitor shows 90. After a few minutes of warm up and I'm working harder, the ring's reading will coincide with the chest straps reading of 110-120.",7.20.0
Oura,google_play,us,30e5d1df-f94c-4ef5-a021-d5430824e1d0,2026-07-27 11:18:44+00:00,1,,"The app has been great for years. Recently, every update makes it worse. It lags. With the most recent update, it will not track live activities. It starts tracking, you do your workout, and then when you come back to stop tracking after your workout is complete at some point the app just stopped. So you have no record of the activity. Really frustrating and dumb that this app has been ruined. I am considering just canceling my subscription if this isn't fixed in the next update.",7.20.0
Oura,google_play,us,c35113ee-1714-44fc-abd9-36e68c5041f2,2026-07-27 02:25:16+00:00,3,,"Updates all the time.. Dude, what could you be updating this much!?!",7.20.0
Oura,google_play,us,76a84ba7-982c-48a1-8519-21a9c6570a4b,2026-07-26 22:23:58+00:00,1,,This is what is draining your phone battery. I have to purposefully kill it after every use because my phone will die within half a day if I leave it running.,
Oura,google_play,us,048a383e-795a-4b4e-a914-34b55332c49f,2026-07-26 19:11:00+00:00,2,,Please allow sub 100 calorie activity goal. there are many people who would use and appreciate this flexibility.,7.20.0
Oura,google_play,us,864fad80-4e9f-44d9-8e44-6dc397524f9b,2026-07-26 15:21:19+00:00,1,,doesn't work half the time and difficult to get help to fix it,7.20.0
Oura,google_play,us,7e298a90-6995-45aa-aaa6-3e70c990b7ea,2026-07-26 15:11:43+00:00,3,,The app has been painfully slow for me for the past few months. Time the devs to spend some time on optimization.,7.20.0
Oura,google_play,us,3f51a871-3cbe-4c8c-8463-c3dd88ab6bfe,2026-07-26 12:19:18+00:00,2,,My ring keeps disconnecting from phone and app. Battery is unrestricted. Nearby devices enabled. What's with this?,7.20.0
Oura,google_play,us,2fe966ad-9358-4c25-8a91-9b573e23b243,2026-07-26 11:25:24+00:00,3,,"Overall satisfied user of 2,5 years, however for the last 2 weeks with the new update the app stays frozen, with a black screen on start, when I tap the readiness, or sleep, or any other area, it takes literally ages to load 10+minutes, or doesn't even load and I have to close the app, restart multiple times before it's working again. honestly this is so annoying in 2026 as it was working very well for 2,5 years and now it's just eating my time and patience watching a black screen. Please solve",7.20.0
Oura,google_play,us,06265d36-488d-4d4b-9f1c-17d2d4ace404,2026-07-26 00:19:42+00:00,1,,"The Oura app is frustrating to use. It frequently asks to confirm naps even when I've not napped. Also, considering the high price of the ring, the app should be free, or at least include all key information without an ongoing fee. Charging a monthly subscription for features that rely on data collected by a device users have already purchased feels unreasonable.",7.20.0
Oura,google_play,us,d48454fa-ba81-460e-a466-91f8c4c70064,2026-07-25 16:36:23+00:00,5,,The Oura health ring is incredible. It's all about what you put into it. You control all information and can remove anything at all times. AI Advisor is quite accurate with health recommendations. I would like to see an 'adult' option for sexual health/well-being in the future that we can toggle on/off. Made by the men & women in Finland. Nobody is spying on you like China or Russia. 😆,7.20.0
Oura,google_play,us,2f508f56-7797-4f34-852f-9706d605e8e7,2026-07-25 15:34:56+00:00,5,,"love how I can track my sleep, activity and overall wellness",7.20.0
Oura,google_play,us,b6af3505-9290-4917-ba05-a41e13054d76,2026-07-25 14:05:41+00:00,5,,Love it!!,7.20.0
Oura,google_play,us,454d6d31-afb8-4755-9109-10fba969f2e2,2026-07-25 04:03:56+00:00,1,,"App UI gets worse with every update since 2024. SUPER SLOW AND BLOATED!! Vitals used to be a clean snapshot, now overloaded with ~27 different metrics, already detailed under Readiness. ""Vitals"" is now useless & if they ever mess with Readiness it may be time to walk away from Oura and switch to Whoop or back to Garmin. Needless changes that convolute the UX, add nothing, and lessen the experience? That is what Oura does best! Add in rings that die in 3 years, and this ecosystem is risky.",7.20.0
Oura,google_play,us,8f0ffdd5-c33a-45b5-8101-e93fc0e5dfe2,2026-07-25 02:22:52+00:00,1,,"Don't force me to participate in your delusion. I don't have a sex assigned at birth, just my sex. Ridiculous in the same breath you admit there are measurable physical differences you're pretending like ones sex can be assigned.",7.20.0
Oura,google_play,us,ba81880d-e08e-4953-b658-73a25c7837e0,2026-07-24 14:12:04+00:00,2,,"sleep score says 93 but the text under says ""be kind to yourself, your sleep score was low"" Also I like their unguided session feature but half the time the quick action to start it doesn't work. I know it's not my phone because I can press add activity above it (so I know my screen works) but when I drag up the menu, the unguided session button is moved into that spot and still doesn't work",
Oura,google_play,us,6de953a8-a6ec-4f3a-a981-37220493b561,2026-07-24 13:07:01+00:00,3,,"All was working fine for awhile. now when I try to manually start an activity like running or walking, it does not start.",7.20.0
Oura,google_play,us,e4995ffb-44d7-4c93-8d8c-f98ac587e9bc,2026-07-24 09:18:07+00:00,1,,"the app language automatically updated to System language, before it was english and you can only change it back to english if you change the System language, I hate it!!!!",7.20.0
Oura,google_play,us,98327026-8692-4774-8a60-a358cd5b2336,2026-07-23 19:18:30+00:00,1,,the new update is causing my app to crash and not open today,7.20.0
Oura,google_play,us,b0cf1832-3e1e-4f09-8d1c-798e761f8b8f,2026-07-23 18:43:23+00:00,1,,Terrible business practices. As soon as Ring 5 came out my Ring 3's battery life started severely degrading and synching became problematic. It is 2 years old. When I asked to cancel they refused to refund the 11 months of advance payment I made despite the fact I will not be using it. Essentially you need to buy a new $600 ring every two years. plus pay their annual memberships that you cannot get refunds for unused months.,6.2.2
Oura,google_play,us,c1df8c7c-a592-4365-aa51-5c838a5d0e03,2026-07-23 16:51:15+00:00,1,,Too much junk on the UI. my sleep data is loading all day long the last few days. The reasons why the scores are what they are is mentioned...but there's no understanding of how to improve them from the app. It also often doesn't get good data on my live activities so I don't get heart rate zones.,7.20.0
Oura,google_play,us,54a4503d-bbb6-4299-a733-d8822eaa18ab,2026-07-23 12:47:54+00:00,5,,Oura member for 2 years. Gain insights into your well-being. Make lifestyle adjustments and see the results in all of your health metrics. Fantastic device and app.,7.20.0
Oura,google_play,us,a73f19cb-c769-4767-a7f7-3614c80c3c0e,2026-07-23 10:19:41+00:00,5,,this has given me a sense of stability for my rest at night and knowing my bpm.,7.20.0
Oura,google_play,us,8dca6941-fb68-47f4-a7d9-d0e8ebe8ae92,2026-07-23 03:59:11+00:00,4,,Please add a feature to track weight and BMI.,7.20.0
Oura,google_play,us,d9c02c30-e33c-4059-89fa-7a773c230d7a,2026-07-23 02:43:24+00:00,4,,App uses too much battery according to Samsung. Needs a battery optimization very soon!,7.20.0
Oura,google_play,us,3e90b356-caf1-42f4-868d-53c5340fcd17,2026-07-22 16:01:03+00:00,3,,"The app is nice, but it is a bewildering decision to not sync weight with Health Connect for weight trends over time",7.20.0
Oura,google_play,us,21a2d31b-7dd3-48fd-8fbb-426c5e56b212,2026-07-21 15:46:43+00:00,3,,"Meditation timer frequently fails to record at the end, and HRV has issues (line is flat over the course of 30 minutes of meditation).",7.20.0
Oura,google_play,us,8634a129-78d9-4f4f-adcc-3c32e5c98c87,2026-07-21 15:29:20+00:00,5,,I really appreciate the sense that Oura is looking out for me with timely advice and astute observations. It even alerts me to elevated body temperature when it occurs.,7.20.0
Oura,google_play,us,1df57c86-6da4-4bbe-9c8c-1893db22d6fd,2026-07-21 15:17:37+00:00,2,,"The actual sleep data itself is not bad, after a few weeks it tracked with my other devices correctly. However, the actual data is buried in the app and you have to click past a ton of really bad algorithmic scores and AI generated advice that doesn't correlate with the data and is often self-contradictory. There is no way to hide or turn off this BS. It gave a 5 hour sleep night a higher score than a 9 hour sleep night and told me to take it easy just because I was reading in bed for an hour",7.20.0
Oura,google_play,us,fec410f7-8980-4af3-b2c6-f5d20419cc1c,2026-07-21 13:36:48+00:00,5,,"thanks to Oura, I am a sleep athlete.",7.20.0
Oura,google_play,us,b04aa131-be70-49e4-9bc1-6f856a1b3960,2026-07-21 11:34:59+00:00,1,,"claims to give email before your subscription renews and never does. the actual ring is not feasible to wear during any sort of workout if you are using weights, I do not recommend this product for anyone who will be exercising with it.",
Oura,google_play,us,5d550625-f251-4417-acab-212deb655c1b,2026-07-21 11:32:48+00:00,1,,been a member of Oura for a while and all of a sudden my ring stop recording my data. Oura issued a new and still have the same issues. it's frustrating because you can't talk to a person and they don't give refunds.,
Oura,google_play,us,0e82403c-0a9a-4887-ad38-6ea44248f4a4,2026-07-21 09:26:02+00:00,3,,"please fix app to register nights of 0 sleep in sleep debt. my sleep tab just looks the same as if I dont have the ring on or there is no signal (""no data"", yet or "".. "") and does not count towards sleep debt. Then, I have to restart the sleep trend again. I work 24 hour shifts at times and need app to record impact of them on health. other than that, its awesome!",7.20.0
Oura,google_play,us,1e8c475e-ed47-44ca-a965-6e7f89fed0f7,2026-07-21 03:31:33+00:00,1,,"For as expensive as a product as it is, I would expect their app to be a more polished design. Rather, it is buggy and frustrating to use as it constantly refreshes the entire screen. Additonally, it will suggest activities and when I click the confirm button nothing happens and then the whole page refreshes again and I click confirm again and this goes on endless and rarely actually confirms the activity. Also I want to remove any mention or ads for tracking cycles",7.20.0
Oura,google_play,us,ab1b408a-5945-4d02-82b7-8b5f132393c6,2026-07-20 20:08:45+00:00,5,,Love the feedback on my sleep.,7.20.0
Oura,google_play,us,acc417dd-bd73-4a33-b645-2c572271e7ed,2026-07-20 13:09:30+00:00,1,,app keeps closing immediately when trying to open. Very frustrating. This app is definitely not worth the aggravation.,
Oura,google_play,us,7ac834cc-8b1e-4f17-bc12-d15750af936a,2026-07-20 10:37:25+00:00,2,,"Oura itself is great. i love the ring HOWEVER do NOT buy anything from affiliates, like the Stelo glucose monitor. Oura nor Stelo offer warranty on defective devices. One sensor broke, Stelo eventually agreed to send a replacement and that shows up broken and impossible to install. threw $100 away and neither company cares (ordered through Oura). It really affects how i feel about Oura and will try to find an alternative before i upgrade this ring when my current subscription runs out.",7.20.0
Oura,google_play,us,96d55c38-aa25-4f82-9058-53ec3190d37f,2026-07-20 04:34:52+00:00,5,,Such an informative app. I love it,7.20.0
Oura,google_play,us,72a3d406-3f66-4ad4-9631-1a01ed24aedc,2026-07-20 04:10:21+00:00,2,,"Ever since the 5/14/25 update my ring no longer tracks my route even with location on, app open, phone with me, etc. The same route was tracked just last week, so it is 100% the most recent app update causing a bug. Infuriating and defeats the purpose of the ring EDIT: Contacted Oura and they said that is just how the ring works. Ironically after they connected to my ring to scan for issues (none) Ive been having nonstop issues with it since- not syncing to app, battery dying quickly, freezing",7.20.0
Oura,google_play,us,52d13737-c5f0-4b34-9565-ccb340ee9380,2026-07-20 02:31:39+00:00,2,,"the battery usage of the app (at least on Android) is crazy high, over 30% of my daily battery usage goes to this app. on top of that it is so much slower to load both regular sync and sleep stats (apple app loads great, super quick, low battery usage, definitely seems like an android issue) another problem is the new track love activity I've pushed the start button and it does not respond for sometimes upward of 3 minutes before it starts the activity. I'll gladly change my review if fixed.",7.20.0
Oura,google_play,us,895b53dc-681b-48a3-8d0f-fc8502b5b5c4,2026-07-19 17:32:21+00:00,1,,"Was Good Till Lilly Scam. I enjoyed it for years till this year when they partnered with Lilly. A link on the app asked if I'd like to learn about glp1. I've read many Oura articles and they were ok. But immediately after I did that, I started getting scam bots texting my phone with information I didn't share with anyone. So besides being a drug pushing company, Lilly bots put some type of tracker on my phone to find personal information and now scam spam my phone.",6.9.1
Oura,google_play,us,dfc28522-33ee-4832-a411-f2401ae880f7,2026-07-19 16:14:44+00:00,5,,still the best ring and app.,7.20.0
Oura,google_play,us,bd4625b7-8bf2-4d69-a13f-d9875b8c5835,2026-07-19 14:04:26+00:00,1,,"The last update has created more issues with collecting my data than I can count. The ring will disconnect and then not connect to the app unless I put my ring on the charger. Hoping to see my data and it hasn't logged. Super disappointing! I have only has my ring just over a year, just paid my anual renewal, this doesn't make sense! Update, I just verified my warranty expired in June 2026 hmmmmm..... interesting coincidence.",7.20.0
Oura,google_play,us,3dd007bd-8a88-4a20-9ecc-cbf24ae963cb,2026-07-19 12:49:34+00:00,5,,quite inspiring. helps you see patterns.,7.20.0
Oura,google_play,us,f36ca76e-0a74-4e79-98da-fd82a2e63c9d,2026-07-19 12:45:43+00:00,3,,"great when it works. had this app/ring for 2 weeks and the software already bricked ""waiting on sleep data"". less than a month of using it and already a forced uninstall reinstall reconnect because of poor caching. fml.",7.20.0
Oura,google_play,us,dbdaf550-570f-432d-a6ee-ae9b1948c6c6,2026-07-19 12:41:35+00:00,5,,Helping me get better sleep.,7.20.0
Oura,google_play,us,7ab8ea15-999a-4b15-91cc-1330cd4256a1,2026-07-19 10:20:57+00:00,2,,"Overloaded and overbearing. Sends you tons of spam with llm generated ""advices"" that are only increasing my anxiety about sleep and serve no purpose besides forcing you to open and interact with the app. Also, and this one really annoys me, it has a buggy measure heart rate feature - it works but only half of the time and the other half it takes clearing cache to make it work. So, that gives -2 stars, and another -1 for the ""almond mom"" vibes.",7.20.0
Oura,google_play,us,484fc224-4d53-4c3f-9c0c-255b8d0ae535,2026-07-19 03:09:30+00:00,2,,shouldn't have a subscription. buying the device itself is expensive enough. switching to alternate device when this one dies.,7.20.0
Oura,google_play,us,c6347fbf-745c-4f25-8d48-b04acf8ae352,2026-07-19 02:16:38+00:00,4,,"I absolutely love my Oura ring. only thing is, I don't have the symptom radar anymore? can you help?",7.20.0
Oura,google_play,us,a1f49086-3e19-44bc-ad64-1d8faf67d94b,2026-07-18 20:56:13+00:00,3,,Used to be more accurate. As soon as the new ring came out my battery died. It is happening again now that the 5 is out. The AI algorithm is not great- it says 2 opposite insights looking at similar data. They keep adding things and changing things. All I wanted was basic sleep data and now it does not seem as accurate as it did.,7.20.0
Oura,google_play,us,060f450a-51ed-46e0-855c-412cae62e59f,2026-07-18 12:49:35+00:00,5,,been using for years to manage sleep and stress.,7.20.0
Oura,google_play,us,a4d9c642-ed11-4497-8448-8626061a38c3,2026-07-17 19:17:16+00:00,2,,"broken after last app update. ring will no longer sync with phone despite multiple attempts at deleting and adding the ring back to app. I'm over it. this is my second ring, first one battery died after 10 months. Support is an annoying process. they are just selling all your bio data anyways, won't be buying another one",7.20.0
Oura,google_play,us,866d36a9-2e0c-4086-8f15-d2bb30c2e87d,2026-07-17 05:05:14+00:00,5,,powerful app. you can check quickly what you need. in the same time the app and ecosystem allows you to go deeper.,7.20.0
Oura,google_play,us,3cb45cf6-8c0e-49d1-bba2-d6c838ca64c4,2026-07-17 04:57:22+00:00,5,,"Great app, love the product but most of all what sets this company apart is how customer oriented they are with respect to customer support. The moment you have a problem they will give you for free what other companies would not even consider as an option. Customer loyalty to the max.",7.20.0
Oura,google_play,us,65ce0bc4-6641-4c11-9bf8-7c8fb6680cd7,2026-07-16 22:12:11+00:00,1,,"Cannot get in contact with them, paid over $700 and the item is not here and they are not getting back to me. Will be doing a credit charge back I recommend everyone to stay away from this shady company",7.20.0
Oura,google_play,us,512fa1ce-c357-469b-aff5-32a202001e58,2026-07-16 15:44:41+00:00,2,,the app doesn't flow well. I'm having to go to a different app to track everything in a more user friendly way.,7.20.0
Oura,google_play,us,d9c04626-e820-42c1-a178-9c2ad7c19da8,2026-07-16 14:10:36+00:00,3,,"I have had my Oura ring for 13 months now. Frankly, I am unimpressed. I most wanted Oura for sleep monitoring. It does not accurately detect when go to sleep at night. As soon I relax at all in the evening, it thinks I am sleeping or napping. It detects naps that show a hour awake followed by 10 minutes sleep followed by an hour awake. Clearly, I only took a 10 minute nap. You can't edit naps so I delete them. This morning when I clicked Delete Nap, it also deleted my full night sleep data. 😞",7.20.0
Oura,google_play,us,fe57669b-d424-4060-ad8f-095d583c55f9,2026-07-16 11:54:26+00:00,5,,"Life altering, absolutely worth every penny, couldn't imagine life without it!",7.19.2
Oura,google_play,us,f4ded5b0-b9de-4ebb-8daa-3f24d86f4c25,2026-07-16 11:12:01+00:00,5,,love this,7.20.0
Oura,google_play,us,a0d88718-38f4-4992-a072-288a06cbddfb,2026-07-16 10:15:08+00:00,3,,"Love the ring and app, had it for around a year. However, I have been noticing a severe decrease in battery life over the last few weeks.",7.20.0
Oura,google_play,us,2e85e316-aaa0-43db-b9e2-df51e533db5b,2026-07-15 19:39:05+00:00,1,,I paid a year with Oura and I haven't had service for a few months,7.17.1
Oura,google_play,us,db0a763f-1961-497f-97ee-be7655006463,2026-07-15 16:22:11+00:00,3,,"Data is accurate but sync is slow. too much text all around the app, just be brief and concise!",7.20.0
Oura,google_play,us,368fff71-0251-4bae-bb2d-702263a899f5,2026-07-15 16:09:49+00:00,5,,oura has helped get me into a regular sleeping pattern and more rem and deep sleep. all the analytics are amazing as well and the extra studies you can be part of for free. Really a game changer.,7.20.0
Oura,google_play,us,290fded0-3efd-4701-b452-b5ab74203037,2026-07-15 15:22:20+00:00,3,,"needs some changes I've submitted tickets about already. decent app/ring. About April 2026, the app started syncing very slowly and being sluggish to respond. It used to be so zippy.",7.20.0
Oura,google_play,us,791aaa6f-290e-435e-9fd1-433de25d9194,2026-07-15 12:36:13+00:00,1,,Every update makes my ring function worse. Last night it didn't even give me a sleep score. Oura will insult your intelligence by asking you if you were wearing the ring and if it was charged. Duh,7.20.0
Oura,google_play,us,50ac8f66-48f1-42ef-b914-ea2f52dc8e35,2026-07-15 12:20:26+00:00,5,,Love my Oura. I bought it for sleep tracking. It does a great job of that and more!,7.20.0
Oura,google_play,us,e54cee95-8c59-4f99-aad8-db665d89d579,2026-07-15 10:06:42+00:00,2,,"Since I started to use the Oura app I have been experience repeating connection issues. I had to completely disconnect the ring, uninstall and reinstall the app several times at different situations like connecting the charging case and several updates. I don't have to reinstall any other app as often as Oura. The last time today after the new update. I find this very unsatisfying for the app with payed subscription.",7.20.0
Oura,google_play,us,aafa9727-2be0-444e-9467-643eddbbc9f3,2026-07-15 05:36:46+00:00,1,,was great until newest update now it no longer opens app phones a Samsung galaxy flip 5,7.20.0
Oura,google_play,us,a34aef41-902d-4ea2-8770-bca7a6f661a8,2026-07-15 03:50:33+00:00,2,,"I'm sad to have to file such a negative review, but the quality of the Oura app has gotten so bad over the years I've used it that I felt I had to say something. First of all, these frequent updates are unacceptable. Apparently, the Oura QA team isn't doing its job because each release introduces new bugs, some containing showstoppers, like the current one. Second, you need to list the bugs that are fixed by the release, so users can decide whether it's in their interest to install the update.",7.20.0
Oura,google_play,us,a457bfc5-2efc-48bf-ad2c-d830d5e055d6,2026-07-15 02:09:30+00:00,2,,I love the ring but the cycle tracking is trash and doesn't work. I'm unable to edit anything in the month of June because I set up/got my ring in July. It won't adjust to the correct cycle day when I entered that I got my cycle early. The AI chat help was unhelpful and didn't report the bug of not being able to edit my cycle that I entered when I set up my ring. Terribly disappointing for a $500 dollar device with a $70 membership.,7.20.0
Oura,google_play,us,eee5f3a5-d89e-4fc2-9b24-a5f0135596c8,2026-07-15 01:43:16+00:00,5,,I'm very happy that it now imports activities from Health Connect.,7.20.0
Oura,google_play,us,8afc990f-7a82-4b0f-8373-82fa3f960c90,2026-07-14 16:05:15+00:00,3,,Spo2 in Oura 5 ring is completely useless. Oura 4 had a better reliable data.,7.20.0
Oura,google_play,us,ff9d1ef0-c328-47e5-a990-4c55775aa4ec,2026-07-14 15:03:14+00:00,5,,Comforting reassurance.,7.19.2
Oura,google_play,us,5ea05f45-3146-4ca6-8615-200928f86b80,2026-07-14 13:16:47+00:00,2,,battery dies every other day now on the ring itself.,7.19.2
Oura,google_play,us,fa66a901-45e7-4810-8c8a-369769bcc444,2026-07-14 12:54:36+00:00,5,,Feel more at peace...,7.19.2
Oura,google_play,us,fae41750-83fa-40bf-b94c-13e60ac2582f,2026-07-14 12:45:22+00:00,5,,"I wish they would add a spot to track weight loss. YES I know we can update it in our profile as we lose weight but it would've been really encouraging to see the numbers while losing my 50lbs. instead I had to download a completely useless app for my weight tracking. Oura, you almost have it perfected. and bring back the oura ring is floating guy! he was fun!",7.19.2
Oura,google_play,us,adcc4427-7082-4ec9-b425-929dcf9a7236,2026-07-14 12:25:24+00:00,5,,"Best app for organizing your everyday habits: sleep, recovery, exercise intensity.",7.19.2
Oura,google_play,us,47d7f162-ee1f-4941-b177-cabac123347b,2026-07-14 12:24:53+00:00,3,,I have loved my Oura ring but the ridiculous amount of updates recently have been very disruptive to tracking and haven't shown any kind of noticeable improvements in reliability.,7.20.0
Oura,google_play,us,fdb71519-2fca-4892-bdcb-c57fda9d935a,2026-07-14 11:20:49+00:00,2,,"​""At first, everything worked very well, but in less than a year, the device stopped tracking my sleep. Even with the ring fully charged, sometimes it tracks it and other times it doesn't. From what I can see, it's a device that needs to be replaced once a year if you want it to work properly. If you're willing to spend $300 a year or whatever the ring costs at the time, go ahead and buy it, but it won't even last two years",7.20.0
Oura,google_play,us,972f5e53-2e19-44df-8ab1-f3b396a7c969,2026-07-14 04:46:38+00:00,1,,"uodate: oura won't even talk to my phone anymore. any attempts to reset it comes with ""you need an app for that."" i love that it's a ring, but that's the only likeable thing left about it. i just want my money back",7.19.2
Oura,google_play,us,38cae93f-57d5-45d0-9936-5c7ecacdba5c,2026-07-13 22:23:38+00:00,5,,Love how it is helping me on my weight loss journey.,7.19.2
Oura,google_play,us,c99f0fca-bbd6-4528-a449-46a0f2a4e2c0,2026-07-13 15:13:56+00:00,3,,"The app and the ring are not syncing. Since the last update, it has been so bad. At first, it worked well. Now it is not picking up my sleep, and when it does, it is not correct. Lately, I have been getting q out of 7 days of sleep data and which is incorrect.",7.19.2
Oura,google_play,us,a6ad7a89-7bca-425b-900a-a367ab49a2f1,2026-07-13 15:05:24+00:00,4,,I really like this ring & learn from the info that u receive. The only reason they are a 4 & not 5; is if u have a customer service issue & need to speak to someone; it is an exercise in frustration.,7.19.2
Oura,google_play,us,53062ac7-c854-4621-9217-ddec91ba0bf0,2026-07-13 12:20:00+00:00,1,,"I didn't know so much of my information that was going to be broadcasted to the public-this information very much helps me make a decision on subscribing to this""service""",7.19.2
Oura,google_play,us,5d76b1ca-300f-4cb1-b87a-e7917596b39e,2026-07-12 21:28:34+00:00,5,,The app has to update a lot but it works well and I haven't experienced much (if any) glitching.,7.19.2
Oura,google_play,us,e7548833-65d3-4549-add3-e42e2c63fa49,2026-07-12 20:17:08+00:00,2,,app kinda sucks out of nowhere it stopped importing exercises and it barely lets me edit stuff. to match up my workouts from Samsung health,7.19.2
Oura,google_play,us,a43a8621-3587-4eb0-a206-20e4c7016100,2026-07-12 15:48:54+00:00,5,,"new awareness into your health, very useful and easy to understand information",7.19.2
Oura,google_play,us,ea8839d0-0575-47bd-83d7-f6e9e7d45c0c,2026-07-12 07:15:59+00:00,3,,not good gps signal. battery problems,7.19.2
Oura,google_play,us,b742e5f1-2eef-4136-9a53-55974830512f,2026-07-11 15:03:23+00:00,1,,"Horrible experience and costumer service. Currently on my second ceramic oura ring that does not sync properly or show data. When I try to speak with a person I keep getting the message that there is no one avaiable and to try again. For the price paid I expect for the item to work or for some thing other than Finn to be avaiable for help. Would not recommend. At this point all I want is a refund, but I can't find someone to talk to about that. Save your money and time.",7.19.2
Oura,google_play,us,6df87868-a874-421a-9166-bc628a22a204,2026-07-11 15:00:00+00:00,5,,I really like the app. I always thought these just monitored sleep but it's so much more than that. can even log your food and get the breakdown of how nutritional your meals are. there are ways to tailor for menstrual cycle and menopause which is super awesome!,7.19.2
Oura,google_play,us,a3a917ae-6454-430a-b496-515020e1f5f7,2026-07-11 14:32:54+00:00,5,,This app has given me insight into my health which has helped a great deal.,7.19.2
Oura,google_play,us,e8d24742-f08b-43b0-a374-b69ffcf55325,2026-07-11 09:58:03+00:00,3,,apps has to be restarted all the time to sync,7.19.2
Oura,google_play,us,b78cee58-64b7-498b-ac4a-fde58c893618,2026-07-11 01:36:33+00:00,3,,"Decent interface. Hard to see your activities like gym but sleep tracking view is good. I am annoyed by the constant ""syncing your data"" notifications every hour. I don't care. Can't see sleep schedule tracking anywhere. Garmin is much better for sleep tracking data so far, Garmin wins by far.",7.19.2
Oura,google_play,us,92a41aba-627f-4032-b4a6-89e04232e828,2026-07-10 19:48:12+00:00,4,,"seems pretty accurate except when it logs a 20min nap when im just still.... especially at work! I work at a keyboard! its not physical activity, but im NOT NAPPIN'!",7.19.2
Oura,google_play,us,bc814c94-4b32-4d13-a2fc-1293dc2bce30,2026-07-10 16:21:50+00:00,5,,Been using it for years and the free ring replacements have been nice for when the battery fails.,7.19.2
Oura,google_play,us,b1d22e3e-32a2-426f-b3a6-5ab2df1c1fc9,2026-07-10 15:01:09+00:00,1,,it is hard to find some information. it doesn't record some activity immediately or never.,7.19.2
Oura,google_play,us,c009bba5-0bff-4f77-8dee-7df168c3b324,2026-07-10 10:03:18+00:00,2,,"Because it's impossible to use Ōura on a tablet (my main device) and also see the results on a phone, I can't give more than 2 stars. It's a major flaw in usability.",7.19.2
Oura,google_play,us,e9fbfceb-adb4-468f-9c66-b2ba10b9f0eb,2026-07-10 01:09:21+00:00,3,,Live activity tracking only works like 20% of the time. Never reliable.,7.19.2
Oura,google_play,us,516cb0a6-2230-4d66-9ffc-3a42098e7ac3,2026-07-09 18:01:38+00:00,4,,"I absolutely LOVE my Oura ring and the all the data it tracks. It's incredible! 5 🌟 for the product, 4 🌟 for the app just because it isn't as user friendly as I want it to be",7.19.2
Oura,google_play,us,4f45110b-56ab-49e8-8e27-e9c3ecacf153,2026-07-09 14:58:29+00:00,2,,"it's gone way downhill. last few months, ring always has problems logging key metrics, whether it be sleep, workout or meditation. cleaning the sensors do nothing. the quality isn't there anymore. every time they add a new ""feature"", it's a new privacy agreement with a 3rd party company that I have to pay more money for. trust is gone. impossible to get or export logs in a timely fashion. interface grows more cluttered with each update. locked into 1 vendor for new features.",7.19.2
Oura,google_play,us,32ed9cd4-307c-4c00-a879-d2a78d8a749f,2026-07-09 14:20:19+00:00,1,,Problems syncing to phone.,7.19.2
Oura,google_play,us,560a0f46-234c-41e1-a15a-0786bca7fe66,2026-07-09 13:10:37+00:00,5,,only had it for a few weeks,7.19.2
Oura,google_play,us,8da4f3ee-2468-44d5-97d8-0003e38a0d7e,2026-07-09 12:53:17+00:00,5,,"Oura is great, I really couldn't live without it!!",7.19.2
Oura,google_play,us,2198453a-e92f-4a26-921e-8e5cbd6dcfe1,2026-07-09 11:04:25+00:00,3,,"I bought it to monitor my sleep. The ring won't pick up my heart rate at night, despite a ring replacement, and I have to log my meditations or it thinks I'm sleeping, which is a pain. This ring says I sleep like a champ but it over estimates it so much that it's useless for that purpose. It correlates fairly well with my Fitbit on exercise tracking tho, so not too many complaints there, except it's annoying to have to log my activities whenever my HR increases. Would not buy again.",7.19.2
Oura,google_play,us,4f33f5ff-b231-4e1c-a621-7f91634c4871,2026-07-09 06:19:53+00:00,2,,"I used to love it, but lately the sleep and readiness field are blank even when the ring's battery is half full. Oura knows about this issue but haven't fixed it so far. I rather have an older version of the software with fewer features that works.",7.19.2
Oura,google_play,us,26c52884-7a5f-44f9-a42c-1eef205fd41e,2026-07-09 00:18:17+00:00,3,,"New Stress metric is not accurate. I have used the Oura ring for the past 4 years and found it's feedback very helpful in making better choices. I recently updated to the ring five. All the other metrics are spot on. Unfortunately, the ring cannot differentiate enjoyment, like listening to good music while cooking dinner, from being under stress. It affects your daily stress totals as well as your cumulative stress totals, making them totally inaccurate. Please fix, or give user control to fix.",7.19.2
Oura,google_play,us,0215807b-ba64-4919-823d-1de660957e46,2026-07-08 22:56:59+00:00,5,,Awesome health insights and Bio-feed back. An excellent tool. Everyone should have an Oura Ring/Account. I'm hooked on understanding my body better.,7.19.2
Oura,google_play,us,b0f8b18e-4429-4708-a454-521b86ddf3af,2026-07-08 15:33:58+00:00,4,,"EDIT: After updating the Oura app, it's having a hard time connecting to Natural Cycles :( I've used this with my Natural Cycles fertility app for over a year now and it makes it so much easier to track my basal temperature than when I was using the oral thermometer! Thankful I could use our HSA to buy it! I also use the ring to track my sleep. It's taught me just how much my sleep effects my immune system to fight sickness, because I notice I get sick after several days of not sleeping well.",7.19.2
Oura,google_play,us,4dea6a5d-7131-4a89-b646-698463447131,2026-07-08 15:14:21+00:00,3,,"I like as a compliment to my fitness watch, but the Oura battery only last 2 maybe 3 days.",7.19.2
Oura,google_play,us,435f0d67-5e41-4d2f-b39c-d37d8919a7ea,2026-07-08 14:12:41+00:00,2,,laggy,7.19.2
Oura,google_play,us,70e6b15f-5e88-4576-a3f2-d897d1488d5b,2026-07-08 13:48:27+00:00,5,,love this ring and how accurate it is,7.19.2
Oura,google_play,us,97b0a71a-eacc-4f21-b6dd-2333a122a328,2026-07-08 11:20:09+00:00,5,,"I like having the ability to track my sleep patterns. The monthly fee is annoying, especially with other brands coming out now that have no monthly fee.",7.19.2
Oura,google_play,us,e7b16992-562c-4e09-b19d-a406491fa9ea,2026-07-08 09:59:40+00:00,5,,I really love my Oura ring! can't live without it now.,7.19.2
Oura,google_play,us,47dc0762-9c5b-46d0-95e8-38689d5e790b,2026-07-08 05:56:30+00:00,5,,"If you don't have one, you need this. The amount of data and analysis is excellent for finding out how to maximize your sleep",7.19.2
Oura,google_play,us,584effe2-fdc0-4bf8-a6d8-69aee5727711,2026-07-07 11:56:17+00:00,5,,"great, consistent biometrics",7.19.2
Oura,google_play,us,18c81d73-5523-4515-82de-03ebb860d7ef,2026-07-07 05:17:14+00:00,5,,"Excellent product and app, keeping me moving and monitoring sleep like never before.",7.19.2
Oura,google_play,us,5adc147a-79ec-48a3-8b6d-4085b85184da,2026-07-06 16:26:48+00:00,5,,Love the ring and all the biofeedback. it's really helped me improve sleep and maintain healthy balance between exercise and rest.,7.19.2
Oura,google_play,us,91d92f8d-935d-42cb-879e-c66ed9bae221,2026-07-06 13:24:45+00:00,3,,"Ring itself is pretty good, Android app has liquid glass design which makes no sense on android? Don't make me suffer Apple's design mistakes.",7.19.2
Oura,google_play,us,7cb930e3-840d-4455-8e54-7671d4bf9f9d,2026-07-06 13:19:21+00:00,5,,love,7.19.2
Oura,google_play,us,be453d10-75ab-4581-b0a1-315485ba94d4,2026-07-06 12:53:39+00:00,5,,This ring gives me all the information I need to keep my illness monitored and reduce stress. The chats are very helpful with ideas tailored to my needs and in learning to use the app and the information from my ring to my best advantage.,7.19.2
Oura,google_play,us,70218aa9-b0c8-4ecb-83b1-73adb2a045e5,2026-07-06 10:53:04+00:00,5,,will always wear this ring.,7.19.2
Oura,google_play,us,3802cf19-be68-4068-9c64-5b5b78ff48fe,2026-07-06 00:08:05+00:00,5,,very useful,7.19.2
Oura,google_play,us,73d15afe-554d-4164-94aa-7d2a1f41fb69,2026-07-05 21:36:22+00:00,4,,should allow users to customise their landing page/screen in appropriate with data they want to see at a glance,7.19.2
Oura,google_play,us,272c9c85-bea7-45ee-a66a-8b9711b6ff9b,2026-07-05 18:15:39+00:00,2,,"This app is getting so hard to find things. there so much info and it's so hard to find it. I ask the little AI bot, and it tells me where to go in the settings, I try multiple times, and then tell it I can't find it, and it says something, oh that feature isn't available for everyone. I'm so frustrated by this. The tag list has become too involved, I want to hide all the ones I know I'll NEVER use.",7.19.2
Oura,google_play,us,6ef30856-c52d-4344-a023-d7ffa8b9a922,2026-07-05 15:11:48+00:00,2,,"The last update has totally messed up my data and the ring. The ring will not stay connected, will not update data, and is not logging any of my information. It will not connect. I have done all the steps for the soft reset and that only sticks until I take the ring off the charger. What the heck with the update? Loved this product until the update was pushed, can it be rolled back?",7.19.2
Oura,google_play,us,ff1d88eb-fc91-47c5-8105-318a8f698c67,2026-07-05 12:51:15+00:00,5,,"My OURA has been an essential tool for the last 3 years of my health journey. It won't do the work for you, but it will show you what you're on top of and what can be improved.",7.19.2
Oura,google_play,us,e729dd64-da55-4686-92e1-c8ef4964b844,2026-07-05 11:15:03+00:00,5,,I have improved sleep and overall wellbeing by knowing what is really going on with my Oura data and once I could see it I could build new habits to make improvements.,7.19.2
Oura,google_play,us,259c40aa-610b-41a7-8ca1-f3a8e15490b0,2026-07-05 10:51:45+00:00,5,,an excellent alternative to larger platforms like hume.,7.19.2
Oura,google_play,us,41e9b9b1-103d-4a1d-ab2d-92c5a89d577e,2026-07-04 23:05:30+00:00,5,,I love Oura!!,7.19.2
Oura,google_play,us,8107aada-40b2-43e8-ad81-132c8ed783cb,2026-07-04 18:51:23+00:00,5,,"This device has changed my life. Don't call of it as a device though, call it what it is- an advocate for your body. If you listen to your advocate, I can almost guarantee your life will improve. You will sleep better, feel better, maybe even lose weight (I did!) It has been worth every dollar, try it, you won't be disappointed.",7.19.2
Oura,google_play,us,3468cbab-2b21-47f6-adde-1070a27a91c7,2026-07-04 13:12:07+00:00,2,,reading is not accurate: seriously a waste of money.,7.19.2
Oura,google_play,us,281b527a-0ffb-481a-9162-6de4d057efbd,2026-07-04 11:31:08+00:00,1,,App stopped working about a week ago. it just won't open anymore. Tried updating it but no luck.,7.19.2
Oura,google_play,us,b9e8874e-ad8f-441b-a79c-afd62ac0d8b5,2026-07-04 09:15:27+00:00,4,,Needs too much navigating and playing around to learn the app.,7.19.2
Oura,google_play,us,032c4188-8bef-4f99-983a-5472449f8c2d,2026-07-04 07:03:21+00:00,2,,buggy with too many forced updates,7.19.2
Oura,google_play,us,9b1be0b5-b863-48df-bfdd-d44a8aa61831,2026-07-04 04:37:56+00:00,1,,Does not start after the latest update,7.19.2
Oura,google_play,us,98459905-60dc-435d-86be-30fa6c1c0078,2026-07-04 01:57:03+00:00,3,,"Frequent app updates would be totally understandable, without the intrusive banner prompting an update every few days. If releasing new versions so frequently please remove the in-app messaging.",7.19.2
Oura,google_play,us,c3cefe84-da65-4d3a-b19f-f09a0019302f,2026-07-03 11:56:24+00:00,5,,"Great piece of accessory. Unlike a watch, this can be easily worn at all times. Biometrics taken are all rather precise, software is also reliable. highly recommended!",7.19.2
Oura,google_play,us,93c9f397-2315-4da9-b0b2-187f820937cf,2026-07-03 11:18:02+00:00,1,,I did love this device and app. now I get updates almost everyday and no sleep or readiness readings. I am not sure what is going on but it will make me stop using this ring.,7.19.2
Oura,google_play,us,e18c08c6-af9f-45c5-8745-da7fbcfab728,2026-07-03 06:42:09+00:00,3,,"I'm disappointed. The AI assistant is a bit clunky, and the ring has started to lose its charge within 3 days after just under a year of use.",7.19.2
Oura,google_play,us,796f1dd4-4790-40f9-b437-cc6d53e4547b,2026-07-02 22:25:45+00:00,4,,"The app is fine and I generally get a lot out of it, but why does it require updates almost every single day?? Or rather, why does there need to be a big obnoxious ""App update available"" at the top of the main page, pushing the useful data further down out of view?",7.19.1
Oura,google_play,us,3594e529-33e2-47c5-9d58-4c7313590bc8,2026-07-02 22:22:06+00:00,4,,lousey ring..had ring for exactly 1 yr..tried to charge it after a upgrade..battery dead..wont charge!!,7.18.1
Oura,google_play,us,e0f699a9-350a-4537-8e6b-a86ccb1da6fe,2026-07-02 18:58:29+00:00,2,,Update-palooza. What is up with the numerous updates this week??,7.19.2
Oura,google_play,us,f7a24f7d-f216-454b-b3be-2007e60a9e3b,2026-07-02 17:53:47+00:00,1,,the ring is expensive and to get the most out of it you have to pay a subscription if not the info you get from it is basically nothing. i have a galaxy watch that tells me all the same things and more and i don't have to pay for a subscription to get the information. DON'T BUY THIS RING!! IS ALL I CAN SAY.,7.19.2
Oura,google_play,us,c614b31b-f513-494d-8183-774092805310,2026-07-02 17:09:38+00:00,2,,"I'm getting an app update every few days at this point, and there is far more app lag, syncing issues, accuracy concerns, etc than I've ever had. For this many updates to be coming, either there should be no going backwards or at least specify what the update actually did, not ""we got just a little better"". No, in fact you keep getting just a little worse.",7.19.2
Oura,google_play,us,a8c42d04-64c2-4ed2-b949-ecd13689e2f7,2026-07-02 14:14:16+00:00,3,,"I have fallen out of love with my Oura. For years it worked great, but I've gone thru 2 Gen 4 rings in less than 2 hrs and about to start my 3rd but strongly thinking about switching. The battery life and tracking features just stopped working as well as they should. Im most certain it could be a malfunction with the ring but its a huge spend for it to not work, repeatedly. The tech side, I have had to ""updated my app every day for 4 days. Why?",7.19.1
Oura,google_play,us,38d610bc-a12b-43ae-b867-b3650c26c4e1,2026-07-02 14:08:48+00:00,2,,"Oura app requires an software update every single day. have been using the app for over a few months, its very frustrating and annoying that the app needs another new updates almost every single morning.",7.19.1
Oura,google_play,us,78f7649b-1e68-4cc9-a6d8-32540bc5ca31,2026-07-02 13:11:15+00:00,2,,Enough with the updates! I must have spent more time updating than getting data. literally FOUR updates in 7 days is insane,7.19.2
Oura,google_play,us,36cf9ccb-7d5a-497a-a83e-526468b33e2a,2026-07-02 12:09:19+00:00,2,,Why does this app need daily updates?,7.19.1
Oura,google_play,us,030cbcdf-a6cc-425c-b9d4-6fc5834caf3c,2026-07-02 11:54:42+00:00,1,,"Increasingly disappointing experience from Oura. This app went from the first thing I check in the AM, to an afterthought. Like everything else it has fallen prey to AI slop, & enshittification. The app is buggy requires daily SW updates just for it to function. All an effort to get one to upgrade. Even more sinister, current owners & subscribers aren't even offered a ""loyalty"" discount to stay with the brand on the new flagship. Meanwhile, others offer deals to switch.",7.19.1
Oura,google_play,us,d5a37662-5f3a-4857-a824-c33ef80833a7,2026-07-02 05:01:38+00:00,1,,Latest update bricked it,7.19.1
Oura,google_play,us,ce09761b-14ea-4e76-a965-725997b94117,2026-07-02 03:46:12+00:00,2,,"this app is mediocre. my first issue is that it has activities listed under weird names so they're hard to find. but my biggest issue is that usually when I go to add an activity because I wasn't wearing my ring for it (weight lifting, climbing, etc) the activity doesn't actually add. in fact a lot of times I'll add an activity and my active calories burned count will decrease. the app also doesn't sync well with strava. the ring is fine but not stylish or that comfortable.",7.19.1
Oura,google_play,us,f7c3a4ba-81ea-4a71-9cf0-2b667993828e,2026-07-02 01:26:08+00:00,5,,lots of helpful information and easy to use.,7.18.1
Oura,google_play,us,7f40d061-9ab2-4a88-88e9-ee358e8c9864,2026-07-01 23:48:58+00:00,3,,"Great when it syncs with Health Connect. I like to have my Peloton workouts sync with the app. Worked great through Health connect for awhile, but now its a fight and I have to rely on the ring to accurately record my activity. I tried resetting in the app, restarting my phone, and uninstalling and reinstalling. Stava syncs with Peloton fine. Even then the data is all over the place between the 3. Thats the feature I liked the most and may not renew the subscription if it doesnt get better.",7.19.1
Oura,google_play,us,6a2b07a4-5334-4461-86c3-2ed3dd427cb9,2026-07-01 23:32:54+00:00,1,,"I loved this device for the first year, but right after the warranty period, it completely broke down. The battery now degrades to empty in just a few hours. Worse, I constantly get a ""cannot connect to device"" error. Putting it on the charger doesn't fix the syncing issues, and it has stopped saving any of my data entirely. It's completely unacceptable to pay a monthly subscription fee for a premium product that fails this quickly. I am canceling my subscription",7.19.1
Oura,google_play,us,059d7890-57c2-4b6d-90d3-d1ad731188f0,2026-07-01 15:33:14+00:00,1,,"Update 4 months later: The Oura app’s activity suggestions need improvement. I keep getting “housework” suggested as an activity, while my husband never receives the same suggestion. That feels stereotypical and unnecessary. Activity detection should be neutral, accurate, and free from gendered assumptions. Outside of being proactive to look at my health stats, the app does not proactively educate me or give accurate activity suggestions.",7.19.1
Oura,google_play,us,b941b05b-3f7c-4ac7-9d4a-228b18d4c5bd,2026-07-01 15:28:01+00:00,2,,"updating the app feels like playing lottery. My thoughts every time are ""Did they fix everything or just make it even worse?"". also the most annoying part is lack of gym activities. such as 'treadmill"" or ""gym workout"" or something resembling gym.",
Oura,google_play,us,3c0e6eaf-74e5-4919-b9c9-67d1f86cafeb,2026-07-01 13:29:32+00:00,1,,"I loved this ring and the information. Since the Oura 5 came out, the Oura 4 app support is gone. the ring doesn't connect. I am going back to Fitbit. This level of frustration is pointless when you are trying to track wellness.",7.19.1
Oura,google_play,us,8aecb0e3-4867-4d8e-8e54-0fbbaf286da3,2026-07-01 10:13:52+00:00,2,,"The subscription is full price in EU, but the latest functionalities are missing from the app.",7.19.0
Oura,google_play,us,17797259-a6eb-485d-adfe-2cf6e1e91091,2026-07-01 03:41:25+00:00,2,,"Nap tracking/detection is terrible. it will find the same nap I took earlier in the day again when I open the app and if I accept the new one it adds hours of awake time to the end of the nap where I'm clearly moving around and not asleep. This needs to be fixed and there should be a way to edit the nap duration just like the regular sleep duration, this has been an oversight from the beginning. Don't assume your sleep tracking is perfect. Any sleep recording should be allowed to be corrected.",7.19.0
Oura,google_play,us,8a764626-a24f-4a35-8bda-b537cee339be,2026-06-30 18:32:38+00:00,4,,"Dear Oura Team, When sync-ing with Strava app, the map and HR info from Strava will not be synced to Oura app?",
Oura,google_play,us,45c473c5-0f3b-41b6-afec-e50d0fc7023a,2026-06-30 16:03:06+00:00,4,,"Works but sooo many updates. App is fine but I've never had an app that needs as many updates as this one - in the two months I've had the device and app, it usually needs 2-3 updates a week.",7.18.1
Oura,google_play,us,c1343f53-bef6-4d99-81bc-69a625d878cc,2026-06-30 14:31:08+00:00,5,,Using the ring has made me more aware of keeping regular sleep patterns and how they impact my life.,7.18.1
Oura,google_play,us,5554f040-f6f6-4932-b81b-035b4e032a1e,2026-06-30 13:59:14+00:00,5,,greta app for tracking your data,7.18.1
Oura,google_play,us,faa85a1f-f289-415d-aef9-835bab69e84e,2026-06-30 09:43:40+00:00,5,,"Love the app as it is now. I particularly like the Vitals section with very quick access to many important metrics, and I also love the Quick Actions menu. The accuracy if my logged walks is also way better. Thanks Ōura!",7.19.0
Oura,google_play,us,7ea3966a-1273-43e0-8fad-6275118916c9,2026-06-29 22:46:52+00:00,1,,"where is widget? i try to add widget there is NO widget Option for oura on android 12 phone . ring gen4 ,phone samsung note10plus ,oura apps 7.18.1 but there is no widget option to add at home screen.tried uninstall and reinstall also no available widget.",7.18.1
Oura,google_play,us,d8a16936-3e90-47a8-be87-079a0c197790,2026-06-29 13:01:36+00:00,1,,Disappointed that Oura doesn't count grams since I am trying to eat enough protein.,7.18.1
Oura,google_play,us,143c263e-866c-4578-866c-035dcdc29d51,2026-06-28 19:17:07+00:00,1,,contant glitches and lost data,7.18.1
Oura,google_play,us,e9b79150-5c27-4a75-9e57-c50ea25c3d7e,2026-06-28 06:30:33+00:00,1,,Oura let me know it had been one year since I started using it... and then immediately started malfunctioning while also trying to sell me a new model. It's only tracking my sleep one or two nights a week despite charging it before bed. Bad form. Clearly this is planned obsolescence. I will never buy another one.,7.18.1
Oura,google_play,us,7ab4c5df-4727-451e-8c07-3b11f1ea9389,2026-06-27 22:29:36+00:00,1,,Since the recent update my gen 3 Ring doesn't connect anymore for prolonged time and I am asked to switch Bluetooth on and put my device in the charger but I did all that and it doesn't help.,7.18.1
Oura,google_play,us,7855376c-4172-42f4-93d9-e92870921bb2,2026-06-27 21:24:06+00:00,4,,"The device and app are very helpful in monitoring, managing (and facilitating positive changes of) the daily routines - sleep, physical activity, stress exposure. The distance measurements are less precise - in absence of the GPS tracker, more refined methods are required to translate the number of steps (which is measured correctly) into the distance. Also, sleep tracking is probably on the optimistic side, some quiet time it takes for sleep/nap - but allows correcting it. Overall, no regrets!",7.18.1
Oura,google_play,us,30fd9b7d-9e70-409b-b6ab-a404c87fa1b9,2026-06-27 19:55:56+00:00,3,,Would have been 5/5 if not for missing sleep and temperature data happening after the latest updates early June.,7.18.1
Oura,google_play,us,240e9a61-2288-48fc-8ca9-ec533a5a78f0,2026-06-27 19:38:39+00:00,3,,I bought this hoping it would track sleep better than the hume band. I was wrong. i'm wearing both and i'm very disappointed in oura. And please please please add a going to bed and waking up button!!!!!!! it is beyond comprehension why you are leaving that feature out while giving really poor results of tracking. This feature is a no brainer. Please do the right thing and add it immediately before your competitors do. At the very least let me adjust the time to add sleep instead of just remove.,7.18.1
Oura,google_play,us,daa4e278-1856-4735-975b-970263889b5d,2026-06-27 16:59:29+00:00,1,,"Keeps asking for location permission when starting walking activity. I have refused that permission repeatedly, it should not prompt again. Heart rate when walking fails to record since last update. No obvious opt-out for unwanted AI features. Can't disable Headspace suggestions. Help section and customer support replaced by AI chatbot. Basic bugs to core features not fixed, some open for over a year.",7.18.1
Oura,google_play,us,52a70371-20a8-45b5-a5bc-f79826da145e,2026-06-27 03:19:46+00:00,4,,love all the info.,7.18.1
Oura,google_play,us,8da079dc-e3b5-465d-9f52-047f514aa605,2026-06-26 19:05:17+00:00,5,,please add feature to add undettected naps,4.10.5
Oura,google_play,us,55a35981-d296-4488-b75b-8d92ab62c449,2026-06-26 17:33:16+00:00,3,,Great for some things. Not so great for others.,7.18.1
Oura,google_play,us,512e8aaf-f4fa-4538-ab2b-c594ebc081d1,2026-06-26 10:19:25+00:00,2,,"Hard to navigate, hard to find specific metrics and their trends. Metric might not be where you think it should be, or tapping it might not show trend of it but a wall of text instead. The UX and discoverability has clearly not been a priority when designing the app.",7.18.1
Oura,google_play,us,1320fcf4-eca4-483b-9030-6229ba95ea8c,2026-06-26 09:50:30+00:00,1,,scummy company keeps charging their monthly subscription fee even after you stop using the ring/app,7.18.1
Oura,google_play,us,931ee018-75b1-4f43-aa84-75c523a23ea3,2026-06-25 20:56:46+00:00,3,,After 1 year and 2 weeks (renewed my subscription 2 weeks ago) I now need to re-sync my ring to the app every day by turning off/on blue tooth and putting the ring on the charger. I also now need to charge every 2 days. Really annoying and im dubious that its happened so quickly after my renewal. Sort this out Oura!,7.18.1
Oura,google_play,us,4a59ac2a-a64f-4caf-9076-6f29ab799023,2026-06-25 01:27:42+00:00,5,,I'm on my third ring! Love this so much and I love all of the new updates.,7.18.1
Oura,google_play,us,34fb132b-72bc-46dd-8b09-4125a31a7e46,2026-06-24 16:25:56+00:00,1,,Not helpful or worth paying for.,7.12.1
Oura,google_play,us,f326006b-d9c5-46f2-a460-5fc5e4dc6b1b,2026-06-24 14:45:33+00:00,2,,The app needs to update multiple times a week and it's very annoying.,7.18.1
Oura,google_play,us,225cb64f-6679-4471-8933-10edaac6ed80,2026-06-24 14:26:08+00:00,2,,takes forever to update information,7.18.1
Oura,google_play,us,4a97eda0-4747-428d-b0e4-21e73f0382d7,2026-06-23 23:54:44+00:00,4,,longer battery life needed,7.18.1
Oura,google_play,us,20e1c160-f623-47dd-84bc-71d5bd9948ff,2026-06-23 23:50:49+00:00,3,,"They seem to have fixed the bug that was causing activities to not log HR. Still want the ability to view the ring's battery performance, and not having the ability to sync with myfitnesspal is odd.",7.18.1
Oura,google_play,us,3d8fd24b-abc2-49a5-9d9d-d48f6e1393b2,2026-06-23 14:17:23+00:00,4,,Good device for price,7.18.1
Oura,google_play,us,063a0c56-0974-4f02-887d-fc648f794bae,2026-06-23 14:16:32+00:00,5,,Seems the developers have improved the heart rate recording functionality. The app works great now and sleep tracking insights are great.,7.18.1
Oura,google_play,us,3cea7248-eb35-4d6a-9f2d-1b37a91a84a7,2026-06-23 12:24:23+00:00,3,,"update June 23, 2026 This app had a 5 star review from me but I'm dropping it down to 3. It's so slow. I have to wait minutes for it to load and if I tap anywhere else, it takes minutes to load again. it's becoming an unusable app. ---- I've had oura ring for 3 years and I love it. The app is great and I love that the developers take time to add new features like research and data geared for women. I check the app everyday. Some thing I'd like to see is being able to add previous day activity.",7.18.1
Oura,google_play,us,3c96ddd6-b43d-483c-a31d-54e81e1055c7,2026-06-23 05:31:22+00:00,5,,"ive used an oura ring 4 over 7 yrs and i still love mine, the next purchase will be the ceramic pink.. I will always have an oura ring big fan..",7.18.1
Oura,google_play,us,df765b76-8bdc-42f2-8d65-9764b5bbeea9,2026-06-22 16:31:25+00:00,1,,"Unguided meditation is basically not functional, ring data syncs to app maybe 50 % of the time after the meditation is over and when it does sync the hrv is clearly wrong (says it's flat the entire time of the session) this used to work, not sure when it stopped working but it is quite frustrating.",7.18.1
Oura,google_play,us,7548343b-354b-4fe6-874c-36bbbf6ec1e3,2026-06-22 13:49:50+00:00,1,,"latest update is horrible, constantly crashing, not syncing, refusing to open, making my phone reboot. this is waaay to expensive to deal with these problems.",7.18.1
Oura,google_play,us,1ff221c8-b65c-4fce-bf40-89c2dbe6b5f3,2026-06-22 09:13:19+00:00,5,,such an awesome investment,7.18.1
Oura,google_play,us,c25540eb-7735-40db-bb08-17a9290106de,2026-06-22 04:06:56+00:00,1,,doesn't read blood oxyen levels half the time...rather expensive for not working property,7.18.1
Oura,google_play,us,1c4267cf-8233-4c11-afed-8a6ce4504fbb,2026-06-21 15:40:09+00:00,1,,"Paywalling your own body's data. Data delayed is data denied. Buying the Oura Gen 4 was a massive mistake. The ring caches your data on the device, but the app blocks you from viewing it unless you pay a monthly fee. They even restrict the feature that transfers your data to Google Fit. When you try to exercise your legal right to export your raw tracking data, they artificially flag it as ""pending"" and delay it for up to 10 days to frustrate you into subscribing. Data delayed is data denied.",
Oura,google_play,us,2f9ceb02-eeb8-443a-a654-4b672240e940,2026-06-21 12:28:09+00:00,3,,"I am finding that the app is no longer tracking my meditation sessions correctly. It is either failing to sync or syncing and then telling me I was having a nap. When it does sync, the heart rate and HRV data is inaccurate with the meditation session noting my lowest heart rate as 60 for example when the app then tells me my heart rate was 53 in the last few minutes. Often the heart rate data and HRV are just appearing as a straight line at whatever rates I started at.",7.18.1
Oura,google_play,us,3514decd-e10f-4bc5-9701-8683d8f78668,2026-06-21 11:40:10+00:00,1,,used to be better. now it requires reboot of phone every few hours to work.,7.18.1
Oura,google_play,us,de6ab853-03a4-4a9d-a0f7-90d4b0c0af58,2026-06-21 07:15:49+00:00,3,,"rings scratch easily, battery life isnt great, subscription isnt cheap, metrics are ok.",7.18.1
Oura,google_play,us,8830b2d5-5a91-454b-8101-789113df0747,2026-06-21 02:17:57+00:00,2,,this app has been absolute garbage over the past year. I've had ouras for the past 3 or so years and since they've grown the interface has gotten worse instead of better. every single night I have to delete the ring from my Bluetooth and reconnect it because it won't recognize my ring. crazy problem to have when I have to pay a subscription fee to use the app. I will not be purchasing another ring once this one dies.,7.18.1
Oura,google_play,us,4916aa04-4dfa-44b2-a6ea-8d1ee0d34b41,2026-06-21 00:31:23+00:00,2,,Worked great until this last update. Now the activity tracking doesn't work at all. GPS is totally screwed up and won't read even when GPS is on and permissions are on. The overall activity tracker is not picking up any pulse from the ring.,7.18.1
Oura,google_play,us,8c580e3f-ed15-4f3e-9b6c-56bf88d2748a,2026-06-21 00:23:16+00:00,4,,"On first update for the day, after the sleep data and analysis is populated, the app is unresponsive or very slow and sometimes crashes. This has persisted over years and devices. Otherwise, everything is excellent.",7.18.1
Oura,google_play,us,f774e2b6-fffc-457c-bf63-2e89078aa8f5,2026-06-20 20:44:14+00:00,2,,"Since the last update it sticks at ""waiting for sleep data."" (The two-star isn't just for that. Will get there soon. 🤞)",7.18.1
Oura,google_play,us,048f3bb0-42d6-4c51-be75-dda1a3599ec3,2026-06-20 16:03:47+00:00,1,,"Another useless EXPENSIVE $$$ device that collects your data, sells it and wants you to pay a subscription in order to see your data. Ultimately you know when you slept well, what messes with your sleep and you don't need this gadget to track your physical activity neither. I can't believe I got sucked into this garbage of service! BUYER BE AWARE!",7.18.1
Oura,google_play,us,ef49cf1f-a6c5-49f1-b77f-de8d1cea7f16,2026-06-20 13:45:31+00:00,5,,I just love the way this ring makes me to focus on my health.,7.18.1
Oura,google_play,us,265bc5ab-46c7-49b2-ad08-e0e0e298c89e,2026-06-20 02:21:01+00:00,5,,so much better than fitbit!,7.18.1
Oura,google_play,us,45d9243a-da3b-4645-a962-50a05b0290e7,2026-06-20 01:08:25+00:00,1,,"I bought my device about a year ago. It was working great. I really loved the insights and all the information that it provided. However, over the past month or so, the device has really become problematic. I don't know if it was a software update, or if it was something with the actual ring itself. It is no longer functioning like it should—sync issues, poor battery life, missing data. I'm very disappointed in the product.",7.18.1
Oura,google_play,us,9ec30123-540c-4c8e-9aae-d1d29e59264e,2026-06-19 20:55:36+00:00,4,,All around great except a couple of updates have resulted in crashes for a few days until an update fixes the issue. So overall I think it is great!,7.18.1
Oura,google_play,us,04a7851e-1b67-4977-85b1-bbf5f5539972,2026-06-19 16:20:27+00:00,1,,"not good very bad, can't get icon to download",7.18.1
Oura,google_play,us,0890fdf1-f9ba-4342-af4c-ae4bf9c44605,2026-06-19 13:57:48+00:00,3,,"a few adjustments need to be made where if you are adding cycle information prior to getting ring, then it should be editable. currently I cannot edit anything even though I did a complete data reset. there should be an option for remove selected because when I go to the date, I select and I select and it changes my cycle day. the oura ring app will provide incorrect information otherwise.",7.18.1
Oura,google_play,us,ce683d77-b48b-4d20-b503-683019dfd129,2026-06-19 01:21:02+00:00,5,,Still 5 stars now 2 years later. I love my ring and it's very beneficial to be able to see how lifestyle tweaks affect my sleep and overall health. The app is easy to navigate and the Öura customer service team is always very responsive to questions. Get one! ***Update after 2 more years. Please make naps able to be manually adjusted! The app detected that I woke up an hour before I actually did.,7.18.1
Oura,google_play,us,ec6a6e73-9140-40f8-add8-7f6e53555826,2026-06-18 15:32:43+00:00,2,,app is horribly slow. almost unusable,7.18.1
Oura,google_play,us,21afe514-c9a2-4ea4-ad87-5ff8fc8d2206,2026-06-18 14:06:27+00:00,2,,"App is sooo ridiculously slow in these past few months. Ring connection issues and problems downloading sleep data are also prevalent lately. I've gotten used to the latest UX, but it's still quite confusing and over-designed. I've been with Oura for over 6 years but the regressions have me thinking about bailing for something else for the first time.",7.18.1
Oura,google_play,us,02c9fd42-3cf7-4e87-958b-f9f92bf3227d,2026-06-18 13:37:11+00:00,5,,Oura ring 5 is a great leap on comfort and everyday wearability. The app itself remains amazing and finds the right balance between motivating you without stressing you. Good job!,7.18.1
Oura,google_play,us,8325c244-b2dc-42b8-9cc9-ccdc56f6e7ec,2026-06-18 13:06:53+00:00,1,,"I have loved having an Oura ring and feel it's essential, but with the latest update the app is now always disconnecting my ring and then asking me to set it up but won't. This is very frustrating.",7.18.1
Oura,google_play,us,0669a2f7-325f-4c36-90e6-189fe441f7ec,2026-06-18 12:37:10+00:00,1,,"Have been a user for years. MONTHS ago, without any changes on my end, the app stopped recording heart rate / HRV at night. With some app updates, it would work but then they'd push another update and it'd stop working. This latest update is the worst, however. Now it's not even recording sleep or body temp and it ignores prior sleep data since there's no readiness score saved. I've tried everything, including different phone, different ring, etc.",
Oura,google_play,us,621f3c54-4720-45ba-be9e-d471eb094aee,2026-06-18 12:23:13+00:00,2,,update prompt keeps repeating update pressed but ring never updates,7.16.0
Oura,google_play,us,13d01d50-2116-487e-a250-1a2f6a24f59a,2026-06-18 05:32:45+00:00,4,,wonky UI Zepp is better,7.18.1
Oura,google_play,us,5af6cc81-beaf-40d4-8224-e7a9a812609f,2026-06-18 03:20:07+00:00,1,,"6th Review--latest update (mid-June 2026) this marks the 2nd time in 2026 I've had to uninstall the Oura app entirely. This time, the app CANNOT find the ring: not on the charger, off the charger, on my finger, off my finger. It lost connection in my kitchen 30 minutes ago--I was all of 7? 8? feet away from the router, but admittedly, I was on the other side of 1 whole wall. Oura also wants me to shell out another £500+ for their newest gen ring; WHY would I do that? FIX THIS ONE and I might.",7.18.1
Oura,google_play,us,eb101e6d-9b71-472e-923e-ba9b8f618568,2026-06-18 00:22:08+00:00,5,,Oura 5 works great with this app,7.18.1
Oura,google_play,us,2eda0339-c94a-482b-8270-995705e3364c,2026-06-17 20:35:57+00:00,1,,garbage ring doesnt connect. waste of $500 🤣🤣🤣,7.18.1
Oura,google_play,us,201d2d86-e786-4057-8265-8c5ac986b197,2026-06-17 15:33:36+00:00,2,,I've had this ring for less than a year and have many problems with it. one of my family members also has the ring and has experienced many of the same problems. mine disconnects from the app regardless of the charge. the only way to reconnect is to put it in the charger. when I go for a walk after it again loses connection. It now will barely hold a charge for more than a day. My family member has had the ring only a little longer than a year and it won't charge at all. I cannot recommend it.,7.18.1
Oura,google_play,us,1e48ec05-e8d4-4013-846e-5fe862ece56b,2026-06-17 11:58:48+00:00,2,,"I'm not sure what is going on. I downloaded the newest update and had to reconnect my ring...okay fine, but it wouldn't reconnect. Had to uninstall and reinstall, and then delete my ring off my Bluetooth to get the app to recognize my ring. Now it's saying my sleep score is 50 and that I didn't go to bed until midnight when I was in bed and as sleep by 9:45. I don't know what is going on, but if this is a way to phase out the 3, would of been nice to know sooner rather than later.",7.18.1
Oura,google_play,us,ac20c695-0457-4b69-bc54-c2ab8fcc3f9d,2026-06-17 08:39:10+00:00,2,,Works but drains mobile phones battery very quickly,7.18.1
Oura,google_play,us,bd3d5253-4442-45e9-91df-7e51a1d82bfa,2026-06-17 07:08:26+00:00,3,,Great for physiology but not allingning the real exercises,7.18.1
Oura,google_play,us,07c791f9-c79f-4e72-abe6-0694386a63ab,2026-06-17 05:16:42+00:00,5,,"Great! I like everything about this app, but I especially love how it tells me when I'm starting to get sick. it's pretty cool.",7.17.1
Oura,google_play,us,00d8942a-3b2e-428e-9923-14ae887731b6,2026-06-16 21:48:30+00:00,4,,"Previous review was 3 stars: ""Graphs and AI assistent are useful. App runs very slow, however. Often have to wait 3+ minutes to open the activity tagging feature. Had this issue on two different devices so the problem isn't my hardware."" Updating to 4 stars as some of these issues have improved. Customer service is very quick and helpful too.",7.18.1
Oura,google_play,us,e5bf2a51-7133-4aaa-ba8e-754a59920767,2026-06-16 12:20:32+00:00,4,,"In my health tab, it says not enough data in my stress management. I've had this ring over a year. please fix. & It would be great if my tags could be searched and filtered to see the dates I tag things. currently have to swipe thru all the days to look for the tags and can't see a timeline of when I tag things. also if I nap, it breaks up sleep data which I don't like.",7.18.0
Oura,google_play,us,ed576565-a07a-419a-b2c3-6ce86ea16a45,2026-06-16 11:54:14+00:00,3,,ux could use some updating. Adding tags and updating calendar events such as cycle and symptom tracking is frustrating so I hardly use it but it would be nice to use. I'm not sure why I can't go back to easily update several days at a time or access to edit or add information from each of the data viewing pages. I wish the period and symptom tracker/tags worked more like the Clue app bc I'll only use one or the other. I'm not paying to integrate two paid apps. that's ridiculous.,7.18.0
Oura,google_play,us,41d6669c-3584-4c09-8508-ebe423fd96f2,2026-06-16 10:02:32+00:00,5,,"a lot of people say it isnt worth it, but I disagree. I have been able to actively manage my stress and rest. and also I noticed i was pregnant from my metrics before a positive pregnancy test! when I have a lower readiness score it lowers your calorie burn to around 200 calories which is amazing for someone like me who struggled with overexercsing.",7.18.0
Oura,google_play,us,5f208fff-4514-4e84-859f-554375995f56,2026-06-16 08:06:36+00:00,4,,Hello everyone from Oura. Please add Ukrainian language to app.,7.17.1
Oura,google_play,us,4a7423dd-71a0-499f-bdcf-b3b5d4761e02,2026-06-16 02:29:45+00:00,1,,Getting slower and less usable with every update. Borderline unusable—looking for alternative rings.,7.18.0
Oura,google_play,us,d87cdc9b-a085-405e-8641-c7a102aee4f4,2026-06-15 23:22:52+00:00,1,,"BAD!! 1. About 6 months in the ring's battery dies after a day (instead of the usual, charge every 5 days). The first time this happened I contacted support and got a new ring, 6 months later it happened to the replacement ring. 2. Does not collect data consistently. Every so often the ring and app stop syncing and need to be reconnected. I am using this for birth control purposes (with natural cycles) to not forget to record my temperature every morning. This ring forgets to record it for me.",7.18.0
Oura,google_play,us,db0af7b3-f2dd-476f-bfd1-1a019302a53a,2026-06-15 19:23:01+00:00,5,,The Oura ring and the Oura ring app are wonderful! I'm very impressed with how accurate it is.,7.18.0
Oura,google_play,us,55ffdede-5ee9-485c-89a4-72101431246a,2026-06-15 16:49:42+00:00,5,,great app has helped with sleep health and just tracking my healthy and unhealthy activities and being able to see how they affect my overall health has been a game changer,7.17.1
Oura,google_play,us,b7cc4fb3-1c24-49b0-b937-fb022d494452,2026-06-15 16:12:11+00:00,5,,love!,7.17.1
Oura,google_play,us,2e5c8b90-96c7-4335-b32c-90646275507f,2026-06-15 14:46:14+00:00,3,,"the updates are faster now, though still quite frequent w/o noticeable UX improvements. tagging is still loathsome. Web ui is worthless and not user friendly. yes some functions are nice, basic metrics are enough. subscribed back in 2023. edit from 1 to 3 stars, I can absolutely see the work done and appreciate it but it's really slow and incremental",7.18.0
Oura,google_play,us,b755d21a-9ec4-480e-838b-0692f04fb2d7,2026-06-14 19:33:19+00:00,4,,I like this ring. I am on a chemo pill and the ring knows when I'm having an off day.,7.17.1
Oura,google_play,us,e019c96b-9ab7-4dda-b8e0-fd436fb9bd34,2026-06-14 16:28:43+00:00,1,,Awful hardware on these rings paired with the app and customer service that follows right behind. I've had 3 rings now that need replacements. Can I get something that works?,7.17.1
Oura,google_play,us,6634d58a-11c1-4995-b855-dc6fef787bc4,2026-06-14 13:36:42+00:00,5,,"I have Dysautonomia so tracking my health data is vital. I linked it to my RTHM account which has been huge. I do like that it's starting to see my chronic challenges & balances my activity goals accordingly. I'm working with about 2 months of data & can anticipate it to keep dialing in. I don't appreciate the judgy nature of logging meals. Obviously I know ice cream is not an ideal snack, but it's June & free from my office & I don't want to be told to eat Greek yogurt w berries instead.",7.17.1
Oura,google_play,us,87dd29e8-49be-419b-bb0b-fedeaeee5cd5,2026-06-14 08:45:34+00:00,3,,"Overall, decent, but some big gaps in effectiveness around meal, sleep and readiness tracking. Like when someone has an occasional piece of candy or a 58g serving of ice cream and that tanks the nutritional value for an entire meal, or it can classify partial sleep as a nap, and there is no way to effectively edit it. The contradictory metrics are also a bit problematic (like that someone can get 3h sleep a night for 4 days but always be at a readiness in the 70s).",7.17.1
Oura,google_play,us,7bc63c5d-ccc7-4994-90f0-885b644e9264,2026-06-14 02:09:34+00:00,5,,"Overall great and easy to use app. However, it could use the option to invert your day, that way us overnight workers could get a better user platform, and not be told it's bedtime during the middle of our ""day.""",7.17.1
Oura,google_play,us,0a63e196-4970-43d0-95d9-52ae79aefe72,2026-06-13 17:13:59+00:00,4,,Love everything except the weekly desyncs that lose a night of sleep data and can only be fixed by placing the ring on the charger. I have the latest app and firmware. Just a mild annoyance for an otherwise great experience.,7.17.1
Oura,google_play,us,ba52f8ec-6979-49a9-abfc-4e34277105fe,2026-06-13 16:17:45+00:00,5,,I really like the information provided by the Oura ring. it challenges me to do better.,7.17.1
Oura,google_play,us,da4ada34-decf-4696-abe0-f037d98e2764,2026-06-13 14:55:11+00:00,5,,love it,7.17.1
Oura,google_play,us,ef7f5ae6-efa9-4ada-a3c7-3cfc8b9f0545,2026-06-13 14:32:56+00:00,1,,"I've been an Oura user for about 6 months and went from iOS to Android. I never had one issue on iOS but this android version is horrible. It's glitchy, causes my ring to unsync every other day, and is not syncing correctly. Oura support says the ring is fine and its an app issue. This has ruined my entire experience with Oura. Why have a biometric ring when you can't rely on the data solely because of the associated app?",7.17.1
Oura,google_play,us,7789f080-9bc0-445a-a0c4-935d972266d6,2026-06-13 13:46:37+00:00,2,,"The latest app update has a bug where the homescreen keeps reloading, so you are in the middle of looking at something and it reloads and then goes back to the top of the screen. This interrupts what you are looking at and makes you keep having to scroll to where you were previously. This would be ok if it happened once, but it keeps happening every few seconds in succession, making the home/today screen useless. Please fix this!",7.17.1
Oura,google_play,us,e8d005de-660b-4755-9f35-69d5cb1d4f72,2026-06-13 05:26:31+00:00,1,,"I'm a night shifter work that sleeps between 12pm-8pm. The Oura Ring/App tracks a 24hr cycle from 6pm to 6pm. Due to me waking up after 6pm, it counts my sleep for tomorrow, instead of today. And there is no way for me to view/access my sleep information until the next day. 1 of the main reasons I Bought the ring and paid for the subscription. The ring 5 is 400-500$ with a monthly subscription and has no way of setting a night worker option after 5 iterations is a massive oversight. Frustrating.",
Oura,google_play,us,59af2db0-25f8-45c0-95db-095a13bf1750,2026-06-13 05:01:09+00:00,5,,This is something good if you really want a silent watcher for your health.,7.17.1
Oura,google_play,us,3bed5d35-c110-49a1-833a-56a9581e8629,2026-06-13 03:00:14+00:00,1,,"After about one year of use, I’m dropping the subscription and walking away. Superfluous design, cramped information, no consistency in how data is presented, and readings that rarely match my actual bodily state. One of the latest updates caused the ring to complain almost every 24 hours that the battery was being depleted. Eventually, the ring stopped working altogether. No spare time to go through troubleshooting or talking to bots. Failure and waste of hope and money in so many ways.",7.17.1
Oura,google_play,us,efa61197-0855-4b30-a431-46d902e5f730,2026-06-12 19:08:00+00:00,4,,Wish it tracked running by pace/cadence. indoor running does not track pace and distance because it only does it with GPS.,7.17.1
Oura,google_play,us,ae1a4c72-7174-4f4c-8c61-a83eceb4121d,2026-06-12 16:46:29+00:00,1,,this worked good for the first 2 months then they released the new version of the app for the new ring. Now my data is not syncing,7.17.1
Oura,google_play,us,05d37212-1648-44ab-9629-85265ac04a4d,2026-06-12 13:06:44+00:00,3,,"Ring power-level suddenly disappears, the system assumes I'm asleep when I'm not. For the price, it's not good enough.",7.17.1
Oura,google_play,us,30b5257e-e813-4c09-92c1-c834cdaba282,2026-06-12 05:30:08+00:00,5,,"Good app. For the past 2 or so weeks it stopped registering my naps, idk why. It would also be nice to see my latest activities when I press record workout hr instead of always having to search",7.17.1
Oura,google_play,us,6fc47bfd-a0f0-441d-a6c6-9fbbfa2ccc84,2026-06-11 21:56:05+00:00,5,,Love my ring and this app!,7.17.1
Oura,google_play,us,72d8b1ab-d902-4517-ade1-cb757487caa7,2026-06-11 20:28:46+00:00,1,,Newest update won't track workout heart rate for the last 2 weeks. This app is regressing.,7.17.1
Oura,google_play,us,adaeb031-2a9a-43ad-8f65-63d4d4a58c31,2026-06-11 15:39:25+00:00,1,,"Meditation sessions no longer sync. I spoke with 2 different employees in the chat and neither could resolve the issue over 2 days. I was speaking with one of them and they said to take my time with checking settings and resetting things and when I returned they closed the chat on me... Also, why did you remove the open ended unguided session option? What if I want to meditate for more than 1 hour?",7.17.1
Oura,google_play,us,9e2e800a-ce3c-4e19-bd46-ddc1cb5a3ab8,2026-06-11 02:00:58+00:00,2,,"after a good start, less than a year, ring started to misbehave. unable to sync unless ring is placed into charger. app frequently shows ring in amber (batt low). worn on same non-dominant hand as my Fitbit but perpetually way lower step count, as much as 2500 steps less!",7.17.1
Oura,google_play,us,32cf512f-26a0-41ea-9faf-b74c32db7725,2026-06-10 13:49:47+00:00,3,,Satisfactory. Reminder to self: do not purchase another membership cycle of this app,
Oura,google_play,us,e75e6991-5973-42bb-b2fc-366f8e376e6b,2026-06-10 01:49:23+00:00,1,,"there should be a class action lawsuit against this company. the product is incomplete, buggy, inconsistent, all under the guise of ""premium subscription fees"". Garmin is LEAGUES better without putting what's widely available as a service behind a pay wall.",7.17.1
Oura,google_play,us,bd18e148-e3a5-4184-a874-a12647657eaf,2026-06-09 14:55:04+00:00,1,,Lately sleep score has just been a '-' and nothing else. Recent app changes have been awful. I wear the ring the same as before and it'd work. It's gotta be the recent app updates breaking it and making it useless. And of course with the new ring coming out basically every night has been a '-' to try and force me to update to the new ring. I've had this ring for not even a year and it's gone unreliable,7.16.0
Oura,google_play,us,3412ddef-976e-4a73-9541-21045720cdb9,2026-06-09 14:30:21+00:00,5,,"EDIT: 5 stars now, thank you for introducing the widgets! ORIGINAL REVIEW: Love everything about this app and the experience, but can't give anything more than 3 stars until we get feature parity with iOS. Please give us widgets!",7.16.0
Oura,google_play,us,4be0d8b7-5d95-4321-836b-d097e71a5503,2026-06-08 17:02:23+00:00,1,,Ring Wont Sync,
Oura,google_play,us,36a65ce2-10b2-4155-8f9d-84455158bcf1,2026-06-08 11:59:27+00:00,1,,I had a Gen 2 connected for years. Yesterday they disconnected my account. I went to re-add my ring and they said only Gen FOUR rings can be added. This is ridiculous. They just want to force customers on to their ridiculous monthly subscription plan. I will never buy Oura again after they bricked my device that worked perfectly fine.,
Oura,google_play,us,f21ca8a4-ab61-458d-818f-f4e1c25636dd,2026-06-08 08:41:16+00:00,2,,"I switched from IOS to Pixel, The app was so smooth on the iPhone but on Android it is lagging, please update the app with Google material 3 expressive",7.16.0
Oura,google_play,us,6a49442b-d019-42e7-b532-c1d47442a0d7,2026-06-08 07:08:51+00:00,4,,"Pretty, pretty please include calories in meal logging! Currently, I need to log meals in two places...",7.16.0
Oura,google_play,us,50ee614a-dd46-468b-89f3-8d832418eb21,2026-06-07 17:13:08+00:00,3,,Since the last update 5 days ago the ring is no longer recording my heart rate during exercise and continues to say low or no signal. This never happened before the last update.,7.16.0
Oura,google_play,us,66e8e22a-6829-49a7-b189-5e8e03186d0c,2026-06-07 16:59:03+00:00,3,,The app was working beautifully but now app of a sudden my heart rate is not associated with my workouts when I manually start the hr tracking. I can see my tracked heart rate in the hr tab though so the ring is working. They messed something up.,7.16.0
Oura,google_play,us,ecbf13b1-b9e3-4fa8-ba26-a882dd6224fc,2026-06-07 15:38:02+00:00,1,,App keeps crashing since last update. Doesn't even open!!,7.16.0
Oura,google_play,us,9d343417-759f-4d15-aedf-8f41dca503ab,2026-06-07 13:46:56+00:00,5,,"my ring stopped working but the support process was so quick and easy. I work with AI for a living and this is hands down the best AI support chat experience I've ever had. maybe 4 clicks, ring diagnosed, and new one on the way. thank you!",7.16.0
Oura,google_play,us,67c24242-3631-44b4-8571-84b4eb6fa876,2026-06-07 10:48:47+00:00,4,,"The ring is cool, and it has helped me change some habits. But the app has been loading too slowly after the recent updates—even after a minute, I still don’t see any information.",7.16.0
Oura,google_play,us,fb54f48c-9b4c-49d1-8e38-19291e1b268e,2026-06-07 03:10:13+00:00,1,,doesn't work in majority of the countries.,7.16.0
Oura,google_play,us,0f2e6381-0620-4cb4-80e6-fa6a2eb2a3f6,2026-06-06 14:30:30+00:00,4,,When it is working- so many great insights. Then - for no reason it stops working and there are NO insights. disappointing.,7.16.0
Oura,google_play,us,905fbd74-e310-4701-ae80-4d6588a6bda9,2026-06-06 12:45:25+00:00,3,,latest update and readiness and sleep stopped recording. next update corrected the issue.,7.16.0
Oura,google_play,us,fa5e93bc-669e-4a1c-af75-85406ff7a428,2026-06-06 10:55:46+00:00,1,,"Poor connectivity with Oura ring, and loses the ability to sync. You have to keep deleting the app and reinstalling it to get it working again.",7.16.0
Oura,google_play,us,71e1404d-15b8-4b21-8189-fbab6cd03493,2026-06-06 10:27:57+00:00,5,,I love my Oura ring and love the app. I have used the information provided to change dome habits and made my life better. Highly recommend it!,7.16.0
Oura,google_play,us,064670a7-bb5b-4527-8d15-47cb3e9e90c3,2026-06-06 09:22:17+00:00,5,,amazing device in all forms,7.16.0
Oura,google_play,us,e1409a61-28d4-428b-9dc4-ef0f1684c160,2026-06-06 07:48:59+00:00,3,,"update broke down operation, beware when updating",7.16.0
Oura,google_play,us,986f370d-891f-448b-93f5-5e7d3407245c,2026-06-06 03:03:43+00:00,1,,"doesn't record workout heart rate with most current update. I don't pay a subscription fee every month to not have access to all my features! Oura says this is a ""known issue"" if so, why hasn't it been fixed for over a week? and why am I being charged money for a malfunctioning app?",7.16.0
Oura,google_play,us,74604660-c6b7-435a-9661-00c7fca8aa01,2026-06-06 02:23:55+00:00,3,,"Not really working for night shift people. The app could use a polish, especially the activities available.",7.16.0
Oura,google_play,us,a4e99364-9ffc-4f74-b933-bee43745c767,2026-06-05 20:58:57+00:00,1,,Editing down to 1 star. Gets worse with each update. There hasn't been a single time where I've recorded an activity and it's successfully syncd right away. I have to close the first window in the activities ive recorded and somehow theres the exact same wondow behind it where I can complete activities. Now I have to enable location services ALL THE TIME to record an activity?! I suggest looking at Samsungs ring,7.16.0
Oura,google_play,us,cbea522a-d79a-4cf9-8940-071509b6b308,2026-06-05 16:59:09+00:00,2,,"The app is busy and unintuitive. The way the data is presented makes opening the app a chore. The design of the graphs make them borderline useless. I only ever care about 4 or so metrics so I shouldn't be bombarded with all this info I dont care about or need. The ring itself is excellent, and I wear it daily, but man, I really hate the app.",7.16.0
Oura,google_play,us,bc525296-4e0b-42f7-80b5-7e574b253877,2026-06-05 16:12:21+00:00,1,,"since newest update, heart rate isn't tracked during activity. I'm clearly not the only one having this issue. please fix asap. we already have to pay for this subscription, it should work properly.",7.16.0
Oura,google_play,us,e56bb5d2-bea3-4cfc-a78d-0e7d9d9c2f59,2026-06-05 15:30:56+00:00,2,,"Worst sign-up experience. Oura app continues to get stuck in a loop of enter email, create account, pay. But it doesn't work. Start over. Rinse & repeat. It's a known issue/glitch. You think with how much these cost and the fact you can ONLY use the ring with a paid subscription, they would put some effort into the UX/UI design. The generic AI responses to these reviews is very discouraging. Oura seems too busy with the Oura 5 release to care about ensuring their app actually works correctly.",7.16.0
Oura,google_play,us,f55eccea-c426-41f8-84c8-a5d13743ee28,2026-06-05 12:14:47+00:00,3,,the ring has stopped detecting my heart rate during workouts.,7.16.0
Oura,google_play,us,8fd10cd7-e41a-4cff-8979-db7ead2460f5,2026-06-05 00:00:02+00:00,4,,Works great accurate,7.16.0
Oura,google_play,us,38145219-4847-43e1-b74d-eedc6b21b633,2026-06-04 17:02:39+00:00,5,,"I love my Oura Ring! I was an early adopter. I am amazed how beautifully it is evolving. It helps me move, it helps me know when to slow down, how to sleep better, and more. I wish everyone could have an Oura Ring.",7.16.0
Oura,google_play,us,28a78556-a0a3-46c7-95f3-430d2b11e740,2026-06-04 08:29:04+00:00,5,,insightful particularly regarding specific circadian rhythm and sleep monitoring and education,7.16.0
Oura,google_play,us,98a26d66-d8a5-4655-990a-e69951967d80,2026-06-03 22:46:24+00:00,3,,"I've wanted an Oura ring for ages, so now I've got one I can leave a review for this app. It's great, but I noticed it got my sleeping data wrong. The day I slept a certain amount of hours, but it for the life of me would not sync. It would with other data, just not sleep. It resulted in that data being added to the next day. Which makes no sense, as I was up and walking during those hours. It messed up relevant information for my neurologist.",7.16.0
Oura,google_play,us,349d4b91-00f9-4643-b71b-dccbc2da0881,2026-06-03 22:35:23+00:00,3,,"Ring is bulky. The sensors lack. It could use improvement. A monthly membership really?. I have gotten better input from wearing a fit bit or also a cheaper watch. Sorry, doing this review quickly.",7.16.0
Oura,google_play,us,c205ba33-5d4a-4daf-bf4d-0a0e217f3207,2026-06-03 21:10:58+00:00,3,,"Constantly keeps asking for location permission after each activity, even when all permissions are granted and battery optimisation turned off. Samsung s25 Ultra. No, Support Team couldn't help either.",7.16.0
Oura,google_play,us,8b5efd55-39b9-4880-ba63-004101b51c28,2026-06-03 12:23:35+00:00,5,,love my oura ring,7.16.0
Oura,google_play,us,b48ec24a-4a11-4ced-963b-3b305e07b4b7,2026-06-02 18:20:24+00:00,1,,The new update isnt syncing my ring anymore. I dont know why. what is going on?,7.16.0
Oura,google_play,us,6cfe51bb-7b1a-4aa0-a7ee-0ea6a853235a,2026-06-02 14:47:25+00:00,1,,"The worst company to deal with. Anything involving the ring, the customer has to interact with artificial intelligence. Then possibly a real person may contact you. Guess the app was ok to use. The Oura 5 came out and the Oura team removed sizes 14 and 15 that were available in the Oura 4. Oura 5 size 13 is too small. Perhaps this review will be shared with the development team. I had a 3 and 4.",7.15.0
Oura,google_play,us,c26d99da-3cbf-4a64-bcb1-ebc7209ec676,2026-06-01 16:14:15+00:00,5,,Oura replaced my ring outside of the warrant date due to the issue being hardware related.,7.15.0
Oura,google_play,us,69d3aadf-9f15-468b-a95b-54b6bacd808c,2026-05-31 13:57:19+00:00,4,,"The app was really good up until few months ago, since then it seems every update introduces 5 new bugs, more testing before release please.",7.15.0
Oura,google_play,us,ce5dcdf8-d5dd-43a2-8bba-1b54cec76768,2026-05-31 05:51:36+00:00,1,,I have lost my ring and there seems to be no way to cancel my membership.,7.15.0
Oura,google_play,us,ed209844-f542-4f0a-a998-1d819aca35ca,2026-05-31 03:23:54+00:00,3,,not exactly all the readings are accurate,7.15.0
Oura,google_play,us,26881f13-bbcd-4412-8938-1739def9ddd3,2026-05-30 23:49:37+00:00,5,,I had an issue with sleep data not being downloaded. I opened the Finn chat and they remotely diagnosed the problem within seconds and ordered me a new ring at no cost to me. I was dumbfounded at the incredible service. Thank you.,7.15.0
Oura,google_play,us,dce5ac1f-663b-4bc8-bfce-a27c70fa80eb,2026-05-30 21:07:10+00:00,4,,the new update has crumbled my Activity tab and a number of other essential features 👎 everything worked flawlessly before that update,7.15.0
Oura,google_play,us,f5b40341-5c79-4362-b715-feb11b93da23,2026-05-30 21:04:39+00:00,1,,"Fix the bugs. It keeps telling me to connect my device. Is super slow to update/sync now even when it does work. The last update was trash. I was excited about the gen 5 but after this month, I'm now looking at other options. To have a major bug like this persist in 2026 is simply unacceptable. You've made it so that your device is completely unusable. Insane.",7.15.0
Oura,google_play,us,59a8b8b5-afb2-48fd-9e52-b0b65b5900f4,2026-05-30 19:04:40+00:00,2,,The app has become more stable but wow has performance degraded. moving between any screen can now sit for 3 to 5 seconds And syncing seems to take at least twice as long.,7.15.0
Oura,google_play,us,1a8c92c8-a537-4e3c-812d-a9bed54cd09d,2026-05-30 17:12:09+00:00,1,,"I have loved my Oura ring since I got it, but now the device is leaving me behind because Oura has decided that my phone is too old and apparently unsecure? Even though it's been fine for 2 years. I'm not going to buy a new phone in the middle of one of the biggest economic downturns of my lifetime to keep my fitness device working. I have no idea how many other people are going to be affected by this, but it's a real disappointment. Do better Oura.",7.15.0
Oura,google_play,us,5d9c19ab-2629-450f-89d1-c65aaf2b78fe,2026-05-30 16:19:18+00:00,5,,why not check sugar with ring on days,7.15.0
Oura,google_play,us,eb486ba1-63ae-4be0-81ec-f4d5ad5b4026,2026-05-30 13:38:27+00:00,1,,"Usually, the app is quite helpful. However, the past few updates have continually worsened the app. The ring doesn't sync regularly, doesn't track most things (even though I have more than enough battery left), and since the last update the app won't open at all. Please fix!!",7.15.0
Oura,google_play,us,bdd7043a-41a0-4273-a806-f808c4872c5f,2026-05-29 15:04:11+00:00,2,,"recommend if you like throwing money away. bought an oura ring in April 2025. in November 2025, it stopped tracking Heart rate and sleep. did all the resets to no avail. only option to buy another and risk it again? nah, I am back to less expensive and consistently reliable fitbit.",7.15.0
Oura,google_play,us,4fa38221-c10a-43ed-98e1-413a103aeaf4,2026-05-29 12:15:15+00:00,3,,The app keeps not recognizing my ring,7.15.0
Oura,google_play,us,c40a19ea-9b0b-45cf-b3a7-c054b78e1949,2026-05-29 08:08:58+00:00,5,,"love my Pura ring and how I can manage my day more effectively by listening to my body rather than a generic fitness tool that I belive looks at majority rather than specific to your data. I feel more energised, focused and rested.",7.13.1
Oura,google_play,us,d8155607-5bcb-465d-99b1-f95384b3f7a6,2026-05-29 03:35:53+00:00,2,,"While usually it's a great and useful app, since the latest update the ring has not tracked any of my sleep. Additionally it only sometimes gives me a notification when the ring itself is dying and today stopped tracking entirely when it sent me the notification thay I only had 6 hours of battery life left",7.15.0
Oura,google_play,us,941e911f-1b91-409a-925b-fa048e1253d2,2026-05-29 01:39:16+00:00,4,,"Wonderful 24/7 Oura Ring to keep you aware of your Health awareness as well as monitoring All your important vitals, as well as keeping you motivated daily. 1st month free to try out. A game changer so far. Wear the Oura ring 24/7.",7.15.0
Oura,google_play,us,76bf853a-6e83-4e1c-9a21-644233288da2,2026-05-28 17:32:41+00:00,1,,"I've been with Oura since 2019. The gen 3 lights up when I'm asleep, waking me up occasionally. I've learned to keep that hand under a blanket. The app updates regularly and it's hard to find what I'm looking for after each major update. I'm hoping it settles, if not I'll be looking for something else. 5/28/2026 update- after the apps most recent update and relaunch. it is asking me to set up my ring (which it is unable to do rendering it useless)",7.15.0
Oura,google_play,us,80492991-c72e-4613-ac19-ff0cf179ea39,2026-05-28 00:56:48+00:00,3,,"There is a sync issue. More often than not it won't sync with the app unless I put my ring on the charger. If I have to put my ring on the charger every day to get the app to give me results, it kind of defeats the purpose of a multi day battery. And yes, I've tried updating, deleting, reloading, etc.",7.14.0
Oura,google_play,us,3d73800d-da9e-460e-901a-82b40eb244bf,2026-05-27 15:59:04+00:00,1,,"new update is terrible, the 5/27 update won't let me sleep update just forever loads",7.15.0
Oura,google_play,us,c278a074-fe5d-4b52-89e3-041af6a15894,2026-05-27 14:06:52+00:00,4,,App is nice but I can't upgrade my phone to Android 11... What happens after June? Will the app stop working?,7.15.0
Oura,google_play,us,380728ec-1b94-47a8-86b5-930d6f2441b1,2026-05-27 09:43:25+00:00,1,,latest update freezes the app,7.15.0
Oura,google_play,us,80c015a3-e152-4610-b56c-28625c776866,2026-05-27 02:23:21+00:00,5,,👍🏾,7.14.0
Oura,google_play,us,e53d78f8-593a-402c-b69c-2f04d5bf405e,2026-05-27 01:19:59+00:00,4,,*May 2026 update* Factory reset after newest update solved past issues. Great app and constantly improving,7.15.0
Oura,google_play,us,25b8660d-620b-4ef8-9409-938e88f67146,2026-05-27 00:52:18+00:00,1,,why i can't launch the app after the update??,7.15.0
Oura,google_play,us,e7f8854d-bcd3-4d60-ad7d-317fe9d34f9c,2026-05-26 19:28:57+00:00,1,,"This app is the single worst battery drainer on my phone, it sums up to almost 50% of the total battery usage. App itself is good feature-wise but I cannot recommend it to anyone before battery drain issues are fixed.",7.15.0
Oura,google_play,us,8e20eba0-88f1-4aa0-9354-1f69ad93c3c6,2026-05-26 17:15:11+00:00,1,,"Huge battery drain recently, please fix",7.15.0
Oura,google_play,us,d5d2bf08-ddae-41dc-a2b0-bc66c629a2f9,2026-05-26 15:58:05+00:00,2,,"App is okay but not great since there is so much bloat, furthermore, the biggest reason I even left a review is Oura is ending support for my device on June 2nd :( I was getting updates as recent as mid 2022 but aparently that's too old of a phone to use my ring",7.13.1
Oura,google_play,us,88233af8-ef51-45f1-9ad4-25be995c1411,2026-05-26 12:41:42+00:00,2,,"The app doesn't reliably sync with android/Google Health Connect accurately, so activities logged are incomplete or can be double counted. This makes the app's activity & related metrics unreliable! Very disappointed",7.15.0
Oura,google_play,us,78314810-25f7-4b03-91ff-875e91b1dcb0,2026-05-26 12:07:14+00:00,1,,every new update creates chaos. the last 2 have required me to set up my ring again as if it's new.,
Oura,google_play,us,2f5de66f-7dd4-45d6-aa14-2c66fecd6c5e,2026-05-26 05:43:42+00:00,1,,I have seldom been as disappointed with a purchase. I provide evidence of how it does not work properly yet they refuse to take it back saying they believe it is working just fine. The replacement ring they provided now only records the heart rate every 5 minutes! For a device as expensive as this? There are better health trackers at 1/10 of the price.,7.14.0
Oura,google_play,us,425f8e09-7645-4ba2-8d3b-7caa06f5b579,2026-05-26 04:00:31+00:00,1,,Unusable It's always crashing,7.14.0
Oura,google_play,us,416ac10d-3f40-4a64-8e66-bed6971b11e6,2026-05-26 03:07:33+00:00,2,,"It does a lot of great things, but it doesn't measure sleep very well - there is work to be done here",7.14.0
Oura,google_play,us,6c9cfa41-ef57-4b6f-bb78-0727b52d18e2,2026-05-26 01:40:55+00:00,3,,ring itself is cool and easy to use. super short battery charge is a deal killer.,7.14.0
Oura,google_play,us,636dfe57-335b-483f-8113-06caa7a61ae1,2026-05-25 23:21:36+00:00,5,,I love my Oura ring! It pairs with my Dexcom Stelo and is a game changer in my diabetes management. It gives me valuable sleep data and helps me stay on track with my sleep patterns. I simply love my ring.,7.14.0
Oura,google_play,us,41d1dbf7-e2de-436c-9364-d823ef0dc920,2026-05-25 20:59:54+00:00,1,,"Rarely ever connects anymore. I was supposed to be sent a new ring, & yet never received it. The latest update (downloaded today), has rendered it completely unusable, as the app crashes before it even opens. Cache cleared, force stop initiated, & restarting my phone did absolutely nothing to fix it. I'm a recovering breast cancer survivor, & rely on this thing a lot. Welp, I used to. With all of their let down lately, & now that app not working, I am exceedingly frustrated at this point!! 😡😡",7.14.0
Oura,google_play,us,5b30ec34-e00b-4b94-80bb-a5a26be93802,2026-05-25 17:54:59+00:00,5,,Sleep information alone is worth it. Very useful.,7.14.0
Oura,google_play,us,fba488f5-3806-4f25-8b60-0b099e831b51,2026-05-25 15:20:41+00:00,5,,very effective way of tracking healthy habits.,7.14.0
Oura,google_play,us,86d1ebae-5130-48c3-91d7-4ee69ed9f340,2026-05-25 14:26:44+00:00,5,,I love the app,
Oura,google_play,us,b6959c14-144e-4fbe-afac-e18a24d3f8df,2026-05-25 10:47:27+00:00,5,,Oura is very comprehensive and helpful. I have a better understanding of the functions that affect my sleep health. I love the breathing exercises!,7.14.0
Oura,google_play,us,8a5ea852-1237-4ea3-aded-d2e7e7c3a2e5,2026-05-24 07:09:46+00:00,1,,"The new version does not load up, even after clearing cache and data.",7.14.0
Oura,google_play,us,06a55210-a132-4e82-8dc8-0929fbde259b,2026-05-23 20:43:43+00:00,4,,Wish it was free.,7.14.0
Oura,google_play,us,a4cef76b-fdd9-458e-b57a-5c8a19a2ac59,2026-05-23 18:08:55+00:00,5,,Oura ring and associated app has helped me really take control of my sleep and overall health.,7.14.0
Oura,google_play,us,3121555a-410e-4b68-a63a-0f248f8dd532,2026-05-23 15:55:30+00:00,5,,It's been about 3 months of me using the app and the ring. I use it together with Natural Cycles app to get pregnant. I love how it can tell my stress level and when my body is not feeling well or about to get sick. One of my best purchases.,7.14.0
Oura,google_play,us,e4406465-3719-49ba-a065-e207e5fcb14a,2026-05-22 23:05:27+00:00,5,,"Ours is a excellent choice for a smart ring,very accurate stats,very long battery life which is outstanding,well worth the price of it, Thanks Oura",7.14.0
Oura,google_play,us,a7b40de0-9052-4350-94c3-1b3802f006c5,2026-05-22 21:15:22+00:00,1,,"Why in the new app version there is no step score showing, it's frustrating :/ or no widget to show this basic function",7.14.0
Oura,google_play,us,fe445bac-2cdd-4173-8390-a27b0feada88,2026-05-22 17:49:13+00:00,4,,I love this ring. It has really helped me understand my sleep and the menstrual tracking has been amazing and the accuracy is on point. I also really love that I can share the data from Oura with the app my funtional practitioner uses. The only complaint I have is the connection issues that started happening the last 2 months. I have only had the ring for 10 months. oh and how hard it is to protect from scratches and wear. Minor issue! would not stop me from purchasing another ring in the future,7.14.0
Oura,google_play,us,1441411a-66de-4afd-8812-a997daed938b,2026-05-22 11:56:33+00:00,1,,every few nights will not record any data despite being 75% charged. the ring is less than a year old. tried to contact customer service and said there was not a single phone call available.,7.14.0
Oura,google_play,us,8fe4655b-d128-4513-b3ec-d9fab65d4caf,2026-05-21 23:40:29+00:00,1,,"I hate the oura ring. After 6 months of use the software is not reliable. The first 3 months were great, but the last 3 months were really annoying. I'm thinking of alternatives, but I'm waiting for the new competitive wearable trackers.",
Oura,google_play,us,84ab3245-eab1-4613-833e-2bcc5780ea21,2026-05-21 21:25:40+00:00,1,,"It was great right up until the latest update. Now it crashes as its starting up. So, it's now unusable.",7.14.0
Oura,google_play,us,d53734ff-ecbb-48f9-82c5-a54672a34945,2026-05-21 17:55:45+00:00,1,,Latest update has the app crashing,7.14.0
Oura,google_play,us,bc6a38b7-6700-4d4c-8319-f761c0abbe6f,2026-05-21 16:06:38+00:00,2,,"This app MURDERS your battery. And if you try to change it to Optimize, it'll just change itself back to unrestricted on its own.",7.14.0
Oura,google_play,us,502cb131-583e-4c5a-8ebf-25ced17705ff,2026-05-21 14:52:52+00:00,5,,love it,7.14.0
Oura,google_play,us,897698db-594b-4a55-bf96-a9729c0e1e0b,2026-05-20 20:09:14+00:00,2,,with the last update the app kept crashing and I had to uninstall it,5.2.4
Oura,google_play,us,b70b2393-dd40-4c03-8d5b-35fac4cd0d28,2026-05-20 14:34:05+00:00,1,,Latest update force crashes app. I'll be cancelling my premium subscription.,7.14.0
Oura,google_play,us,949cce03-a25d-4f16-b4f8-f93be6321198,2026-05-19 17:12:20+00:00,1,,confusing kafka-esque time sucking support system if you want anything more than a chatbot.,7.14.0
Oura,google_play,us,a100a00b-f374-4b0b-b310-0ea0391ec07e,2026-05-19 15:39:25+00:00,4,,steps aren't accurate but features are useful,7.13.1
Oura,google_play,us,c0312893-5150-4703-8047-7b4cbb69b92d,2026-05-19 13:44:59+00:00,1,,"When it's inaccurate, you can't edit your sleep time record. UI is overly cluttered and overwhelming. Insights not particularly helpful, particularly when they're based on inaccurate data from a ring that can't properly record sleep. Even my Galaxy watch can tell when I'm sleeping smh. $600 ring worse than $250 watch at detecting sleep. Yikes.",7.13.1
Oura,google_play,us,00ce1ec9-a044-4a80-813d-adc01960ead7,2026-05-19 13:31:54+00:00,2,,Tracking activities like walking is terrible. Misses anywhere from 20-50% of the trip. Not able sync with phone GPS data.,7.14.0
Oura,google_play,us,f1c16e08-86bd-4d86-ba4a-fd0c335fd3b6,2026-05-19 13:30:19+00:00,5,,Please make the app in romanian language too. Hope it will be soon....,7.13.1
Oura,google_play,us,4210b427-7cfe-4c28-b60e-89d309f44075,2026-05-19 01:49:48+00:00,1,,"Readings are still very inaccurate. What they don't tell you BEFORE you buy the ring and sign up for the subscription service, is that unless you have absolutely perfect fingers with perfect blood flow at all times, the readings won't be accurate. There's large gaps in data that they say is because my finger may not be warm enough (as a chef, in a hot kitchen) or it may have inadvertently spun a bit and isn't sitting EXACTLY on the spot it should be.",7.13.1
Oura,google_play,us,78030cd0-9482-416b-96eb-6a7ce98caa97,2026-05-19 01:32:42+00:00,1,,It has no sleep data value if you are third shift.,7.13.1
Oura,google_play,us,dee80163-4b9a-44dc-a173-f2eb014c4f52,2026-05-17 11:50:46+00:00,3,,"cool app for fertility tracking, otherwise not worth the monthly fee + crazy expensive ring in comparison to other fitness and health trackers to be honest.",7.13.1
Oura,google_play,us,275d01e1-22b0-4748-863a-4533ebaac4d2,2026-05-17 05:42:25+00:00,4,,its a good device to monitor several things. little surprised to observe that it cannot detect swimming activity on its own...,7.13.1
Oura,google_play,us,cb224223-5d38-4181-af05-cbaf4475e916,2026-05-16 20:01:55+00:00,3,,"I just got the ring downloaded the app , I couldn't find any tell number to call customer service it is a chat service very very basic !you have to wait until you get a response. Personally, I prefer to use something and pay for something that you sure a customer care center is back up the product. I'm not happy at all . Ahmad",
Oura,google_play,us,3675d6c4-f135-4b3d-9f9e-d702111af7e9,2026-05-16 16:10:12+00:00,5,,love it!,7.13.1
Oura,google_play,us,e96f17ae-a464-4d5a-9cc5-b554e85fbe53,2026-05-16 15:02:05+00:00,5,,"the app is well done, with lots of stats to consider. I think it should take into account your phone's time change when you cross time zones to accommodate jet lag.",7.13.1
Oura,google_play,us,9947ef40-0748-4c4e-a937-dfcded20dfdc,2026-05-16 14:17:50+00:00,3,,"I frequently need to force close and reopen the app several times before I can successfully click ""confirm"" on detected activities. Most of the time tapping confirm does nothing They added widgets and I prefer the 1x1 widgets but somehow readiness, sleep, and activity score 1x1 widgets decide to display the battery level and must be removed and recreated. Inevitably they will revert back to the battery level 1x1 widget over and over edit: reported to Oura Support on 5/16/26",7.13.1
Oura,google_play,us,36ff3630-3e16-4497-b34a-0e23ce1df371,2026-05-16 05:52:42+00:00,4,,"After the latest update the app tries to pair my ring as new at least once a day, then suddenly remembers the connection",7.13.1
Oura,google_play,us,f97fbbcd-e043-457f-9032-cc9c9cc4d539,2026-05-15 23:44:02+00:00,2,,"The ring worked great until whatever new update they pushed out now it refuses to stay synced, even a new ring was sent to me. I uninstalled the app, unpaired the ring, turned my Bluetooth on and off. Nothing works ever since April it has become a useless paperweight.",7.13.1
Oura,google_play,us,9b1b798a-ceff-478a-b740-733b817648e7,2026-05-15 14:30:02+00:00,3,,"I have been using the ring for about 2 months now, and I think this ring tracks sleep really well, track activities moderately well, but absolutely lacking in terms of tracking stress levels. I can be very stressed the whole day at work, but the ring says I'm relaxed! or I can be relaxing the whole day and the ring says i'm very stressed! Even though the ring is considered still relatively new, the battery life isn't good, I have to charge it every 3 to 4 days! Honestly quite disappointed by it.",7.13.1
Oura,google_play,us,51c2cd18-46f2-4c9e-a109-2ad513b4e81d,2026-05-15 01:39:25+00:00,3,,"Over the last few days that I have checked, overnight the app is trying to sync every 15 mins until I wake up. This seems unnecessary and wasting both the ring and phone battery. I noticed this looking at the notification history on my phone.",7.13.1
Oura,google_play,us,f54f064f-1d87-42d4-b59c-747220313a78,2026-05-15 01:12:33+00:00,3,,please add light mode!,7.13.1
Oura,google_play,us,d7a8230a-dfc8-4fb4-8b80-2104e5aa0116,2026-05-15 00:55:09+00:00,5,,This thing is awesome!,7.13.1
Oura,google_play,us,07b40c18-b21f-42b9-9fb0-f0cf69c03005,2026-05-14 20:08:43+00:00,3,,Its ok I guess probably really good for the fitness crazy people who like fitness results sleep measuring not so good and you have to pay a membership definitely not worth it to me,7.13.1
Oura,google_play,us,d6557c3b-eea3-4ee8-b3eb-d128cfc39cf6,2026-05-14 20:02:31+00:00,3,,"whoever manages this app in your team, fire them. It has so many bugs. home refreshed every 10 seconds so I can't read a thing, it goes to black very often, doesn't count well the calories of the same activities it logged for the day. it fails in so many basic things I don't know if to rely on the other parts.",7.13.1
Oura,google_play,us,e3855fcc-20f5-42ba-ae72-e9f69d06510c,2026-05-14 18:41:06+00:00,1,,"just bought this and still wondering if it's worth it. losing charge too fast, not detecting sleep, missing steps,galaxy watch seems to be doing a better job . canceled my subscription. not tracking most of my sleep, charge it to a 100% before sleep and it's needs charge in the morning. my life has been about making sure it's charged at all times. not worth it. galaxy watch 8 just needs a charge once a day and you are good.",7.13.1
Oura,google_play,us,49eb23f5-0ca4-4d94-965b-b24b65924066,2026-05-14 17:33:30+00:00,3,,Can be frustrating when you do a whole workout only to get an error message after that no heart rate could be detected. that's the whole purpose of this device after all,7.13.1
Oura,google_play,us,a04c5ade-bc5d-47c1-93c1-96ea3b604515,2026-05-14 14:15:18+00:00,2,,after last updates my ring works just 2 days,7.13.1
Oura,google_play,us,a88c8c26-9ef4-43ad-b728-f3f37ea73246,2026-05-14 12:33:33+00:00,1,,"Inadequate data daily. Bought a competitor's ring and that is extremely accurate. And the competitors rings, two of them, were less than $200!",7.13.1
Oura,google_play,us,ce28c867-220f-43b0-b912-68e402244c4b,2026-05-14 12:11:25+00:00,5,,works well and the recent update looks nicer.,7.13.1
Oura,google_play,us,8d6d1663-9989-447f-ac87-f540ae4da370,2026-05-13 16:45:12+00:00,2,,I find this app is progressively less intuitive with every update. The latest update seems to make it impossible to see my data for previous days. I see today with all the nice graphs and stuff but I can't seem to swipe left or right to navigate days. The calendar shows me a timeline instead of the way today is presented. Absolutely hate this new interface. Maybe I'm missing something but even if I am it SHOULD be intuitive and it's not.,7.13.1
Oura,google_play,us,85e38e65-eb5d-4b0e-8684-c32c92ee863b,2026-05-13 14:17:24+00:00,1,,Ring isn't holding a charge well after just 1 year of having it. Poor decision to move their manufacturing to the USA. Looking into other smart devices now.,7.13.1
Oura,google_play,us,c191341c-8255-4827-8710-fcd4b8dd81de,2026-05-13 13:32:06+00:00,5,,"I purchased my Oura Ring in 2020 to better understand & improve my sleep. The detailed sleep data helped me identify interruptions & restless patterns caused by daily habits & routines that clearly needed to change. While old habits are hard to break, Oura Ring’s 24‑hour tracking monitoring my movement, breathing, heart rate, stress, & overall vitality gave me the insight & motivation to make meaningful adjustments. Over time, I was able to curb unhealthy habits & introduce healthier lifestyle.",7.13.1
Oura,google_play,us,d9b71ed1-f230-45c8-92fd-1798069c2047,2026-05-13 11:10:59+00:00,3,,"don't care for the platform form....would be nice if it detected blood pressure. lots of other rings without membership. lots of updates, no changes. hardly any changes with generation upgrades",7.13.1
Oura,google_play,us,6f1cecdb-0cd9-4ebc-9312-3396114ac404,2026-05-13 02:59:56+00:00,1,,"gaslighting pos. I spent over two years with this ring to get on top of sleep and maybe other trends that would help me feel better but this ring is not for everyone. I have underlying health issues and the data I was getting from this ring was either completely the opposite of how I actually felt or it was insistently pushing me to live in a way I'm incapable of. I'm busy I parent it's very draining too but I get zero recognition for that effort I put into the day. I can't ""get to the gym""",5.2.0
Oura,google_play,us,a99391e6-e5b8-49b6-b02e-757d508026f3,2026-05-12 19:28:46+00:00,1,,I would have gave it 5 stars until the latest update. now its always asking me to connect my ring even tho it is or add a new ring. this latest update makes it very frustrating to use and I hope you fix it soon or I will be looking for a new company for my next ring.,7.13.1
Oura,google_play,us,9fd17b52-2df0-4c33-a1a4-b4046d3b972c,2026-05-12 10:30:12+00:00,2,,app keeps losing my ring - have to put it on charger to re recognize it. app doesn't want to update / refresh. was working great until around March with a new firmware update. killed the battery on my ring- they replaced the ring - now having problems with sync. not loving it like I was. still prefer fitbit.,7.13.1
Oura,google_play,us,3e15e097-a074-4792-a823-39b508659e98,2026-05-11 17:03:07+00:00,1,,"Literally sent an email through the Play Store listing for support so I *wouldn't* waste time running in circles with an AI troubleshooter for something that is broken with the app only to get an email from the very AI agent I was trying to avoid telling me how to use a product I've been using for 3 years that's suddenly dysfunctional. Also letting me know the support email isn't monitored. What's the point to having the support email account, exactly? Perfect example of dead internet.",7.13.1
Oura,google_play,us,c214b319-b20b-46cd-ab34-52ac0f5b991d,2026-05-11 15:09:38+00:00,1,,"it will not update my sleep data, I have scheduled call backs with tech support and they have never called. I tried texting support and they were unhelpful.",7.13.1
Oura,google_play,us,da173067-5b15-4f45-b7e9-c5a51cd74232,2026-05-11 13:48:36+00:00,5,,oura helps me track my good habits and the health data has allowed me to get better sleep and overall health in life. I would recommend anyone to try it out to help improve daily life,7.13.1
Oura,google_play,us,1071c3d3-7e34-4572-bc01-40fbfda51871,2026-05-11 12:00:39+00:00,2,,sync sucks,7.13.1
Oura,google_play,us,2b490474-8c5d-4dd8-b4a4-a6f481053709,2026-05-11 11:54:05+00:00,5,,I think it is more accurate than a watch and definitely more comfortable.,7.13.1
Oura,google_play,us,44050928-3778-4bb2-a4fc-2a85ddf9cbe4,2026-05-11 10:45:53+00:00,5,,best app and system to track your sleep and activity,7.13.1
Oura,google_play,us,8faf2c6c-79af-43a3-80e7-614aa8f7f000,2026-05-11 06:04:42+00:00,5,,Ecvellent obssessed,7.13.1
Oura,google_play,us,5c0c6b1c-d688-4f0a-a247-5a8bb9f934e9,2026-05-10 15:48:51+00:00,1,,"open and immediately closes, with note stating there is a bug in the app the developer needs to fix.",7.13.1
Oura,google_play,us,e723d626-967a-48ae-a8a2-9bbd40a0d350,2026-05-10 13:19:08+00:00,5,,Great app for health & fitness monitoring.,7.13.1
Oura,google_play,us,ff0924f5-4dc0-4933-98cf-c2c32064b1a4,2026-05-10 12:38:39+00:00,5,,Excelente,7.13.1
Oura,google_play,us,180534a2-8123-43b2-a6b5-aca2f1d80c81,2026-05-10 10:55:12+00:00,1,,"I've had this for several months and it's been great until the last software update. it keeps asking me to ""connect my oura ring"" even though I already did. I even did it again just for it to prompt me 6 hours later. syncing to my sleep data first thing in the morning takes forever now. previously it was instant. FIX this bug please! I used to love it and now I hate it.",7.13.1
Oura,google_play,us,1a76f6f8-cc33-4ceb-a308-7f9efe49d65f,2026-05-10 00:27:07+00:00,5,,It's good. Still adjusting to it.,7.13.1
Oura,google_play,us,a6f4a5ba-0131-4203-922f-1f61704593b7,2026-05-09 13:50:32+00:00,2,,"There are two issues with activities pulled from Health Connect and displayed in the Timeline: 1) They miss a correct label, e.g. my rowing sessions are labeled in Oura app as ""time/distance"" e.g. ""30:00 / 5.4km"" instead of just ""rowing"" (they are correctly shown as ""rowing"" in health connect though). 2) These activities are missing in the workout.csv export files (although they seem to correctly contribute to e.g. active calories burned in the export data).",7.13.1
Oura,google_play,us,27a76bc8-f13c-4292-8bd4-42dd828f8710,2026-05-09 13:09:29+00:00,5,,I have tired others but always come back to Oura for my smart ring of choice.,7.13.1
Oura,google_play,us,40994880-8c67-44d5-a6e5-efdf5a58e1fd,2026-05-09 10:47:25+00:00,1,,This ring is expensive and the app just stopped monitoring my sleep data. It is continuously disconnecting from my phone and is pretty mu h useless at this point. Very disappointing.,7.13.1
Oura,google_play,us,f33ee301-8747-47dc-b65f-d1ed2ec9fed1,2026-05-09 04:51:39+00:00,1,,every time it updates (the last 3 updates specifically) the app says it needs to sync but is unable to do so and without syncing I can't access the app or any info. I have already contacted Oura about the issue and they credited me but what's the point if I can't even access the app,7.13.1
Oura,google_play,us,972dcfcc-5346-4885-a2e8-015cd856ca6f,2026-05-08 10:03:31+00:00,5,,you cant beat how many 3rd party studies this thing has for sleep stage accuracy. Great HRV and heartrate as well as activity and calorie tracker!,7.13.1
Oura,google_play,us,8cda1080-ece3-4013-b0f1-91693841c568,2026-05-08 08:42:05+00:00,2,,sometime it do not keep track of my sleeping,7.12.1
Oura,google_play,us,7132ac26-c8b9-4f68-8962-6b2845ff1857,2026-05-07 21:25:34+00:00,5,,It keeps me in line and helps me improve my health every day.,7.12.1
Oura,google_play,us,ab5eb313-dd65-46a2-92ee-7efce22cfaa9,2026-05-07 20:10:12+00:00,5,,"love it, tracks better than anything else. cycle tracking basically pinpoint perfect, the activity tracking is excellent, I love that i can turn off any triggering items, and turn on rest mode when im ill. im thrilled with my purchase, next will be will be the charge case",7.13.1
Oura,google_play,us,2261c70c-b0d4-4a75-85e9-689f1d1355a2,2026-05-07 19:39:15+00:00,5,,Oura is wickedly good at tracking your biometrics and fitness markers plus I love that I can see how well my sleep is going from day to day. Plus i love all the other add ons that come with updates!,7.12.1
Oura,google_play,us,38b1d3c1-5060-42dd-a04c-ede188c89840,2026-05-07 17:16:35+00:00,3,,It drains the battery on the phone! Not ok that Oura app drains more than 14.5% for a background app.,7.12.1
Oura,google_play,us,a7df2d18-11c1-4a72-8a85-50a4cf718ed9,2026-05-07 14:53:48+00:00,4,,Please stop messing up the UI. The latest update of the vitals tab doesn't really add anything new and it just makes everything harder to navigate and actually gives a poorer overview.,7.13.0
Oura,google_play,us,955be0d2-ba7e-4871-a0e4-69babbdf0719,2026-05-07 10:00:52+00:00,3,,"Annoyingly, every time you open the app, it will want to install another update with no notable difference. Can Oura please just do a monthly update? These pointless software updates are way too frequent and have become tedious.",7.11.0
Oura,google_play,us,75dfc288-2625-4337-b6ee-19223ff5b209,2026-05-07 09:04:50+00:00,4,,"does not quite do everything I need, but what it does do it does very well",7.12.1
Oura,google_play,us,b6671f49-ac3a-4fb1-b748-838d8895d08b,2026-05-07 04:22:15+00:00,5,,The app works perfectly! I enjoy it so much!,7.12.1
Oura,google_play,us,b8c3a4a4-eb4b-4962-82b0-87b42c05adcb,2026-05-07 01:11:39+00:00,5,,Great app,7.12.1
Oura,google_play,us,4ba0a844-17dc-49d4-8e6a-e1b87f70be82,2026-05-07 00:24:06+00:00,4,,"The oura ring has changed my life..... the App is so user friendly and the information is so useful for achieving your personal fitness goals. With the help from my ring and the overview page guidance in real time based on your metrics I have lost over 100lbs and started learning the signs of burn out and adapt to prevent it! Only down is if you lose/gain weight your ring size changes, and that makes your data collection a bit less accurate.",7.12.1
Oura,google_play,us,b05407f8-4d03-4b7c-a662-d570d1fd332e,2026-05-06 13:32:21+00:00,5,,I love this. more accurate than my watch,7.12.1
Oura,google_play,us,90df036a-247d-4e69-a385-5d0988dd02af,2026-05-05 07:05:59+00:00,2,,"may be the app or ring , it's 7 months old and battery only lasts 2 -3 days now. Used 30% battery in last 4 hours. Battery worked well until about 6 weeks ago.",
Oura,google_play,us,b5c05df2-6a61-4d41-8382-e2d044751045,2026-05-04 22:52:14+00:00,1,,"Samsung s24. first, you sell the unit and force subscription just to access the app for the unit. then your app forgets the ring and asks you to setup the ring again after phone restart. why so greedy.? your subscription doesn't even give value to the unit other than forcing us to read what's stored on your ring... douche move.",7.12.1
Oura,google_play,us,63dd1d13-603f-411f-8f2b-a88b955eb5d5,2026-05-04 15:06:07+00:00,5,,Assist in health status in elder years.,7.12.1
Oura,google_play,us,05d2727f-5b6b-4721-bc65-6e044a10d269,2026-05-04 11:50:22+00:00,1,,pick something else. code quality keeps getting worse and worse. functions that used to work are unreliable and don't work more than they do. support is atrocious and blame everything else and refuse to accept bug reports.,7.12.1
Oura,google_play,us,23de01f7-cbae-45c5-ac63-16d0ae39e0f7,2026-05-03 10:49:58+00:00,1,,"the last update broke the app. continually refreshes, buggy, and not working.",7.12.1
Oura,google_play,us,ea8f58ae-4db2-4db8-9bb5-3ebe208772fc,2026-04-30 03:39:10+00:00,2,,"okay I'm not happy with this. my Oura ring 4 stopped tracking my sleep so they sent me a new ring. this ring now keeps saying getting your sleep data and it does not do anything. I have tried putting it in airplane mode and turning it off airplane mode. I restarted my phone and it keeps saying it. for the amount of money that I have to pay for this, this is not good!",7.12.1
Oura,google_play,us,454bc28f-c54a-4488-80b6-326aa0e20ae6,2026-04-29 06:01:35+00:00,2,,"my sleep data was not loading, I left a review about it & the problem was resolved. I updated my review giving them praise & suddenly, my sleep data takes over 12 hours to load 🫩 I asked for help on the app & it suggested me to open & close the app at least twice a day so it can sync my data along with some other suggestions. I did everything it suggested & my sleep data is still not loading. it's annoying that I have to take all these extra steps in order to get the app to do what it's suppose",7.12.1
Oura,google_play,us,fc791c8a-c4bb-4456-b65e-d585b3efdbc1,2026-04-29 00:35:04+00:00,3,,"great device but the app does chew through your battery if it's allowed to track phone data I mean destroys batteries because by the end of my work day I have to charge but typically only charge my phone around bed time I'm on a Samsung Galaxy s24 plus, I've had it for a year now I can say it tracks very well a lot of information, unfortunately it's not intuitive the only time you'll get notifications, are bed time and charging, but if you want to learn anything else you have to go into the app",7.12.1
Oura,google_play,us,3245a146-8468-47c0-8e23-9bcf65632f3f,2026-04-28 23:49:19+00:00,1,,What's happened to the app? Since the latest update it now takes ~5 seconds for any screen to appear with any data and doesn't respond to any interaction. It's basically non-functional right now.,7.12.1
Oura,google_play,us,02b01d94-a2e0-4549-9f64-bb5f38abb120,2026-04-28 22:06:56+00:00,1,,really wish they'd fix the Health Connect integration. it refuses to pull on my workout data,7.12.1
Oura,google_play,us,b24836a3-c2dc-4a11-8029-0351bfe52b6b,2026-04-28 15:51:48+00:00,1,,"Garbage battery life. I've only had this ring for 11 months and the battery has degraded to the point that it went from 100% to 50% in 16 hours. This is on top of recurring connectivity issues, and I've already tried reconnecting the ring and clearing cache. Wasted $560 for a paperweight.",7.12.1
Oura,google_play,us,567eaa52-03e6-4625-a780-3075cb1f86ef,2026-04-28 13:44:10+00:00,5,,great app and piece of tech. just making this review so I can give feedback on a widget. The Battery widget keeps swapping itself to the readiness widget. I'm a big fan of the battery widget because I struggle to keep an eye on the charge level. So hoping this can be fixed soon! :),7.12.1
Oura,google_play,us,5e9846e8-0930-4d6a-954d-8772eaa1f03f,2026-04-28 02:29:47+00:00,1,,"for the last 3 weeks nothing is tracking. even with a full charged ring, system updates, and uninstall/install. help. This has been so great for the last 6 months.",
Oura,google_play,us,f3ef5b75-ffe6-4362-9232-97f99755c56c,2026-04-27 17:11:22+00:00,1,,"going to Ultrahuman Air Pro. . . so tired of this lately. now it won't hardly sink ever. hard reset doesn't fix it. the very thing that I use it for which is monitoring my sleep since I work third shift. it's abysmal at doing no sense in keeping this garbage. news flash. they sue anybody that tries to compete with them. it's not that they're that great. it's that they can't stand the concept of competition. goodbye Ora, I won't miss you",7.12.1
Oura,google_play,us,d32bb5fb-bf61-41cd-837e-189a20f889a0,2026-04-27 01:34:13+00:00,4,,I use an android and I wish I could have the heart rate as a widget so I don't have to keep opening the app to check my heart rate.,7.12.1
Oura,google_play,us,710df7bf-88e8-481d-a90b-8bcf236fb3d4,2026-04-26 21:50:06+00:00,1,,"In the past two months, this app has not been connecting to my ring properly. I have reset it multiple times, and even changed phones, but nothing has helped. My sleep is never tracking, and none of my workouts are tracked. I've even tried charging it before bed, then letting it charge in the morning before I go to the gym, and it's still not recording. I was holding out on reviewing the app thinking an update would fix it, but it's only gotten worse. My ring barely tracks any activity now.",7.12.1
Oura,google_play,us,42722eef-6a23-4c95-84a2-39a10e5b7847,2026-04-25 11:42:46+00:00,5,,worth the subscribtion. nice insights and a ring is far less of a hassle than a watch. a year on my ring was losing charge quickly and used the help function in the app and was quickly guided with a chatbot that was able to diagnose and replace my ring in minutes at no additional cost - AMAZING!,7.12.1
Oura,google_play,us,fc849923-14bc-46e2-8605-54e77da43eec,2026-04-24 19:06:30+00:00,5,,Shout out to the dev/designer who put a long press that vibrates the heart rate 🔥🔥 coolest feature ever !,
Oura,google_play,us,aadd25a4-c8a4-4c17-a590-d4a890a0ffbb,2026-04-24 15:50:14+00:00,3,,"please fix the step/activity tracking, when one is pushing a stroller. the ring stops counting steps and counts it as a cycling exercise.",7.12.1
Oura,google_play,us,9e4a67fd-2f2f-42f8-8f6c-825a22d4e00d,2026-04-24 12:06:53+00:00,4,,"it works well at providing you details, but only after a long wait of about 30-45 seconds the first time you open the app for the day, after that it opens quickly. The ring is comfortable and battery lasts at least a week for me.",7.12.1
Oura,google_play,us,d975bdaa-3f6a-4a7e-b57c-689f46fbca0c,2026-04-24 08:47:20+00:00,5,,Please add a calorie counter to the food functionality. even it's an estimate.,7.12.1
Oura,google_play,us,bb5a7529-2a66-4bb0-8509-ee42a9a13892,2026-04-24 02:29:44+00:00,1,,"Even the paid version of the app is super buggy and non-responsive. have to manually log everything! Time tracking on activities is woefully inaccurate, meal logging does basically nothing and doesnt give you any data to track, the size kit for the ring does not at all match the ring size. Buy literally any other ring amd you will be better off.",7.12.1
Oura,google_play,us,eed09ea6-3fb1-47ee-a0e8-721a06081a38,2026-04-23 19:28:33+00:00,1,,"the ring cost a fortune and then you have to pay 69£/year for a subscription, without the subscription the ring is just a piece of metal. after installing the app my phone's battery life drastically decreased, I can't reach the end of the day without charging the phone during the day",7.12.1
Oura,google_play,us,11401d64-a52b-4568-83b8-ae3181b981da,2026-04-22 23:17:08+00:00,3,,love the ring and app but it asks to do updates daily. every time I open the app it needs to reload which has become increasingly frustrating.,7.11.0
Oura,google_play,us,314f518a-f330-49e1-9398-66f4f057ec48,2026-04-22 15:38:14+00:00,5,,Always getting better! Great work. Just a bit slow to sync at times.,7.12.1
Oura,google_play,us,a2ded0d5-f0bb-43fc-9b69-5215369ac954,2026-04-22 15:22:20+00:00,3,,"I'm still learning, but so far I'm really enjoying it and find it helpful. However, I hate that I cannot remove certain default tags. I appreciate the recommendations, there are some I would not have thought of. However, even though I am a woman of child bearing age, I do not need to see 10+ pregnancy and child birth related tags every day, nor the ""new bed"" tag, and I suspect seeing the ""pregnancy loss"" tag everyday may be upsetting to some people at certain times in their lives.",7.12.1
Oura,google_play,us,b885ee3d-21ab-4d46-ab7d-c255a2b289a0,2026-04-21 06:52:01+00:00,1,,"Starting last week weekend, the app immediately closes right after you open it. OURA is aware. Supposedly affecting older android OS's. Unusable for me since 4/16.",7.11.0
Oura,google_play,us,105caadb-707e-4587-936e-92b838e9507f,2026-04-21 00:19:43+00:00,4,,update 4: finally counts my calories correctly. has had a few other feature updates as well. works good. rings are kinda flimsy though,7.11.0
Oura,google_play,us,b2dea09b-dae3-4668-8d3b-a8ae5ca463dc,2026-04-20 23:30:30+00:00,1,,junk wish i had never bought the Ours ring 4,7.11.0
Oura,google_play,us,390240ac-648b-4cee-b9e0-4a1663fcdbe7,2026-04-20 21:09:34+00:00,2,,"this is generally speaking a good product. however, it should do more for the cost. the app is decent but needs improvement. there is a lot of information and it's not always easy to make sense of it. I would like the app to give more useful insight and actionable suggestions. it should surface these automatically without relying on me to go looking for them. a big annoyance is the feature which notifies you you've been inactive for a while doesn't work! also the AI assistant is sadly dreadful.",7.11.0
Oura,google_play,us,d4257edd-91d8-4ec1-9827-9b874659a1fe,2026-04-20 19:05:29+00:00,2,,It doesn't always work. It's not accurate. I'm not happy with it but it was a birthday present.So I gotta keep it,7.11.0
Oura,google_play,us,c1298ed8-3298-48e0-86da-22a5fa4bc897,2026-04-19 18:12:14+00:00,1,,"I bought this ring for almost $600 only to find out that there is a Monthly subscription so i gotta add a bill to the rest of my bills, that crazy! Its ok though because i found a very good company with no subscription! ULTRAHUMAN. Sorry Oura but someone drop the ball on this and it feels a bit like greed. The minute other customers find out that they can get a really good ring without paying monthly subscriptions you're going to lose customers.",7.11.0
Oura,google_play,us,15493837-5e7b-49d9-8f40-581e03dd2095,2026-04-19 01:14:39+00:00,1,,Dumping the ring in the app. is just too hard to find vital information or key metrics. everything is simplified and stupidified into weird soft metrics like stress and readiness. Totally got sick last week and it had no idea.,7.11.0
Oura,google_play,us,5757fd9d-9c0f-4623-a0b3-100538097a07,2026-04-18 23:56:25+00:00,5,,so far so good! no complaints!,7.11.0
Oura,google_play,us,6b4c88c0-9875-404f-9a7b-1ca4e6c8add2,2026-04-18 23:50:59+00:00,5,,"Pretty good health tracker. I just got it so I need to see what all it can do. Seems awesome so far, I like how it tells me that I'm getting a full night's rest when I used to actually worried that I was not getting a full night's rest.",7.11.0
Oura,google_play,us,699fdfdc-e920-4e60-b332-f0d1b9d4d1cc,2026-04-18 18:44:37+00:00,1,,My ring 3 will not sync to the app. I've been in contact through the app to support and no one has been able to help. I've considered upgrading to the ring 4 but I won't if this doesn't get fixed. I have to unpair the Bluetooth and repair every single time and I'm so frustrated. I would give 0 starts if I could. Im thinking about canceling my subscription,7.11.0
Oura,google_play,us,c56bf8ed-5147-4efc-9d76-a89ef21c4c95,2026-04-18 15:36:13+00:00,2,,I go out of my way to make sure that my ring is on properly and I'm not tensing my finger when I work out yet it only recognizes my workouts maybe 30% of the time . Don't know that I'll be getting another ring once the current one I have wears out.,7.11.0
Oura,google_play,us,4c84a992-6bed-4097-9ecf-9300670b75b8,2026-04-17 16:10:10+00:00,2,,When I first purchased the oura ring it was a 5/5. A year later it constantly has syncing issues to the app. I've done all of the trouble shooting tips even purchased the charging case to help with the syncing issues. Let's be honest putting the ring on the charger to make it re-connect and sync every hour is a bit ridiculous. At this point it was a waste of money.,7.11.0
Oura,google_play,us,b5fa0bde-b7f9-4bbd-8336-038e10b72a51,2026-04-17 13:50:20+00:00,5,,"Exceptional product! it writes your sleep data to Health Connect top, so it fully syncs with everything! I have no hesitation in recommending their rings to everyone",7.11.0
Oura,google_play,us,e9dd9c3f-0b1d-4832-b4d4-55c84ffeb0a6,2026-04-17 01:40:10+00:00,2,,"Within days of each other, my husbands ring and mine have stopped keeping charge for much longer than 24 hours.We used to get about 3 days before needing to charge them.We've only had these rings for just over a year.The amount of application updates is ridiculous and I do believe this is intentional so we will go out and buy new rings.We won't be purchasing new rings which is too bad because we do like them other than the bugs and needing to charge constantly.Any online help is AI based.",7.11.0
Oura,google_play,us,3d577574-3e68-4492-bb53-4181e1dc1c87,2026-04-16 13:54:06+00:00,2,,"4/16/26 Latest update has home screen refreshing itself every few seconds. By the time I scroll to the bottom, it refreshes and has me back at the top. And TOO many updates! I don't auto-update any of my apps, and I'm soooo tired of seeing the update message constantly when I open this one. Let us dismiss it. Stop forcing us to update when the version we're using works for us!! I've had my ring for a few years now but am looking at competitors because the app drives me crazy!",7.11.0
Oura,google_play,us,2aac1170-6017-4973-9973-4080b1b6b950,2026-04-16 02:42:59+00:00,2,,"I used to love oura, I've bought 2 rings over the years, but sleep tracking has really gone downhill. Doesn't pick them up or assumes I'm getting standard nighttime sleep if I have a nap that ends after 6pm. If your sleep schedule differs at all from a standard late evening bedtime and early morning wakeup with a single sleep session it will probably be as useless and frustrating for you as it is for me.",7.11.0
Oura,google_play,us,0c0c540e-6efd-49f1-a735-3cceba7c6212,2026-04-15 17:41:54+00:00,3,,"Used it for 2 years. Loved it. But now I'm done with it. I've been dealing with some poor quality sleep issues lately. As a result of them, my scores are never really good anymore. At this point the ring is causing more distress than helping. Not adding any value, other than making me annoyed and frustrated looking at the numbers. Each new metric is just more bad news. This product has taught me that sometimes too much data is counterproductive.",7.11.0
Oura,google_play,us,63091ed6-c58f-4986-b4e5-ff340fb68c93,2026-04-15 13:47:49+00:00,4,,"Only complaint is the sleep tracking..Many people don't fall within the sleep night range or window...Hopefully, there will be an update for different sleep time... good app...",7.11.0
Oura,google_play,us,85a16f85-264f-49d7-8073-7211e160c7f6,2026-04-15 10:49:48+00:00,4,,"lots of good features, but sometimes difficult to navigate.",7.11.0
Oura,google_play,us,001a7658-9893-4ab4-aa70-2cf170b9f23d,2026-04-14 22:15:41+00:00,1,,"App worked with ring when I first started 4weeks later app crashed. tried using Finn your AI contact, all suggestions failed. Gave up turns out cheaper models work better.",7.11.0
Oura,google_play,us,d53de273-5071-481d-abd1-0f6f8c3b024c,2026-04-14 03:06:11+00:00,2,,"I purchased the ring and everything was great, but now for the past work the ring wont sync/connect...even at night when I need it most. Seriously reconsider buying the ring if you have an Android- it will work fine, but then all of a sudden you have a $500 costume jewelry ring. So disappointed.",7.11.0
Oura,google_play,us,8ce55ff1-224e-40f4-a09e-de298d0581d2,2026-04-12 16:49:57+00:00,1,,"Oura has recently sabotaged the app. Not only is it buggy and unresponsive at times, they have proactively hidden extremely important metrics that many people use daily. If I now want to see my step count I have to sometimes click several different buttons, and at least 4 different menus to see my step history/trend. If this keeps up I will actively be looking for a different ring company and will definitely not recommend it to others. Also, Oura, let's count calories instead of nutrition vibes.",7.11.0
Oura,google_play,us,157a9da1-b60a-4504-b706-d117287b3549,2026-04-11 22:55:56+00:00,3,,Cardio test remains broken. 5 stars for the features that work.,7.11.0
Oura,google_play,us,fee8c899-7987-4812-a19a-9e8f97efa96b,2026-04-11 15:37:48+00:00,5,,Love it,7.11.0
Oura,google_play,us,10022174-2c1a-4db9-b20b-5fdede2f13e2,2026-04-11 02:48:32+00:00,5,,I love the health data at my fingertips......literally.,7.11.0
Oura,google_play,us,7ac1f8e2-31f7-4f3e-865a-832c82f9d2c4,2026-04-10 16:12:13+00:00,4,,"love this app ❤️ it still needs fine tuning, the other night I did not sleep at all, jist got on hour in and the app logged it as a nap. But that is a really bad night ! Overall I love the battery life and data I have been tracking to become serious about my sleep. I also track my workouts Noting my sleep debt is useful and stressful at the same time 😁",7.11.0
Oura,google_play,us,5a55161b-b727-4d21-8398-e659f067f0f7,2026-04-10 14:47:32+00:00,3,,"With the recent update some how caused a glitch in the widgets. I use the battery widget and it constantly changes to the readiness number, then when I tap the widget and come back to the home screen it changes to the battery level. Very annoying. Also if I long press the widget and tap widget settings it causes my phone to restart everytime.",7.11.0
Oura,google_play,us,bf76c38d-a10d-4157-9fc0-1c5ba5ae5590,2026-04-10 11:17:05+00:00,5,,I'm 73. I find using the ring both educational and motivational. It has made a huge difference in my being able to stay on track with my health goals.,7.11.0
Oura,google_play,us,6c5745ad-6a74-49d5-9d08-4bc725576b68,2026-04-10 01:01:17+00:00,3,,"This would be 5 stars, what happened to tracking steps as well as the percentage?? Bring the step tracking back, I'd rather have that than the percentage.",7.11.0
Oura,google_play,us,b7ddb349-6f3b-4632-86c5-27463a767ab1,2026-04-10 00:29:46+00:00,1,,"The ring is great but the app and customer service support for the app is very bad. If you have any app problems, it's next to impossible to reach a human. Even when you finally get past all the AI bots, and reach a real support rep, they are only going to recycle the answers that the AI bot already provided.",7.10.0
Oura,google_play,us,f49a1797-af08-4a83-b4cf-030ad963711b,2026-04-09 09:13:46+00:00,5,,❤️,7.11.0
Oura,google_play,us,9873f0c2-24c4-467a-bfa6-488ef403ae90,2026-04-09 03:30:36+00:00,3,,"Would have been 5⭐️ had it not been for the last updates. Syncing has lagged. Naps & walks are not being detected although they were at first (I have made no changes to my routine). The font in the write in text field (when logging a meal) is dark gray on a dark background, so it's difficult to see what's being typed. I still appreciate the insights, however I worry that it's not taking everything into consideration since it's not logging certain aspects. I hope the next update fixed these bugs.",7.11.0
Oura,google_play,us,7b90a290-ce84-4882-aef4-4b57af186d2e,2026-04-09 01:18:45+00:00,4,,App has to update too often,7.11.0
Oura,google_play,us,f7b1d21c-777d-4f90-87cb-599f1c1beb7d,2026-04-08 14:06:40+00:00,4,,"a very good product, app, and service! I wish there was a calendar function, though. I log my chronic migraines in Oura, and there's no way (that I know of) to go back and see an overall log of what days I had migraines on a calendar.",7.11.0
Oura,google_play,us,49366871-0975-4078-97b0-ecdc27a423f6,2026-04-08 13:06:22+00:00,3,,I just updated the app and all my data is gone and I don't have any readings other than heart rate. ugh...,7.11.0
Oura,google_play,us,baa24bcf-e3e1-451f-b523-3e1cf338940e,2026-04-07 15:50:52+00:00,4,,"please. Let me turn off the ""syncing your data"" notification. Its really annoying",7.11.0
Oura,google_play,us,ac7442e8-bacd-4e7e-ab17-9dc85e5aa689,2026-04-07 13:04:24+00:00,3,,"Love the ring and the insights, but the app needs some love. Most of it looks great and works, but then you try to change a meal from snack to breakfast and the dialog looks like it was built in 1920. Black text on dark grey background, no selection indicator. Same with date and time pickers.",7.11.0
Oura,google_play,us,16ffc457-c9fb-440b-afec-73df9c742cbb,2026-04-07 10:29:47+00:00,3,,I've been an Oura user since Gen 1. I have always loved it and have gotten friends to buy it too. That said the activity logging is unnecessarily cumbersome. A year ago I requested that we type in calories shown on exercise equipment which would solve the issue. They just lied saying this simple feature was passed along and blew smoke up my a$$. I'm very disappointed and thought they called customers more than this.,7.10.0
Oura,google_play,us,39ea9407-9090-4720-9a8e-3c603716c167,2026-04-06 17:08:08+00:00,1,,"after less than a year, due to a ""battery issue"" my oura ring won't update the app. I am I communication with them but since you have to pay lots of money for the ring, then even more for the app, I am very unhappy with this. there are cheaper options out there.",7.10.0
Oura,google_play,us,0a39a3fa-0630-4174-9342-04943df14629,2026-04-06 16:02:01+00:00,2,,freezes when recording workouts then won't be able to exit or use app for days,
Oura,google_play,us,c444e29e-8d76-4a3d-ae87-d5fe28e6e4f5,2026-04-06 09:39:03+00:00,5,,The ring gives me the visual information about my heath that I need to make changes. Love it.,7.10.0
Oura,google_play,us,5ccd0a3a-5f2c-41c0-8208-0a5983dc4ada,2026-04-05 23:40:18+00:00,5,,I had a virus and my Oura ring told me as soon as I became sick. it downgraded my illness the same day I started to feel better. I highly recomend!,7.10.0
Oura,google_play,us,a0be864f-c871-4b10-a605-276159b9fd25,2026-04-05 19:45:56+00:00,2,,"It's okay, but not sure it's worth the steep price + subscription. I have found the resilience score is the most useful overall health measure. Especially because the charts are too vague for real time biohacking anyway (not even temperature). It would be much more useful if it was hour by hour. Aside from that, the notification to charge battery usually pops up at the last minute when it won't even last thru the night, so a lot of lost data. Without these issues, it would be 5 stars.",7.10.0
Oura,google_play,us,10c61efe-0e1c-4603-a564-95c4765b3cef,2026-04-05 12:33:57+00:00,5,,"AI is a Great help, along with food and activity tracking. Oura ring compiles a lot of info for such a small device.",7.10.0
Oura,google_play,us,4eec86f0-4b19-4721-8539-71311d7cd522,2026-04-04 11:46:49+00:00,5,,This ring is amazing. It knows when I'm getting sick or feeling stressed. It helped my mom diagnose her sleep apnea. It told her that her oxygen was dropping at night so she went to her doctor about it and after a couple tests they confirmed she has sleep apnea. We would have never known if it weren't for Oura. Everyone should be wearing one of these rings.,7.10.0
Oura,google_play,us,9c09ba6b-e3c6-46a6-8b11-8cc390a1d390,2026-04-04 10:55:54+00:00,5,,Love Oura. my sleep has improved dramatically and it has motivated me to make positive changes to improve my health,7.10.0
Oura,google_play,us,fa158042-d7f7-47c3-9a5a-4cd21113f733,2026-04-04 04:00:14+00:00,2,,Not impressed. Stats really dont seem accurate.,7.10.0
Oura,google_play,us,dcd93dca-08ac-44e5-8ae6-8a97511c63c2,2026-04-04 01:25:15+00:00,5,,love it!,7.10.0
Oura,google_play,us,6d98b4f9-cae9-4e89-b3e8-534f1ec5b455,2026-04-03 23:14:06+00:00,4,,"Have used the Oura ring 4 for a month. App is user friendly. Data is comprehensive, although sleep data isn't always accurate. It often confuses sitting/lying down with sleeping. Would love more options for daily calorie burn/steps goal eg. 150 calories, 1000, 1,500 steps for people with limited mobility. Having the option to get notifications for ring battery percentage at 20%, 30%, 80% would be handy too.",7.10.0
Oura,google_play,us,be194774-4082-481f-b994-dba20b7434ce,2026-04-03 23:12:58+00:00,4,,"Clean UI and an informative, well-designed app. I primarily use it for sleep and readiness insights rather than activity tracking. The only downside is the inability to add naps manually or retroactively, which is why I’m giving it 4 stars.",7.10.0
Oura,google_play,us,f7e89b64-b877-4480-927d-cb83ca985391,2026-04-03 17:53:48+00:00,4,,"I honestly want to give this a 5 star rating but there are some glitches. Does not always record when I take a nap. When I go to bed it usually doesn't start recording sleep until an hour or more after I fall asleep, thus throwing the numbers off. But this is a much better device than others I've used.",7.10.0
Oura,google_play,us,167596de-9fc8-46b5-a28f-38d8ca7f6344,2026-04-02 20:31:07+00:00,2,,"widgets broke in the recent update. the batter reverts to readiness, readiness turns into battery, none of them stay with what they're supposed to show",7.10.0
Oura,google_play,us,93ddd939-c039-439f-a1d9-b3fb7cfa4781,2026-04-02 17:12:34+00:00,2,,"app works generally pretty alright, except that one of the core features lags so hard and is so bugged (adding recommended activities to the timeline) that I need to spam confirm or open and close the app that it has become a significant point of friction. adding a confirmed activity sometimes takes 3 minutes of waiting after I press confirm, which is ridiculous",7.10.0
Oura,google_play,us,61f30140-220f-48eb-a149-de36bdb8a5f8,2026-04-02 03:40:37+00:00,2,,works well sometimes but lately went from 5 days battery life to less than 24 hours. last update didn't fix it. Also annoying I can't get alerts to check it every morning. Just low battery alerts.,7.10.0
Oura,google_play,us,4898a281-d6c0-42ff-9955-f4222f63ac58,2026-04-02 03:13:45+00:00,4,,"Great app but why is it that on the apple version, when I hover over a BPM, the phone vibrates at that BPM, but on my Samsung Phone, this doesn’t happen?",7.10.0
Oura,google_play,us,529a5dc4-5475-41f2-aa7a-187fe48da654,2026-04-01 20:34:37+00:00,2,,"constantly loosing connection to device. won't hold a charge longer than 2 day anymore. I've only had the ring for a year & at this price point it should last 10! Also, the black coating is chipping off.",7.10.0
Oura,google_play,us,f67c4a9d-50e4-4a8b-9a8e-bb6665888a87,2026-04-01 13:55:04+00:00,3,,"The app is great, but the latest update broke the widgets: the oura Battery Level widget changes to Readiness Score everytime I synch my ring. Then I have to delete the widget and add it again - every day, each time I sync the ring 🙄 The Battery Level widget was the best because it helped me to remember to charge on time. But now this keeps happening.",7.10.0
Oura,google_play,us,91f92cc0-4faf-4ad0-bf19-f90282f60761,2026-04-01 13:03:21+00:00,5,,love it!,7.10.0
Oura,google_play,us,7a612812-4be1-4ee0-85a8-bee8669a4569,2026-04-01 07:52:00+00:00,5,,Oura customer service is fantastic. My ring had issues 2 months after the warranty was up and without even talking to a human they had shipped me a new one. It was very loyalty building.,7.10.0
Oura,google_play,us,244e3b23-7405-4607-9456-3a9830b930be,2026-03-31 23:00:40+00:00,5,,"Very well integrated, never had an unreasonable mess-up with syncing, and it provides valuable insight on your biometrics and health parameters. App has incredible fidelity and have not had an issue with device connection. Oura has given me a great insight on my sleep, stress, and activity levels day to day, especially with the long term averages for my biometric measurements. Without a doubt more accurate and stable than any other smart device/ring I've tried, definitely worth the purchase!",
Oura,google_play,us,e4c92bce-4c3f-49d7-b1da-d972784128b1,2026-03-31 19:32:50+00:00,2,,"Be sure to get at least the two year warranty because the second it hits your two year mark, the sensors go out. Such a bummer when I use this mainly as birth control and now I feel like I'm being forced to drop another $300 on a new ring.",7.10.0
Oura,google_play,us,0d7368af-c544-4eb8-900d-763548a7d701,2026-03-31 15:12:55+00:00,5,,"I like Oura as app, as brand, as service 👍",7.10.0
Oura,google_play,us,96539c5f-bfb0-4c56-a0aa-f0d5d515fb0f,2026-03-31 15:01:09+00:00,1,,i HATE THIS RING..... unable to track it.......IMPOSSIBLE TO TALK TO SOMEONE.... BOUGHT THE RING AND THE SUBSCRIPTION AND A TOTAL WASTE OF MY MONEY. it doesnt even track the track of yoy activuty well enought to help find it....... and who kniws what the subscripti9n dies because i cant get into and cant talk to anyone!!!!,7.10.0
Oura,google_play,us,4c33d7b1-d011-4fc2-a666-87097a1706fd,2026-03-30 17:30:32+00:00,3,,The sleep tracking is not ideal for night shift workers. The peroid tracking needs to be easier.,7.10.0
Oura,google_play,us,ae0bc66b-3336-477c-98c8-4ea77c4cbdd7,2026-03-30 15:20:44+00:00,1,,"Doesn't show actual sleep duration-just a vague, made-up score. Currently it is as useful as asking myself how well I slept.",7.10.0
Oura,google_play,us,abdb8a8b-0f50-439d-8c61-253361eee5f6,2026-03-30 13:47:42+00:00,5,,"I knew that I had trouble sleeping, but now it's confirmed that I wake up multiple times every night.",7.10.0
Oura,google_play,us,deedaeec-c974-472b-9439-d2553dff7d82,2026-03-30 10:40:56+00:00,4,,I am thoroughly enjoying the aura ring especially after 30 days of wearing it when it's most optimal I also use it with my GCM monitor and now that I am using the stelo GCM it is compatible with my Oura ring. it doesn't have my circadian rhythm off and it registers exercise as stress. love that you can wear it for days without having to charge it but I hate that it doesn't give me a reminder earlier in the day so I can charge it earlier.,7.10.0
Oura,google_play,us,d4acad80-48f5-4a79-a5de-3ad01d3ed5ea,2026-03-29 21:42:57+00:00,1,,App and Ring haven't updated for BST clock change!,7.10.0
Oura,google_play,us,448a1271-6e1b-45e3-af49-58508f0a8d4a,2026-03-29 17:58:04+00:00,4,,"Android App Shortcut: 'Log a Meal' would make this 5 stars. Currently, the only shortcut is 'Record workout HR,' which is high-friction for daily use. Adding a direct 'Log a Meal' shortcut would significantly reduce tap-depth and improve consistency for metabolic tracking.",7.10.0
Oura,google_play,us,cf2f3c87-8f82-4593-8a7c-5c33696fe48c,2026-03-29 14:02:12+00:00,5,,"LOVE my ring. I wear it EVERYDAY, ALL DAY.",7.10.0
Oura,google_play,us,cf0a40ee-619c-43ea-9c81-9a0128cbd9d6,2026-03-29 13:43:46+00:00,5,,GOOD APP,7.9.0
Oura,google_play,us,ac60b725-3a7f-4af5-89f9-44e1f012fcd9,2026-03-29 05:12:58+00:00,2,,"It must be me, I finding this app frustrating. I can't see the times at the being of my sleep, it over laps. I actually dont find the app simple to navigate. I was comparing with a friend's fitbit and this was so much more complicated. it was actually embarrassing 😳",7.10.0
Oura,google_play,us,12fae68c-87fa-48ee-8ba2-30f295c7303d,2026-03-29 04:22:18+00:00,1,,"NO THANKS! I'm returning it on Monday. Mar 24 - still a mess! EDIT: Broken Advisor for 2 days.. GARBAGE. I don't get the hype or what these people like about ring or app. Ring added block of sleep (1-7pm) when I was fully awake, moving, walking, reading. Graph shows broken periods of nothing (it's not the fit). It added 3hr block of sleep 1st night while I sat reading. I bought to show fractured sleep, frequent arousals. Seven days in and this is laughable.",7.10.0
Oura,google_play,us,001a9cb7-f44b-43d4-b94a-a710408478c4,2026-03-28 16:05:15+00:00,4,,UPDATE 2026-03-28 - most of my performance complaints have been addressed. Thank you. One enhancement I'd like to see is to allow a personal data feed API that doesn't require a website or TOS or Privacy policy. Want to write personal health apps with AI.,7.10.0
Oura,google_play,us,1b1e9b24-3f36-4064-9eae-114d7ebd3d87,2026-03-28 09:16:31+00:00,5,,"I’ve had this for just over three months now and find it incredibly useful. The sleep tracking is the standout feature—it provides a deep dive into my sleep stages and recovery that I wasn’t getting before. It’s so lightweight and comfortable that I forget I’m wearing it, and the battery easily lasts 5–7 days. It’s been great to see how my habits impact my rest. Highly recommend it for a seamless way to monitor health and sleep.",7.10.0
Oura,google_play,us,9110f71f-cd5c-4bc0-927b-e69c841dec43,2026-03-28 04:49:39+00:00,5,,Your perfect lifestyle companion,7.10.0
Oura,google_play,us,bb6107f3-682f-4c7c-8cc7-604ccbab85ae,2026-03-28 03:01:39+00:00,3,,widget keeps changing from the battery i select to the useless readiness everytime i replace it then open the app.,7.10.0
Oura,google_play,us,0ee58c50-1f25-4a58-984c-8160de0ded38,2026-03-26 20:49:42+00:00,3,,"I brought my Oura ring in March 2025, and now it seems to constantly requires resyncing. Also, the App is requiring an update at least twice a week. As a result, I'm not getting the complete data when I'm wearing my ring.",7.9.0
Oura,google_play,us,992dbf6e-779b-4d7c-bdac-071728775020,2026-03-25 23:53:07+00:00,1,,can't organize the different areas Oura tracks so that the higher priority stuff is higher. I wish there was more personalization available in the app and the ability to give feedback on sleep results/ stress,7.10.0
Oura,google_play,us,c5074aab-33f0-4eb5-9b3d-72a8b278a445,2026-03-25 20:00:40+00:00,3,,"Honestly the ring barely works and even when it does what am I to do with the data? edit: it's better now, they have improved the software a lot",7.10.0
Oura,google_play,us,8c5ed835-0363-40fa-9f9b-fb972f63e010,2026-03-25 18:12:13+00:00,5,,This app gives great insights to your health and ways to improve.,7.10.0
Oura,google_play,us,a7dcbf70-bf5b-4af6-a098-beb85150cf45,2026-03-25 09:08:37+00:00,5,,"Why the widget on Samsung Fold 7 becoming mesh up after latest upgrade (25/3/2026). All Icons (Readiness, Sleep, Activity, Battery) becoming the same.",7.10.0
Oura,google_play,us,40b5445a-99df-46c8-938f-794879f23681,2026-03-25 08:07:52+00:00,3,,"Based in France and currently trying to return my ring. I bought it less than 30 days ago so the process should be easy and quick, right ? But my request looks very complicated for Oura, I needed to speak multiple times with the support so that they understand.... looks like this is the first time they need to process a return and that's VERY time consuming :(",7.9.0
Oura,google_play,us,2ee42b62-1125-433c-a758-3f32b42953e4,2026-03-25 05:54:41+00:00,4,,Great device. App is awesome,7.10.0
Oura,google_play,us,3bff041b-fb15-40a3-b6b7-3b319f254ebf,2026-03-24 23:30:22+00:00,5,,Latest version eats battery. Both Google and Samsung complaining about its background power usage.,7.9.0
Oura,google_play,us,269b0f10-1579-403f-9c67-18052687ccb1,2026-03-24 18:49:48+00:00,1,,"Edit - I just spent 45 minutes with your bot. It agreed my ring is defective & should be replaced. Then it told me to contact 'customer care', without providing any contact info. The problem has existed from the beginning. Your customer care is as useless as the ring. I have the app on phone & tablet (android). The only way to sync data is to restart the phone/tablet. I've followed the suggestions, loaded updates, uninstalled/reinstalled. Nothing has worked. This is useless.",
Oura,google_play,us,d17cc2fe-82ba-4311-9a17-2c6877c92f50,2026-03-24 16:59:03+00:00,3,,does not recognize weight training. THATS EXERCISE!,7.9.0
Oura,google_play,us,60b20d64-afd6-4d04-ac13-38683d6257a0,2026-03-24 16:43:18+00:00,4,,"Update: Thank you for the response! I the Oura Ring feedback and it's helped me with sleep habits and stress reduction this past year. Since the last update, I've been experiencing my battery life issues. Very fast drain. I've done soft factory resets but it doesn't seem to help. Also seeing stress feedback during the day that doesn't correlate.",7.10.0
Oura,google_play,us,250582e3-5a92-4c93-aa0d-ea35fce22300,2026-03-24 14:33:17+00:00,3,,"issues with last few updates--i have 2 Gen 4 rings which I seamlessly switched between for months, but a few updates ago stopped that from working correctly. i constantly have to factory reset the ring I want to switch to. the app has also started losing sleep data, last night despite having heart rate and stress mapped for the entire night, there is zero sleep data. there needs to be a way for a user to force a recalculation within a time frame they know they were trying to sleep during.",7.9.0
Oura,google_play,us,1252d459-8258-4cbd-8df8-f01fa06737ac,2026-03-24 14:19:20+00:00,5,,Love ❤️my Oura Ring,7.9.0
Oura,google_play,us,b4bcd9e3-7b17-4001-824f-f0dd9eb6fe45,2026-03-24 12:48:32+00:00,5,,eye opening information about sleep and other factors.,7.9.0
Oura,google_play,us,c7918408-b835-4add-b85b-395782061a32,2026-03-24 07:22:09+00:00,2,,"the women's health area doesnt work, I cant change anything, any time I try it crashes out and says there is a bug! one of the reasons I paid £400 was to use that particular part! not happy.",7.9.0
Oura,google_play,us,d593fb02-8dc7-43de-a2d5-c316c15d14d1,2026-03-24 01:19:40+00:00,5,,This ring has been a great tool in my personal health regimen!! I can't wait to see even more positive changes!!,7.9.0
Oura,google_play,us,c10f33c5-e955-4797-be86-3e36e7601c8d,2026-03-23 19:03:24+00:00,5,,I need to open the app to synchronise my exercise....,7.9.0
Oura,google_play,us,7d734754-838c-44eb-b130-9661c3d6e0cf,2026-03-23 15:26:45+00:00,5,,best health tracker i have ever used,7.9.0
Oura,google_play,us,c6174dae-2ec6-4664-af79-4b9e673e6ff9,2026-03-22 23:16:40+00:00,3,,"I honestly love the app and insights. However, I am definitely not a fan of the paywall system that is used. Unfortunately, no sooner did I get charged for the subscription - my oura ring is basically useless for several of the things I need it to track. As of the 14 month mark of my having it, I cannot even get a full 24 hours usage per charge. This means in order to chart several biometrics, I would need to charge roughly every 12 hours.",7.9.0
Oura,google_play,us,b7e74104-c359-48a3-a680-538a978a5bed,2026-03-22 21:20:57+00:00,5,,love it,7.9.0
Oura,google_play,us,6e58487d-5a41-4401-831b-8b433fe45233,2026-03-22 14:21:02+00:00,1,,"The app designers chose fancy gimmicks over foundational elements. You can't find what you need when you need it, if they even have it. Not worth the money. Especially if you hate dark mode.",7.9.0
Oura,google_play,us,c572cd3a-31f7-4b40-b555-7117496b32e4,2026-03-22 11:18:42+00:00,3,,"Overall, Ring Gen 3 has changed my life for the better in past two years of use, with updates sometimes changing performance. After Jan - March 2026 updates: - sleep cycles data seem AI hallucinated. If I sleep more after looking at the sleep report, patterns of whole night totally different (e.g., pattern changed and deep sleep from 4m to 50min deep even added sleep period had NO deep sleep) - batt lasted 6 - 7 days now 1-2 - worse activity detection walking as other, swimming as walking",7.9.0
Oura,google_play,us,7f0f18f2-5e64-4690-af62-4b0f9c5c271b,2026-03-22 07:08:03+00:00,5,,Essential for anyone above 40 who wants to stay healthy.,7.9.0
Oura,google_play,us,d3ff28dc-ff3c-4d82-b917-5c2599ea5021,2026-03-21 23:24:29+00:00,1,,"The app doesn't sync unless I restart my phone. I've followed all the suggested fixes & none solve the problem. I received the ring from my Medicare plan. If you are providing defective products, isn't that Medicare fraud?",7.9.0
Oura,google_play,us,21b3c767-23de-41b6-bf06-800b39a9b38f,2026-03-21 21:28:31+00:00,2,,"It is not correct device and application for measure your activities. It's skip about 25% of your actions. It's true for iOS too. It's absolutely normal if it skip one hour of tennis playing or 2 hours of walking. I think it's a app problem, coz sometimes I got actions from yesterday, but i always opened app before going to bed and waiting sync. Another problem is wrong activity time, you walk 1 hour but app show only 10 min.",7.9.0
Oura,google_play,us,bc6564e0-6908-4de7-add0-d0968c7c3301,2026-03-21 13:27:44+00:00,5,,very accurate and love the different areas and things it measures!,7.9.0
Oura,google_play,us,32c5abbe-ff42-430e-9e1c-1e3e4bf6eacc,2026-03-21 13:26:31+00:00,4,,"Gives me great insights into my health, habits and trends. Which let's me adjust to stay in optimal activity and sleep ranges.",7.9.0
Oura,google_play,us,158cd37f-bc0e-450b-8b6d-4c3280f98f15,2026-03-20 19:02:59+00:00,1,,"downloaded to my phone worked for a few weeks now when I press on icon starts to come on then imidiatly closes, tried several suggestions but still no good",7.9.0
Oura,google_play,us,3f48364b-2adf-4664-a9f0-69d6af9e05c1,2026-03-20 11:31:13+00:00,5,,love it!,7.9.0
Oura,google_play,us,4b143cf6-7482-405e-8fb5-d805bf2242b8,2026-03-20 09:29:01+00:00,4,,Great insights. battery life on the aura Generation 4 only last 10 months.,7.9.0
Oura,google_play,us,3c1d89b4-628d-4f58-a56c-942118fd7104,2026-03-20 07:39:34+00:00,1,,since the last update the battery on my ring isn't lasting. I'm lucky if I get 24 hours. I'm also not getting all of my sleep data because it can't connect.,7.9.0
Oura,google_play,us,23a80587-30a5-4cbd-a374-ffa319c872ad,2026-03-20 01:39:18+00:00,5,,AWESOME AWESOME AWESOME!!!,7.9.0
Oura,google_play,us,1dbf3442-f58c-459b-a33e-a5dd176034ed,2026-03-19 21:30:53+00:00,2,,since the last update my ring will not track heart rate during workouts. works fine throughout the day and night otherwise. the feature i need most now or is not working...it continues to work if I do not try to track heart rate during workout. how does that make sense 🤔,7.9.0
Oura,google_play,us,e9126e67-6a13-45be-b766-eb084df24a0a,2026-03-18 21:13:51+00:00,4,,So much better than my Apple phone!,7.9.0
Oura,google_play,us,e56385ff-8283-40ff-a807-fdfd0ffd7f61,2026-03-18 19:27:35+00:00,4,,"Wish I didn't need a subscription after paying so much for the ring, but they got me because the app is great and I no longer have to measure my temp manually for my NC natural birth control app. Worth it.",7.9.0
Oura,google_play,us,f27c0dca-b32c-4e1e-bcbb-2ff40bbbaf33,2026-03-18 12:27:21+00:00,1,,does not track sleep accurately at all.,7.9.0
Oura,google_play,us,450c00cb-3b4e-4153-86c8-69446132a735,2026-03-18 07:58:46+00:00,5,,"love the stats ,it really nakes me listen to what my body needs insted of just ignoring signals which many of us tend to do .This ring is helping me change for the better!",7.8.2
Oura,google_play,us,6a158ae4-f8f6-4086-b6fc-a604ff24b3a8,2026-03-17 10:08:03+00:00,5,,Amazing little device,7.9.0
Oura,google_play,us,365b250c-b2b2-4419-bae8-63103c86dae6,2026-03-17 00:07:18+00:00,5,,"The best biometric ring/device, out there! The most ideal to support your health.",7.9.0
Oura,google_play,us,2d9e9381-ff91-4acc-bf0d-2bd190f49fc2,2026-03-16 18:05:30+00:00,1,,"It's fancy, but not intuitive to use at all. I wanted to log my periods and workouts for previous days, multiple days at once, but only find I can log one day a time.",7.9.0
Oura,google_play,us,8edd2a68-9465-4fe6-b9d0-57520d66d398,2026-03-16 18:03:09+00:00,5,,amazing,7.9.0
Oura,google_play,us,c46fe65b-c7ea-4569-8fdc-b2e5a5515b1e,2026-03-16 15:33:19+00:00,5,,I like that I can monitor my sleep. I use to wear cpap and this helps me monitor how I sleep without cpap and monitor my oxygen levels.,7.9.0
Oura,google_play,us,3f553e51-61d4-4831-a71d-936fcf6b1466,2026-03-16 07:09:45+00:00,4,,Great for sleep but inaccurate for fitness,7.9.0
Oura,google_play,us,7d10464e-992f-452e-a555-d80aaaa6017e,2026-03-15 20:44:26+00:00,4,,I love the app... but the heartbeat mimic feature is not working on Samsung S25 ultra,7.9.0
Oura,google_play,us,5cf66200-938a-4074-88c9-7650b6690954,2026-03-15 20:06:17+00:00,1,,"I think it’s time for me to switch to Whoop. I had a good run with the Oura Ring, but the data no longer shows correctly in real time. I often have to wait until the next day to see how I slept, which is frustrating. I bought it mainly to track my sleep, and people with poor sleep are exactly the ones who need reliable tracking. Unfortunately, the sleep tracking doesn’t work well for shift workers or people who sleep during the day.",7.9.0
Oura,google_play,us,98bfd954-cb9a-4212-a6c0-cf935742c21f,2026-03-15 16:16:22+00:00,5,,Loverhe assessmentsand tips on how to maximize your health,7.9.0
Oura,google_play,us,c85f1aeb-f834-4272-8e40-e9478515bf27,2026-03-15 16:12:28+00:00,5,,LOVE IT!!!! I had back surgery and it helped me keep track of my progress and recovery.,7.8.2
Oura,google_play,us,e0902aa7-859f-4875-92b0-c68c25f65c99,2026-03-15 13:05:34+00:00,5,,greatest sleep profiler on the market,7.9.0
Oura,google_play,us,7d682413-88d2-4d2c-b604-e53226b745d9,2026-03-15 12:40:57+00:00,5,,"love this ring, helping me with my health.",7.9.0
Oura,google_play,us,99215d00-6bb5-4085-9cfd-018ad180b918,2026-03-15 12:39:57+00:00,5,,"I love my ring, I've had it for over a year. everyday I cant wait to see how it sleep and where my stress levels are. I just bought my husband a cheap version and it has his BP. with all the updates we seem to get could this be an option for us?",7.9.0
Oura,google_play,us,acd8c389-d5ba-467d-b8f8-f8904a91089f,2026-03-15 11:10:40+00:00,5,,"I recommend this ring to everyone who notices mine. My sleep score has improved since I purchased it, and we all know how important sleep is to our physical and mental health. It's money well spent.",7.9.0
Oura,google_play,us,ad23cf97-ccd9-4a9c-8e8a-2ce2d47319b9,2026-03-15 08:43:12+00:00,3,,"The ring itself and the app are nice. I would like more numbers in the app, and a more transparent set of conclusions, e.g. what does Stress mean? Lots of wearables measure it, likely none in the same two ways. But the big drawback is cost: $6/monthly on top of device cost is just too steep. I cancelled my subscription and stopped wearing the ring.",
Oura,google_play,us,fe95535a-909b-4801-bb99-9a247e488ddc,2026-03-15 08:11:58+00:00,5,,brilliant health tracking and analysing tool,7.9.0
Oura,google_play,us,8c8207b4-3497-43b6-844a-4ab949b9276b,2026-03-15 04:46:53+00:00,3,,"Not the best sync, for the initial cost and constant paying of this app, the software fails too much. I have an android. The main issue: ""Waiting for your sleep data"" It never finishes and therefore I have no sleep graphics anymore. The help, not very helpful, basically, sorry, sometimes software is not perfect.",7.9.0
Oura,google_play,us,f5c8ea1b-1bc2-423d-ae5a-a44dd08ccab0,2026-03-14 22:09:53+00:00,4,,"Love the app, love the platform. Since the last couple of updates, there are a few issues that both my wife and I are experiencing.: 1. Ring battery not lasting as long as it used to. Battery is low after two day vs the 6 or 7 days previously 2. My wife's sleep tracker is sporadic and doesn't seem to work correctly anymore 3. When logging meals, the date always defaults to Tuesday 3/10. It won't default to (now) anymore.",7.9.0
Oura,google_play,us,44bcd21a-75fa-49fa-977f-8e7acaa4b01f,2026-03-14 20:52:48+00:00,5,,the best,
Oura,google_play,us,deae3775-918a-4371-8f10-eba51b11d2de,2026-03-14 20:02:55+00:00,3,,"The ring and app have been fantastic but I do have a problem. I work nights, which means I can't go to sleep at 9 pm when the app thinks I should and that affects my readiness score every day and there's no way to adjust it to me not getting home until 12:30 am. I've asked customer support and they said to give it 3 months but it's been 4 and the app is still telling me to go to bed earlier every night. The score doesn't really matter but it's stupid to assume everyone has the same schedule.",7.9.0
Oura,google_play,us,20d5171f-048d-42db-b4dc-bb156cb61e76,2026-03-14 19:55:38+00:00,1,,annoying to navigate,7.9.0
Oura,google_play,us,e233df7a-39d0-4a3f-8045-10b3c504ab05,2026-03-14 13:25:48+00:00,5,,"I believe this app is the best for helping me take small, manageable steps to improve my health. Thank you, Oura!",7.9.0
Oura,google_play,us,41f8b416-ac90-4fee-8a0b-03803866977d,2026-03-14 11:31:53+00:00,1,,"The latest few updates have been bad, ring battery is draining within 24 hours, sleep is not syncing the last few nights. tried soft reboot and still not syncing after sleep",7.9.0
Oura,google_play,us,d578d595-cb7f-4df7-b5ba-6213102566dc,2026-03-14 00:35:42+00:00,1,,The locate my ring EXTREMELY SUCKS. I lost my ring while clearing snow off my car this morning and the location of my ring was popping all over and when I would use the camera to get a live feed of where the ring was at it would say in was across the highway or up on the power lines said it was in my dumpster even though I didn't go across the street or to my dumpster or hang from the power lines and everywhere else it said it was at when it wasn't. 9 hrs looking and melting snow found it.,7.9.0
Oura,google_play,us,97a6a770-1b49-4967-822d-b2232a341cd1,2026-03-13 22:38:35+00:00,3,,don't update anymore,7.9.0
Oura,google_play,us,5d6890f5-56cd-43ad-b105-5a8f1a44aab1,2026-03-13 18:35:52+00:00,4,,"sometimes doesn't transfer data properly, but otherwise good!",7.8.2
Oura,google_play,us,267101f3-cb4c-4caf-a676-c2e363e98786,2026-03-13 03:37:56+00:00,1,,worthless app and $500 device without subscription. Not recognize activity.,7.9.0
Oura,google_play,us,9520fffe-08e0-431a-ade9-fb4070e74fd3,2026-03-13 02:15:07+00:00,5,,I love the Oura .it allows me to see my vitals. as a diabetic and cardiac patient.,7.9.0
Oura,google_play,us,8f092787-1908-484c-806b-3530477dbbdf,2026-03-13 02:12:42+00:00,1,,constantly needs to reboot.,7.9.0
Oura,google_play,us,bb9962fc-2aa0-42c3-81c0-92640ff8b1b1,2026-03-12 23:05:06+00:00,5,,"I absolutely love how much information this ring can give to me. And collect, for me, I adjust thoroughly. Enjoy seeing how I slept. How well I did cardiovascular physical training et, cetera, I just love the ring",7.9.0
Oura,google_play,us,7d544e4e-17f1-47a0-8267-d2880d8891b9,2026-03-12 15:16:30+00:00,4,,"edit: 7.9.0 seems to have fixed! The ring itself is fine and I'm learning as I go. it's the Android app that I'm having trouble with. two updates ago it started sucking battery life on my phone down like a Dunkin ice coffee. if I don't kill the app after updating sleep data in the morning, by 2:00 p.m. my Samsung S25 Plus battery is down to 30% or less after being at 100% at 8:00 a.m. when I check the battery in settings is always the Oura app that is at 50%",7.9.0
Oura,google_play,us,ce425b2f-ae82-4ac2-81ec-806ca7beb4f3,2026-03-12 03:59:04+00:00,1,,it asks to update the device but doesnt say what the update is.,7.8.2
Oura,google_play,us,1a8499b4-b6ee-4266-942a-749fff2169bb,2026-03-11 22:11:48+00:00,3,,"The last couple of app updates made it harder to use. Some measurements like HRV and oxigen level are very hidden and take several clicks to look up. It doesn't let you customize your view. The activity auto detection used to work great, now, not so much. I was hoping to replace the whoop because a ring is much simpler to wear, but now I don't think so...",7.9.0
Oura,google_play,us,91da1231-d935-48f2-9ed3-051cf7a208bb,2026-03-11 18:03:48+00:00,1,,"app started crashing, so I emailed and asked for help. got some cookiecutter response that didnt help or aply to me, but then a new update came out, so I tried it to see if it helped. after I updated it, it won't even open enough to crash. I will change rating if i can ever get the app to work again.",7.9.0
Oura,google_play,us,1c065340-18d4-4c9c-b3d0-b97213f4e988,2026-03-11 17:47:17+00:00,3,,Pretty good but why are there updates so often? like every week.,7.9.0
Oura,google_play,us,b25e96f3-6543-486b-a44c-92277bfe369a,2026-03-11 16:53:16+00:00,5,,love it! best tracking and mindfulness app out there. Highly recommend to anyone for monitoring health.,7.9.0
Oura,google_play,us,26458fb8-e548-4d6e-ae0c-008db03a0670,2026-03-11 15:50:43+00:00,2,,"I Loved this app. was Great data for your heart and sleep BUT. . please add notepad...for user's.. ,uses way too much phone battery now, ( 15% in 5 Minutes) mistakes in sleep regularly now( shows asleep when I was up), exercise/ steps way off regularly now, getting worse with every update.. please get it right again.... I'm only a few months into my membership and losing confidence into this apps ability... to track anything....",7.9.0
Oura,google_play,us,cbbb5ca5-69da-46ff-9f75-7364f8dc589b,2026-03-11 12:12:06+00:00,5,,App is good. I love how this helps me keep track of my sleep.,7.8.2
Oura,google_play,us,f744faf4-a3ab-4a1d-a909-dccfd1942302,2026-03-11 01:44:40+00:00,4,,I have only had my Oura 4 for just over a month but liking the data it is providing. Well done and thank you! My sleep is a little inconsistent so i take the occasional quck nap to the app doesn't recognize it very often. Can you add the option to manually add it?,7.8.2
Oura,google_play,us,baa49a3b-7677-4486-a919-4d5ba55f55c0,2026-03-10 18:12:37+00:00,3,,"Latest upgrade has errors in my stress graphs, showing inaccurate bar graphs.",7.9.0
Oura,google_play,us,d34977f4-df68-493a-9ab4-dc7970b5f657,2026-03-10 13:39:39+00:00,5,,so helpful,7.9.0
Oura,google_play,us,f88b9e96-18fd-400f-b6bc-ed502631bc39,2026-03-10 12:13:28+00:00,4,,"I do love my ring and the app however I work 3rd shift 10pm to 6am, I wish there was a function for you to be able to change your sleep time/schedule. That is my only complaint. I would be interested for an update to be able to have this feature.",7.9.0
Oura,google_play,us,1f2ccfdb-c294-4643-acfc-3199f9a40e63,2026-03-10 07:42:22+00:00,5,,"amazing, this knows everything that I'm doing 😄.",7.8.2
Oura,google_play,us,07dd43f4-7eac-464b-a071-88db1d25818c,2026-03-10 06:05:07+00:00,5,,"Edited: they added the widget feature!! ⭐⭐⭐⭐⭐ it's a great app, regularly updated, and insightful reflections on your data instead of just numbers. my one qualm (And thus the four-star rating not five) is that there are no widgets available. If there was a widget available where I could easily add tags to things that happened throughout the day, I would be much more likely to use the tag feature more often",7.8.2
Oura,google_play,us,2c5b6c92-5231-4eef-8162-3e2effab0a94,2026-03-10 03:36:06+00:00,1,,Eats through my battery life since the newest update.,7.8.2
Oura,google_play,us,fb798819-aabd-4357-801d-2d0b92fbbb4d,2026-03-10 02:33:00+00:00,1,,this ring disconnects often,7.8.2
Oura,google_play,us,2f5481fd-536a-4e21-a744-33504b37db1b,2026-03-10 02:02:47+00:00,5,,"love this ring keeps me active, helps with my steps, improving my sleep, and helps me keep my stress down.",7.8.2
Oura,google_play,us,e0ffa3a1-2c1c-49ff-8bcd-1f6588bbb1dd,2026-03-09 21:32:07+00:00,5,,brilliant,7.8.2
Oura,google_play,us,0f209a0d-b4d5-4fbc-941e-50458c237752,2026-03-09 20:13:54+00:00,5,,It has been helpful with tracking my health,7.8.2
Oura,google_play,us,3df0bd0e-8ab3-47ec-bf26-78d460098aab,2026-03-09 19:58:49+00:00,2,,all additional coaching content is not Accessible - you have to be able to hear / be in an environment where listening won't disturb others.,7.8.2
Oura,google_play,us,aade25d9-f296-4eb8-8673-4af043d537ff,2026-03-09 19:50:26+00:00,5,,"I had an issue with my ring, and the in-app helpbot diagnosed the issue and offered to send a replacement for free. The whole process took less than 5 minutes. 10/10 customer service.",7.8.2
Oura,google_play,us,5368b287-a007-4edf-893a-95438ed1d05e,2026-03-09 17:19:31+00:00,3,,"Love the idea of this ring and the sleep insights. Not wearing a watch is great. But notifications are unreliable even with everything turned on. This has been intermittent for years—sometimes updates fix it for months, then it stops again. Since I rely on reminders for battery and activity tracking, it makes the app hard to use. Also wish the subscription wasn’t required.",7.8.2
Oura,google_play,us,e306307f-ceae-4bb3-b578-65923b5d5c6c,2026-03-09 12:27:45+00:00,5,,at least one sleep partner that cares about humans,7.8.2
Oura,google_play,us,5318edec-95fd-451f-b587-f0271db419be,2026-03-09 09:34:49+00:00,5,,I love the set up that makes it easy to understand the data.,7.8.2
Oura,google_play,us,03d6ef43-cdbd-43e9-a7d4-c3e94fdd069f,2026-03-09 04:41:02+00:00,4,,"Recent update made it so meal times can't be changed. I'm sure something else must be off also. 3/2026: ring barely lasts 36 hours on a charge, recent update I believe.",7.8.2
Oura,google_play,us,7b64a151-2ad0-40d7-aa36-4d7ab5697bb3,2026-03-09 01:05:57+00:00,4,,"Very useful for sleep monitoring. Empowers a person, where he is largely clueless ... sleep!",7.8.2
Oura,google_play,us,e677121b-5548-4a05-b239-d7f5492d3267,2026-03-08 21:33:37+00:00,5,,I love the amount of biometric relief I can give myself by such an accurate picture of my health,7.8.2
Oura,google_play,us,be8b14eb-09ab-4fc2-a9e8-250fb2427a97,2026-03-08 15:40:32+00:00,1,,"updating on 3/8 its daylight savings time and instead of ensuring that the rings could properly track sleep, my ring says I was in bed for 13.5 hours and awake for 7 of them, and that I woke up at 257 pm (somehow 6 hours ahead of the clock). there is 0 plan on how to resolve this. support tried to tell me it was because I was lying in bed for 13 hours instead of actually fixing it. this is basic facet of an incredibly expensive piece of equipment that should work or be easily solvable",7.8.2
Oura,google_play,us,9716ca2f-6571-4098-ba13-3258d5b330f4,2026-03-08 00:10:11+00:00,5,,Great,7.8.2
Oura,google_play,us,be128e4a-25a6-4ab0-907b-7a9aa34d4426,2026-03-07 21:31:26+00:00,5,,just the best 👍,7.8.2
Oura,google_play,us,87fa8d17-60a4-4d69-8b8f-9da2b201288b,2026-03-07 15:27:13+00:00,5,,love ❤️ pm,7.8.2
Oura,google_play,us,1da1933f-a78a-4e46-8f90-ad204ed6b19c,2026-03-07 10:48:19+00:00,5,,"I have been using Oura for over a year now and love it!! The advisor is great to really dig in and analyze your data. I like having an HRV score to see where I can improve and what affects my stress levels most. Being a ring, it's small and I forget I'm wearing it most times.",7.8.2
Oura,google_play,us,318ba036-834f-4f88-8d9e-81ef8cc1d2cb,2026-03-07 03:34:28+00:00,1,,"Stay away. I bought this ring with high hopes. it broke rather quickly..I. bought extended insurance..got approved and NOTHING!!! Ring holds power less than 36 hours!!! I keep calling and emailing 8 days now! The insurance literally is sending FAKE 404 links they supposed to send me new one 48 hours ago. I got nothing. I am canceling my membership. Stay away from this company. Low quality product, they sell your data and they treat customer like garbage!! 8 days = no resolution or help from",7.8.2
Oura,google_play,us,d57596b1-1369-4cf1-9fdc-939b62b7b0fb,2026-03-07 01:39:23+00:00,3,,it's ok. But needs improvement. Particularly on the night monitoring as it seems any slight movement will mess up the readings.,7.8.2
Oura,google_play,us,368dfa4b-9e53-4a4c-a1bb-9ab9ab6add94,2026-03-07 00:58:00+00:00,1,,just keeps crashing on start up even after all the available fixes there are. I even read that there was an error if you took a nap it could make the app disfunction... Is this some kind of a hoax to buy a newer version of the ring? Because when you factory reset everything it runs ok for a day or two and then just starts crashing right when you open the app. Going to cancel the subscription for sure.,7.8.2
Oura,google_play,us,a10fac38-777f-4487-8fca-2d756f30fdba,2026-03-06 19:00:11+00:00,5,,awesome,7.8.2
Oura,google_play,us,fc5a2cbc-8f64-4019-bf71-efe51e7de58b,2026-03-06 16:11:17+00:00,2,,"Conceptually this is a great app. Unfortunately, it is broken. It doesn't consistently delineate the difference between lounging on the couch watching a movie after dinner and going to bed. It does allow you to edit and correct the go to bed time, but then it eventually reverts back to the incorrect time, completely messing up all the other analyses such as readiness score. Since Oura has not fixed this bug since it was reported quite a while ago, it's basically useless.",7.8.2
Oura,google_play,us,bebf7b7c-661a-4e40-967e-e3d0b37922be,2026-03-06 12:12:45+00:00,5,,I love Oura. It keeps me informed of my sleep patterns.,7.8.2
Oura,google_play,us,ffa9602a-12d2-4e31-ae8b-234d23c6d491,2026-03-04 18:31:37+00:00,5,,"It's a great app. It works well, and they are always adding improvements.",7.8.2
Oura,google_play,us,1fd78267-b634-42a2-b0a6-ab254d5085fe,2026-03-04 17:40:47+00:00,5,,"I absolutely love the oura ring. I have had it for about three months, and I need to start using all the features.",7.8.2
Oura,google_play,us,4795fd72-3bb9-497d-88cb-46dfaa6f6d60,2026-03-04 17:10:31+00:00,1,,"Oura creates app updates that have serious bugs, causing performance issues, and then takes months to resolve them. They should test updates before releasing them.",
Oura,google_play,us,03459844-1ebd-45ba-8155-46627cad312d,2026-03-04 16:17:24+00:00,1,,For the most part the ring works fine. But one of its most advertised functions works very poorly. You should be able to manually adjust the time you were asleep by extending your wake up time to be later as well as earlier. I get up to use the restroom for 2 minutes and it thinks I have woken up for the day and I lose all the sleep data that comes after that. It's such a bad design and the ring thinks I sleep 3 hours less than I actually do every single night.,7.8.2
Oura,google_play,us,6f614680-20c1-4743-b443-7c8a67bf161e,2026-03-04 15:52:47+00:00,5,,awesome,7.8.2
Oura,google_play,us,d33d7743-d588-497d-9ba2-b059c29972b7,2026-03-04 14:27:01+00:00,5,,I love my Oura ring.,7.8.2
Oura,google_play,us,d5542780-6d8d-4d7c-98a9-ff84226bb721,2026-03-04 14:14:49+00:00,5,,"I was inspired to buy this ring and subscribe to the app when I saw my new partner using it and she explained to me. I was not expecting this to bring so much value to my life, enormous awareness and real empowerment. The data helping me understand my situation, and allowing me to formulate real goals and have measurable incentives by seeing my progress , directly related to my effort and consistency. Super interesting insights on yourself, perfect for future health oriented life.",7.8.2
Oura,google_play,us,fa2f7a62-acf0-409e-b440-fd7776ae936a,2026-03-04 12:18:44+00:00,5,,I love my Oura ring and all of the great insights on my body!!,7.8.2
Oura,google_play,us,9e52c188-0234-49c8-bf1e-9f27dcf261d0,2026-03-04 11:42:08+00:00,5,,"Awesome. I wear my ring as much as possible. Even when I'm doing dishes and working out with weight. I make sure to have a glove on at all times. They've also added so many amazing features over the years. Stress. Resilience. If you're into optimizing your health it's worth the purchase, and the yearly subscription in my honest opinion.",7.8.2
Oura,google_play,us,42627d1a-9805-4af1-80b0-4a51ca650d22,2026-03-04 03:54:24+00:00,5,,Great 👍,7.8.2
Oura,google_play,us,494747d1-64ef-4d21-a67b-34c736b602ac,2026-03-03 19:27:24+00:00,4,,"It's useful, but there is a certain amount of fluff that goes with it. I also wish it was possible to spot check vitals, such as blood oxygen.",7.8.2
Oura,google_play,us,2b48f2c8-635d-4433-942c-ab5ad9f772c6,2026-03-03 16:05:49+00:00,4,,needs to be more adjustable in sizes.,7.8.2
Oura,google_play,us,e71cda94-85ba-40ea-b3ef-c10b69ff5869,2026-03-03 15:26:50+00:00,5,,Great for tracking sleep since it pinpoints where you are lacking. I love how it gives you actionable steps to improve within the app.,7.8.2
Oura,google_play,us,e0e47881-852e-48f4-a680-496a013e3ad4,2026-03-03 13:14:10+00:00,5,,"I like this ring and its capability to monitor my sleep and daily resting heart. It's great for walks and I imagine runs as well. The only concern is while performing exercises with grip around metal objects. This is not as comfortable as I would like. The design of the Gen 3 ring seems to be less tolerant of those activities. I'm looking into a Gen 4 for this reason. However, the cost is a big jump. Overall I like this type of monitor more than a watch which gets in the way as well sometimes.",7.8.2
Oura,google_play,us,46b5b316-0cb6-42c2-ba12-404d8751844d,2026-03-03 12:22:13+00:00,3,,"Update since initial review in 2019 (5 stars) - Gen 3 ring was working fine, still seems to as see red and green lights capturing data. App not functioning as before, data sync seems off/problematic not capturing sleep & readiness data, ring is unable to connect unless it's on the charger, with GPS. May update removed distance walked. Stopped working all together turned up to be an issue with battery as swelled up and unusable. New Gen 4 arriving tomorrow, looking forward to having data again!",7.8.2
Oura,google_play,us,28176a18-9b56-4835-9ccb-228835a310ba,2026-03-03 11:21:35+00:00,5,,"my Oura helps me to, consider me and it is a reminder for me to look after myself and spend that little bit of quality time looking after me 😁",7.8.2
Oura,google_play,us,51fb4adf-d073-4c29-85b8-2379eb207e0b,2026-03-03 11:07:30+00:00,3,,activity tracking is subpar and not as good as Samsung. sleep monitor is better though.,7.8.2
Oura,google_play,us,ee148763-a21d-469f-9fac-aea1e529303c,2026-03-03 07:25:01+00:00,1,,"Not worth it, don't buy.",7.8.2
Oura,google_play,us,58aaaa65-a855-4b06-af33-3ea2bb0dd283,2026-03-02 19:44:06+00:00,5,,Better than advertised!!,7.8.2
Oura,google_play,us,642ed6e0-6243-433d-820d-c719c5634e64,2026-03-02 18:02:12+00:00,4,,"The sleep tracking is amazing. The activity tracker overestimates activity. If I wear my ring while I shower it thinks I did vigorous activity. If I tap my hand on my mouse while I'm working, it counts those as steps. so, fir activity, I can really only compare one day to another for total activity and not count on having met the actual steps displayed. The stress level doesn't calculate when you're doing activity and it seems to think I'm more activity than I am. But, overall, I really like it.",7.8.2
Oura,google_play,us,6312a054-a484-4fa5-94c2-824cc5eafa4d,2026-03-02 18:01:54+00:00,1,,my day hasn't showed up why isn't there like an intuitive refresh sync button,7.8.2
Oura,google_play,us,e108bc00-9157-4734-b2ed-914dc3199ffa,2026-03-02 16:43:52+00:00,2,,"Continously having connection issues and poor tracking on recorded events. 50% chance it will record my heartbeat during the recording, very frustrating. I may go back to the competitors ring that I have since that one never had these issues. I like all that Oura tracks but really want it also for recorded exercises, and that's were this ring fails 50% of the time.",7.8.2
Oura,google_play,us,ebc96c81-36e2-41dc-bed6-55e1a84b5a4a,2026-03-02 12:46:11+00:00,4,,would be nice if it did a bit more,7.8.2
Oura,google_play,us,eeebb937-5403-452d-9c03-3640d0678c6c,2026-03-02 05:40:05+00:00,3,,"continues to bug you, even if your ring is dead and not in use anymore. the app needs a fix.",7.8.2
Oura,google_play,us,1752ed05-1596-4112-87fd-f4cb6c7347ff,2026-03-01 19:52:33+00:00,3,,"When it works,it works! However, this is the 2nd time in 6 months that it stopped reading sleeping data. -.- Very annoying considering we're being charged for no services (when it stops registering) and it ruins syncing completely. Please start being more careful with your updates. Run some usability tests on Android devices to ensure you aren't breaking serious,needed features.",7.8.2
Oura,google_play,us,942d0aad-6bb2-4be5-bb86-a6134517df88,2026-03-01 18:03:43+00:00,1,,"so many bugs -- loses connection, history and app crashes when opening",7.8.2
Oura,google_play,us,a2f59dfb-61a0-4570-bfbc-0fd958751e58,2026-03-01 17:45:18+00:00,3,,"After the upgrade, it is impossible to back up my data. It just says ""backing up your data"" forever and nothing changed after hours. Please help!",7.8.2
Oura,google_play,us,117be74b-bfa8-473f-b2f8-76910f02f6a6,2026-03-01 14:29:46+00:00,3,,"Great sleep tracker and solid for basic steps/walking. Excellent for rest/recovery. For HIIT, strength training, or serious fitness, it’s mostly a novelty. Misses huge chunks of HR data—even with clean sensors, index finger, snug fit, and correct orientation. Auto activity detection fails because almost no data records during workouts. Manually adding shows only short HR sections. App food journaling is poor—no barcode scanning. Weak for active training.",7.8.2
Oura,google_play,us,9fb418cd-e9c5-4604-bfe1-8d19fc3cab28,2026-03-01 14:27:56+00:00,5,,best investment for my sleep,7.8.2
Oura,google_play,us,f5682cc1-4daf-42eb-b9be-062bf0026109,2026-02-28 17:00:53+00:00,2,,"there are too many times that sleep data is not recorded , often the app thinks that I have exercised when I have not. i am also being double billed monthly and can't fix it. the company is impossible to deal with.",7.8.2
Oura,google_play,us,f97ee27b-0406-433c-b4d9-9d4bdab5ea96,2026-02-28 03:07:03+00:00,4,,"Sleep data is great, but most everything else? Not so much. Not to mention, if you ever lose a charger, they gouge you for 60 dollars for a 3 dollar part. Of course you can't find a 3rd party for it. Then they require the monthly fee... just gets old with them Nickle and Diming you every step of the way. EDIT: New update can finally show where phone last was! Still charge ridiculous amount for new charger or charging box, but it's a good device and I'm hooked on checking it daily to optimize.",7.8.2
Oura,google_play,us,153aa8a7-4c96-4554-a4ba-3ba2ed67632f,2026-02-27 21:24:16+00:00,5,,"Great app with easy to understand summaries of my body's health. Wish there was a pocket mode, when you can't wear it on your finger but want some kind of tracking in the pocket",7.8.2
Oura,google_play,us,56a257e2-f2be-4d59-a3da-bb2ebab907b5,2026-02-27 16:11:13+00:00,3,,"like the ring, but think it could do a better job at tracking and figuring out your individual sleep schedule. gives me bad scores on sleep due to uncommon sleep time.",7.8.2
Oura,google_play,us,6c3c3329-7d87-4370-b28d-01fdd0c39d79,2026-02-27 13:49:17+00:00,2,,too many regular updates,7.8.0
Oura,google_play,us,acbe2c1e-1bd8-4233-81ae-149da861dee2,2026-02-27 12:42:37+00:00,5,,Michael better sleep tracking than fitbit!,7.8.2
Oura,google_play,us,852e7df3-e228-4208-85ea-58ac0f2dafae,2026-02-27 09:21:57+00:00,1,,I had the gen three ring and it won't allow firmware update,7.8.2
Oura,google_play,us,346dd4eb-30b4-47c1-a181-b64f5e529e2a,2026-02-26 20:30:51+00:00,3,,"Hi. It would be great if there was a way in the app to flag data (maybe a whole day if this is too difficult to implement at finer granularity) as erroneous or exclude it entirely. As an example, I have had sleep data that was completely wrong (recorded 5 hours as 'awake' when I was sound asleep) that then carries forward in various metrics for multiple days and makes it difficult to track what is really going on. Such an option would come in quite handy.",7.8.2
Oura,google_play,us,dec5e12a-17fe-4902-ae99-8d3d4372858b,2026-02-26 20:08:12+00:00,3,,still figuring out how to better understand it. It would be nice to name some activities like walk 1 or walk 2 and just edit easier for times.,7.8.0
Oura,google_play,us,42a81ec9-4de0-448b-9692-cdc4a7d25b07,2026-02-26 16:03:21+00:00,2,,Please stop forcing an in-app update on the next minute when you released,7.8.0
Oura,google_play,us,0d3dc099-2bcc-4a99-99d9-026e1c2c896e,2026-02-26 01:09:02+00:00,5,,great way to monitor your vitals and daily routines 24 hours a day.,7.8.0
Oura,google_play,us,ef9dc001-1835-43eb-bf4b-3f40565d1577,2026-02-25 23:15:56+00:00,5,,excellent! I have used my Oura 4 on my iPhone for the past few months now I'm going to try it out on my OnePlus!! hope it doesn't suck 🤞🤓🤘 update: my ring doesn't sync very good nor is it picking up all* the data it used to and support helped me a few times but it never fixed it.,7.8.0
Oura,google_play,us,f98c128f-a3c1-44e3-9185-5b5b7a31a038,2026-02-25 17:26:32+00:00,5,,It keeps me updated on the way I perform on a daily routine and I adjust to make it flow more evenly.,7.8.0
Oura,google_play,us,d5305ff5-9660-4230-8709-d7a82f807002,2026-02-25 13:02:35+00:00,1,,"I gave it second chance and it failed miserably.if its going to tell me I had great sleep even after wandering around the house for 2-3 hours at 2am (tells me I was asleep that whole time), or I slept from 9pm to 6am, instead of 12am-4am...this thing can't be anymore than a gimmick that gets just enough of it correct for just enough people to justify the price tag.i won't even resell this thing. my conscience couldn't handle kicking this over priced, under performing paperweight to someone else.",7.8.0
Oura,google_play,us,a2859743-0178-49a9-8588-7612631b2772,2026-02-25 04:22:01+00:00,4,,"It gives me bizarre maps when I go for a walk. There is a feature where it shows me a map of where I walked. But half the time the map is some crazy display of weird zigzagging lines that don't make sense. For example, today it had me leaving my house, then running random sprints around a local park, next I went flying over houses before ending in the parking lot of where I work. And then other times the map is correct. Weird.",7.8.0
Oura,google_play,us,f8285548-aaa8-4600-8af4-d3fecd9feb53,2026-02-25 04:14:53+00:00,2,,"still having issues with the android waiting for sleep data alert on constantly, when my data has been loaded already",7.7.0
Oura,google_play,us,b2de3891-f57e-47e3-b9a5-5326c277d781,2026-02-25 00:13:41+00:00,5,,highly recommend!!!,7.7.0
Oura,google_play,us,bd20e979-bf23-4b77-b9cd-40eba8a9b84b,2026-02-24 19:42:53+00:00,4,,I would like for steps to sync with health connect. So Samsung health can pick them up,7.7.0
Oura,google_play,us,5db3b9be-cc2c-4aee-b8b6-a34a90fc213b,2026-02-24 19:33:54+00:00,5,,Great tool for keeping up with everything you want to know about your body. It even told me when I was starting to get sick..,7.7.0
Oura,google_play,us,79db4362-7711-4a7f-8e91-e754276eeed0,2026-02-24 18:19:33+00:00,1,,provides some basic heart & sleep data... tht too not accurate... after waking up if am simply lying on bed it still counts it under my sleep time... definitely not worth the price... would be happy to return it and get my money back...,7.8.0
Oura,google_play,us,4c23e071-982f-44ff-8899-4385e80d355b,2026-02-24 13:29:53+00:00,4,,Love it! I wish Chronotype could be changed over time.,7.8.0
Oura,google_play,us,5af983d0-b02c-491e-a1ac-2033c6fe9c79,2026-02-24 13:20:11+00:00,1,,Do not buy this product.,7.7.0
Oura,google_play,us,988b3df5-c92f-41aa-a8a5-8953ab063bf6,2026-02-24 12:46:48+00:00,1,,"Had my oura ring for almost a year, it constantly disconnects from my phone so it wont track anything. Tracks nothing through the day, may or may not track my sleep at night. Might be the reason they came out with the charging case. You can't re-sync your ring without connecting to the charger.",7.8.0
Oura,google_play,us,f400bc00-1fde-422a-9506-6b201f2e5083,2026-02-24 11:40:17+00:00,1,,I have been charging my and I lose my battery right away,7.8.0
Oura,google_play,us,2658cb1c-3fbd-43f9-9cd9-2a9628dfedfc,2026-02-24 04:12:24+00:00,3,,takes forever for ring to connect now. not collecting data unless do soft reset every other day. really disappointed for the cost,7.7.0
Oura,google_play,us,0617cf8e-35e2-4dd1-8c6b-d273a532efe0,2026-02-23 23:40:04+00:00,5,,easy to use and understand.,7.7.0
Oura,google_play,us,8d14b326-823c-4bd1-a376-4de83f7d5c96,2026-02-23 21:41:23+00:00,3,,"good detail, accurate sleep tracking, but takes a long time to update every morning. insights used to be better",7.7.0
Oura,google_play,us,bb07dbfc-f3f4-45f9-b11d-682e620575e6,2026-02-23 13:13:06+00:00,5,,I paired my ring stats and my Function Health biomarkers together and it has been incredibly insightful.,7.7.0
Oura,google_play,us,e1f2d5f3-bc07-4368-bd86-2bba9da834db,2026-02-23 12:35:06+00:00,4,,I wish it would import calorie data from my fitness pal.,7.7.0
Oura,google_play,us,3d78ee59-e270-4d31-bc8c-b7f55747f4fb,2026-02-23 11:47:53+00:00,5,,Good so far. I love how long it stays charged!!,7.7.0
Oura,google_play,us,ba0c4b40-d0e4-4e0b-bc3a-4e9a64ab002a,2026-02-23 02:17:21+00:00,1,,They ask really invasive questions and the app freaks out if you deny the fingerprint and facial recognition. App requires you to give your contacts and call history even though it's not even the slightest bit relevant. Also ai assistant 👎 any app bombarding me with ai immediately gets a negative review from me. it's just a fitness app no need for ai. If it does turn out to be accurate and helpful maybe I'll update if it's worth giving up ALL of my privacy lol. edit : wasn't worth it,7.5.0
Oura,google_play,us,90f6b837-5c9b-4ccd-b152-d313129550e1,2026-02-23 01:21:19+00:00,4,,"I like the app. However, the reason I am giving it four stars is due to the fact that every time it syncs data between my phone and my ring it notifies me. And there is no option to turn that background syncing notification process off.",7.7.0
Oura,google_play,us,d826781d-dcd3-4705-8271-3ed9a9d14986,2026-02-22 23:29:41+00:00,2,,Ring died after 11 months.,7.7.0
Oura,google_play,us,133facea-5e7d-4cf7-a582-7acfad1d52c8,2026-02-22 19:40:36+00:00,2,,Frustrating you cannot easily export information you pay for. I don't think that is right or fair.,7.7.0
Oura,google_play,us,76892c0e-e5ec-48ec-a63f-fbebc004cd31,2026-02-22 17:40:28+00:00,5,,Love my Oura ring! Definitely makes me more aware of Stress/Activity/Sleep,7.7.0
Oura,google_play,us,c50652cf-1f6a-42df-8c51-95bbb5dc42e1,2026-02-22 16:57:27+00:00,2,,I love the ring and what it all tracks but it takes forever to sync to my phone,7.7.0
Oura,google_play,us,b6f18591-41a7-4784-aacc-2a85a14e9447,2026-02-22 15:07:27+00:00,1,,this ring is hard to use if my son hadn't bought it I would throw it in the lake,7.7.0
Oura,google_play,us,2dfa4631-4e2f-462b-b995-6750bd615cba,2026-02-22 14:33:12+00:00,5,,no complaints,7.7.0
Oura,google_play,us,cf0d9a16-222b-46c1-a8fc-1f78a78fc377,2026-02-22 14:19:29+00:00,3,,"I have a 4, which I got for the holidays. Interesting data, good baseline if you're just starting with with health monitoring. Not perfect accuracy on activities, especially moderate, then adjustments are difficult to do, and done in different ways for different activities and sleep. Nap data adjustments are limited and if you make a mistake you can't go back and fix it. Charge lasts 4-5 days, which is good. seems slightly more bulky than a wedding ring (I wear it on my ring finger).",7.7.0
Oura,google_play,us,46c17361-d0e6-41da-a355-f6167b8c03cc,2026-02-22 13:50:32+00:00,4,,"Please make a size 12.5! I got an oura ring for Christmas and couldn't decide between a size 12 or 13. I got a size 13, but lost it after about two weeks when it fell off my finger. I ordered a replacement size 12, thinking I had made the wrong choice the first time. however, unlike the sizing ring, my new replacement size 12 doesn't fit on my index or middle finger.",7.7.0
Oura,google_play,us,1f5c6516-8551-4882-955f-b676982ecdd1,2026-02-22 13:07:26+00:00,4,,Love the sleep data. Activity reporting could be better and I don't know why it can't track blood pressure.,7.7.0
Oura,google_play,us,db268171-1016-4359-8bee-3b350e0ac291,2026-02-22 08:04:53+00:00,5,,amazing,7.7.0
Oura,google_play,us,f363735b-b76b-4372-8e03-7d0ddeb4719a,2026-02-22 08:02:32+00:00,5,,pleasantly surprised. sleep tracking is excellent.,7.7.0
Oura,google_play,us,10aadd5d-e650-427c-a981-96f10509284b,2026-02-22 06:45:13+00:00,4,,"The details are very interesting. The only drawback is that Oura instructions read that, for the ring, sauna is 'out of bounds'. Sauna is an important part of recovery for the mind & body. Readings would be useful. So, one star dropped.",7.7.0
Oura,google_play,us,ca3c9dc8-f396-4b73-904b-511227bb1c7c,2026-02-21 23:43:53+00:00,5,,"I’ve been using the Oura Ring, and it has really helped me manage my stress levels more effectively. The stress tracking feature gives clear insights throughout the day, helping me recognize when I need to slow down and relax. I also love how accurately it tracks my sleep cycle, including deep and REM sleep, which has helped me improve my sleep routine. The body regulation and readiness data feel very consistent and reliable. Overall, it’s been a valuable tool for improving my overall being.",7.7.0
Oura,google_play,us,bc9dfedd-ac1a-4551-b15e-7dcb94ac7e1e,2026-02-21 21:35:05+00:00,5,,love the data and insights.,7.7.0
Oura,google_play,us,7da9a3ad-8aa0-408f-a924-9765df820633,2026-02-21 19:46:48+00:00,1,,OURA support was a complete waste of two hours of my time.,7.7.0
Oura,google_play,us,44309b62-e77d-444e-9559-648c03b705f9,2026-02-21 08:41:09+00:00,5,,Helping me adjust sleep pattern to get a more efficient restful night's sleep,7.7.0
Oura,google_play,us,d12d88cb-3d85-4f6a-a235-f9da10708480,2026-02-21 06:54:04+00:00,1,,App keeps shutting down!!!!!,7.7.0
Oura,google_play,us,a201a0d9-1c65-4170-8b2f-6361f6dfa313,2026-02-21 03:18:05+00:00,5,,keep track of everything good and bad.,7.7.0
Oura,google_play,us,34f4cf78-8d78-423b-ae2f-b96e46ac95f1,2026-02-20 00:14:23+00:00,5,,love it,7.7.0
Oura,google_play,us,8242352a-7309-46d7-ba01-6a1faac78834,2026-02-19 19:42:58+00:00,3,,"Need to be able to have Blood Pressure Readings and a better discount for users who want to upgrade that have been with you for a long time, 10% is nothing and we pay monthly. I'm looking for a ring that offers more.",7.7.0
Oura,google_play,us,a1935257-b409-4423-bfd5-d0fb1eb28f26,2026-02-19 17:48:44+00:00,2,,"Noted inconsistencies ... (1) Past midnight, several items like steps stop updating. (2) Daily movement on a treadmill doesn't always register movement ... flatlines on latter portion of exercise. (3) Don't care for how goals change on their own from day-to-day, and the fact that one cannot be more specific about goals. One has to select set values. (4) Sleep Chronotype should be adjustable. Telling me that I am ""Late Morning Type"" doesn't align. I work & exercise early because of work.",7.7.0
Oura,google_play,us,1a1da470-2ea2-45af-891c-be5256e5e7dc,2026-02-19 16:59:08+00:00,5,,"My OURA gives me a new aura! I have been able to connect the dots of my physical health with my daily activities, sleep, rest and stress behaviors. Additionally, I have connected my Stelo BS monitoring, which helps me analyze my response to meals, high glucose intake and exercise. I know when I need to focus on rest, get more exercise and there are helpful hints to help with various concerns as they arise. I am really in tune with my health using the OURA ring!",7.7.0
Oura,google_play,us,cf3f20b8-dbd0-4514-a5fc-3097366517d1,2026-02-19 16:15:25+00:00,1,,Ramsey denied my cancelation request 24 hours after purchasing & BEFORE shipping the ring!! his statement was that I had to wait for it to be shipped & once I receive it only then could I return it which was a lie because their website CLEARLY states if item is not shipped it can be canceled!! the entire process was over 40 minutes!! something that should have been less then 10 minutes!! order has not yet been shipped!! all he had to do was cancel it!!,4.4.2
Oura,google_play,us,e698ac2c-e8ea-4454-9936-2f12fb44d34e,2026-02-18 11:39:56+00:00,3,,GPS sucks,7.7.0
Oura,google_play,us,3c7e09fb-b771-4758-a543-f19b1c14e16b,2026-02-18 11:38:29+00:00,5,,very good recording of your statistics.,7.7.0
Oura,google_play,us,87b11833-11e6-4c76-bf94-4fbb0f056d7e,2026-02-18 02:51:11+00:00,3,,"Minimal vitals and vendor lock-in take the shine off this ring. Steps and sleep tracking is quite good. Heart rate monitoring only partially makes it into Health Connect. Oura is prioritizing vendor lock-in and their subscription service over consumer friendly Health Connect integration. Vitals such as O2 and breathing are only taken at night, and lack of visibility in Health Connect make it seem like it may be more art than science. Numbers for Readiness and Resilience are pure marketing BS.",7.7.0
Oura,google_play,us,7cc552db-ede0-4afd-bb23-0fd695b0d549,2026-02-17 19:26:29+00:00,5,,love it!,7.7.0
Oura,google_play,us,039a6ecd-88c3-4cbc-ba24-6863eda82fb3,2026-02-17 15:39:22+00:00,5,,love the fit and the ease of data,7.7.0
Oura,google_play,us,94c2be1d-b3d9-4a40-bc77-27edbeb9223e,2026-02-17 12:58:11+00:00,5,,makes you take a pause.. recalibrate and take better care of yourself,7.7.0
Oura,google_play,us,6191562a-a2fe-4639-981f-df9aa6e114e0,2026-02-17 07:04:22+00:00,1,,"I'm incredibly disappointed with the long- term quality device and app. The device no longer accurately tracks metrics, despite all troubleshooting efforts. I can only get a heart reading and that's only if I manually do so. The app has frequent updates with no clear improvement in accuracy or functionality (sometimes multiple within the same day). At a price point of$400 and just one a year of use, Oura (whether ring or app) is not a product I can recommend.",7.7.0
Oura,google_play,us,a53cc4ea-45f2-4229-a9df-dfc65ca8640d,2026-02-17 06:12:55+00:00,1,,"im having same issue seems everyone else is. Ring works fine when you first get it then it stops working, syncing with the app. Ring is not worth the amount and the app service is also too expensive for things that dont operate/work for not even a year",7.7.0
Oura,google_play,us,e9dc1864-9c8c-4c58-9712-61057fa49414,2026-02-17 02:48:49+00:00,3,,I have to charge the ring every day now.,7.7.0
Oura,google_play,us,c2407577-a9a5-4250-9a86-4e751cbd377d,2026-02-16 14:48:21+00:00,1,,"No problems with Oura until now. The app had a bug and won't open, and my ring battery doesn't last more than a day before I have to charge it.",7.7.0
Oura,google_play,us,e8ccb92a-8a43-44df-ad4b-70bbbc14540d,2026-02-16 14:09:07+00:00,4,,"Good app, interesting insights. Needs more ability to manually edit some items. Once or twice a week the sleep tracking doesn't kick in for 1-3 hours when I know I slept, with no ability to adjust.",7.7.0
Oura,google_play,us,0cfae6d0-4c23-4d21-afd2-0b77eaecf894,2026-02-16 13:55:19+00:00,5,,I like how it tracks my daily activities and my sleep!,7.7.0
Oura,google_play,us,5d33f598-2ab3-45a0-bff8-48db6c4db0ff,2026-02-16 13:31:31+00:00,5,,Great Product and working as expected.,7.7.0
Oura,google_play,us,d2024da7-577b-47c9-aaa1-5a5b7cd88db9,2026-02-16 13:29:52+00:00,5,,Excellent and accurate,7.7.0
Oura,google_play,us,6b9a7403-63c5-4e97-ae28-a4a899aa25ed,2026-02-16 13:01:02+00:00,1,,"I just got my ring a few months ago, initially it worked great, but now almost every time I open the app I get an error message saying that it can't connect to the ring, I have to hit the resync button many times to try to reconnect. once I tried to force close the app but then it lost my sleep data for that night. Online support is just an AI bot that doesn't help! I'm about to give up since it rarely works like it is supposed to.",7.7.0
Oura,google_play,us,ce198dc0-81c7-4961-b430-2e2f55901068,2026-02-16 11:37:01+00:00,4,,"Very helpful and trends over time show me how to improve my health and sleep. I can tell not all the metrics are exact, but im content knowing trend lines over specifics. the app updates often.",7.7.0
Oura,google_play,us,b556479a-bbc5-4588-9dbb-8ca4edf5a6b3,2026-02-16 06:47:50+00:00,5,,Just excellent!!!✌️😁,7.7.0
Oura,google_play,us,9362c79a-98ce-49a8-b3f5-33bdd3dbe746,2026-02-15 19:53:38+00:00,5,,So much information and so easy to use.,7.7.0
Oura,google_play,us,9709f18b-3d54-4244-8a86-a48dd74bd6ce,2026-02-15 16:58:26+00:00,5,,"I LOVE this ring, and the way Oūra provides data. Best purchase in years. The app goes through a lot of updates, and I would love to see one for cycle-related issues. What would be helpful is: • A PCOS toggle • An algorithm that prioritizes temp shift over predicted dates • Detection of sustained luteal patterns instead of calendar-based nudges • Notifications like: “Sustained temp elevation detected. Possible ovulation occurred.”",7.7.0
Oura,google_play,us,c9102ce9-39b8-4f21-8ee2-ca2b493053c5,2026-02-15 15:44:52+00:00,1,,"this app keeps crashing, I have to uninstall and reinstall constantly to get it to refresh my data from the day before.",7.7.0
Oura,google_play,us,06942967-a3d9-4e9c-bc1e-2411d90eba58,2026-02-15 13:21:47+00:00,5,,great app,7.7.0
Oura,google_play,us,111c8656-f7b4-466e-b68c-5bb1e4a34cb1,2026-02-15 12:45:36+00:00,5,,My Oura ring has been a great tool in managing my overall health. I highly recommend it,7.7.0
Oura,google_play,us,573c4eb2-86ed-4a35-8731-2f911a2f867f,2026-02-15 00:14:49+00:00,1,,"horrible app/ ring service. disconnects all the time, and the only way to sink the ring is to have it on the charging base. attempted to work with customer service but can only get in touch with an AI bot that tells me to do a soft reset on the ring. not worth the monthly membership fee, or the ring would suggest going with something more reliable.",7.7.0
Oura,google_play,us,8ba5144b-4953-4b38-ba5f-e53ee8a16d7b,2026-02-14 18:25:27+00:00,1,,doesn't tell you much and doesn't connect consistently with Strava,7.7.0
Oura,google_play,us,ba2b99d5-5d39-4889-b103-99093f2720a9,2026-02-14 17:48:11+00:00,5,,Love this app and all I learn from my ring!,7.7.0
Oura,google_play,us,351cd37a-e262-40a7-bacf-4185e3b7df1f,2026-02-14 16:30:51+00:00,5,,This device is just too useful if you are tracking any of your vitals. It's much more accurate than any watch because it makes better contact with your skin.,7.7.0
Oura,google_play,us,e950fd3f-1288-486c-8ad8-bf46ac46a058,2026-02-14 12:25:16+00:00,5,,It's really great at tracking and insight into the data.,7.7.0
Oura,google_play,us,64112b07-1e99-4cd2-b31b-c499f3320927,2026-02-14 11:53:37+00:00,5,,Awesome app!!,7.7.0
Oura,google_play,us,e7f4e6be-4b84-494c-bf33-7482ed55bb5c,2026-02-14 10:45:23+00:00,4,,"informative, helpful, useful.",7.7.0
Oura,google_play,us,5ec07e8e-ea05-44bb-9d07-1402579f9228,2026-02-14 07:26:33+00:00,1,,"Heart rate tracking is quite inaccurate. Notifications are somewhat delayed since the ring is not connected in real time. Live tracking during trainings is not possible, only as tracker afterwards. The app design is using apple design language, a shame for android useage.",7.7.0
Oura,google_play,us,6df2cbb1-198b-430c-8edb-e480c5c65bb9,2026-02-14 05:55:43+00:00,5,,A must have wearable and a great customer service,7.7.0
Oura,google_play,us,d831b9f0-06e6-46ea-abf4-f96fbda3bd5e,2026-02-13 20:30:37+00:00,5,,Love that it keeps my health in check at-a-glance.,7.7.0
Oura,google_play,us,6d82f135-795f-43d2-bfea-23e9c42a3211,2026-02-13 17:13:35+00:00,3,,"It's a good app, but ever since they updated, my meal entries haven't been analyzed. It takes the app 3 tries to analyze my meal. I wish they actually updated the app as they do with the iPhone. But I feel like they don't really care about the Android version of it, if they did we'd have the other good features as well and it would function better.",7.7.0
Oura,google_play,us,e63daacc-fae4-4ead-89fe-f90ac483f83f,2026-02-13 15:41:02+00:00,4,,great device. the only problem is that they ask to update the app too many times....,
Oura,google_play,us,37a6ca33-616f-4b0e-a5ed-d0c73b821196,2026-02-13 15:13:33+00:00,1,,"it needs an update every week but nothing ever improves. nothing is ever added. and it's way expensive for what you get out of it (your data, that you paid $400 up front for them to track)",7.7.0
Oura,google_play,us,2c2206fd-2791-4da1-b726-21712b6d413f,2026-02-13 14:22:46+00:00,5,,awesome,7.7.0
Oura,google_play,us,794e4854-3e43-482e-bc56-30faf31871d6,2026-02-13 03:36:47+00:00,1,,only records metrix about half of the time,7.7.0
Oura,google_play,us,243f9eb1-b134-4422-a59d-27be18cf962f,2026-02-13 02:31:45+00:00,5,,Great device,7.7.0
Oura,google_play,us,a75f558c-2f5b-4f1a-9ab7-aaf91703e06d,2026-02-12 15:40:18+00:00,5,,I love my Oura ring. It alerts me to issues. I strive to improve them.,7.7.0
Oura,google_play,us,ae14b6df-805d-4acf-b051-97da6c5b014e,2026-02-12 12:57:30+00:00,3,,"Until the past few weeks, it was great. Now, when I open the app, the ring will no longer connect. I need to close the app and then open it again for the ring to connect. Also, battery life is down to 2-3 days at this point, used to be around 5 when I first got it.",7.7.0
Oura,google_play,us,24b2affb-c2a7-4c9b-bf36-d70f4fd3162f,2026-02-12 12:51:13+00:00,5,,It's worth the time and money. Buy the Oura 4. You will be amazed. Love the products.,7.7.0
Oura,google_play,us,7eba4af4-38ab-49c8-86b6-74afd9c0de82,2026-02-12 12:02:38+00:00,4,,Great analytics! The only downside to this ring is that you don't have instant information the way you do with a Fitbit or Apple watch for example.,7.7.0
Oura,google_play,us,0295f864-cd3c-40c4-abbe-c8fb0f7ed624,2026-02-12 10:21:48+00:00,5,,I really enjoy knowing my body better,7.7.0
Oura,google_play,us,9e4719fc-e42c-4d06-a5c3-a137a09c8291,2026-02-12 08:27:02+00:00,5,,love the app. should have bought ring sooner,7.7.0
Oura,google_play,us,38b29eff-297f-493f-b535-06836f3fc9f5,2026-02-12 03:01:19+00:00,4,,ease of use,7.7.0
Oura,google_play,us,c830bcfa-fcba-4ab3-a8c5-cefee2a565a9,2026-02-11 15:46:10+00:00,1,,Not worth the money,7.7.0
Oura,google_play,us,848044c8-3f4d-4158-9ce1-c38ed38f65d3,2026-02-11 14:46:57+00:00,4,,"Oura is great overall, they update the app too much.",7.7.0
Oura,google_play,us,d364e2c1-6bc5-4e2b-b31c-912f9ef6595c,2026-02-11 12:42:18+00:00,5,,Impressed with how much information and analytical data is provided. Very interesting! Husband & I both love our Ouras! Keeps us motivated to stay active!,7.7.0
Oura,google_play,us,9e6d3893-0a07-42dc-beec-1fbe40ebe498,2026-02-11 06:07:09+00:00,1,,"Oura sucks! To start, it's not very accurate and does not pick up on my daily lifestyle. The best part is when deciding not to pay for their monthly fee, (which is not worth the money) Oura will punish you by throwing you out of the app and making you log in again and making it extremely difficult to use the ring once again. Very unprofessional and immature! I would NOT recommend buying this product!",7.7.0
Oura,google_play,us,356f3014-1888-4497-a2c1-80c76c90551f,2026-02-11 05:42:10+00:00,5,,"I think the ring and app are fantastic. I couldn't be happier with the product and customer support. The app is simple to understand. It gives from what I can tell highly accurate info. The company is continually adding new and cool features. It is very helpful for improving sleep, and I love the readiness score! Some people complain about the subscription price, in comparison the whoop is $30 a month, I'll take Oura any day over whoop!! February 2026 5 years with Oura absolutely no complaints!",7.6.1
Oura,google_play,us,cf54e98a-57fb-409d-8496-d8928d357f7c,2026-02-11 05:13:54+00:00,3,,pretty pricey and it starts irritating skin if worn for a long time,7.6.1
Oura,google_play,us,2ea20516-04e2-4df4-85be-d4f35c1c473a,2026-02-10 22:18:51+00:00,1,,"Ever since the newest ui update for Android in December, my ,""Today"" screen hasn't worked. It stays stuck on ""waiting for sleep data,"" even though my sleep score is recorded already. I've reached out to support on three separate occasions and everytime their response is ""they are aware and working on a solution."" What's the point of a $400 smart ring, a $6.99 monthly app subscription, when they don't work the way they are promised to??",7.7.0
Oura,google_play,us,ecca7c10-275f-4ee3-8619-948c9c135cb4,2026-02-10 21:37:08+00:00,2,,as soon as midnight hits it stops recording all data. I work till 4:00 in the morning and get lots of exercise after midnight which this ring doesn't register at all. it also registers all my driving in a semi truck as steps taken,7.7.0
Oura,google_play,us,ed88293a-e152-4310-acc7-7a76746663e4,2026-02-10 19:45:53+00:00,2,,oura 4 ring won't keep a charge for more than a day. ring is on the charger more than my finger. support says to update the app and put it back on the charger. it still doesn't work right. I went from charging once a week to everyday.,7.6.1
Oura,google_play,us,0d03a193-f155-4c34-b91b-f84a93266810,2026-02-10 17:58:39+00:00,2,,"I bought an Oura ring mainly for the sleep metrics. Unfortunately it won't record sleep heartrate. The support page gives several possible excuses for this, but my Withings Scanwatch has no trouble recording overnight heartrate. Similarly, the app claims that I only spend a few minutes in deep sleep, when the Withings records 3 or 4 hours deep sleep, which corresponds with an NHS sleep study I took. I returned the ring for a refund, as it fails to record sleep metrics correctly.",7.6.1
Oura,google_play,us,54613f44-79b3-4b8b-8188-b65808857f8f,2026-02-10 14:48:36+00:00,1,,"It keeps asking for updates and quite frankly, there is no transparency on what the updates are fixing or doing. I'm getting update requests weekly if not multiple times a week and it's making me lose faith in this app. I think I should look at other options that will be less annoying.",7.6.1
Oura,google_play,us,9d423578-b620-4b7f-9e98-10ae95c86b74,2026-02-10 14:19:40+00:00,5,,Best app I ever had for tracking health,7.7.0
Oura,google_play,us,2632318a-1a79-4891-9e88-a8345f33c093,2026-02-10 13:44:35+00:00,3,,"The integration with Android IOS is not as smooth as with the iphone. Constant app updates and no real synchronization with the ring, if you don't open the ring app it doesn't send notifications about charging or insights. Yes, I checked app permissions and notifications in settings. My Garmin smartwatch is doing better, similar metrics and measurements, using the Samsung phone. I also have the 1 day cycle duration issue no matter how many times a period day is logged, doesn't show real length.",7.7.0
Oura,google_play,us,67fb168c-e799-4a18-aa7b-e45b12fefa27,2026-02-10 12:52:28+00:00,5,,Love this. No bulky watches. Wish it did blood pressure though.,7.7.0
Oura,google_play,us,3469622c-03f5-4776-bbe4-dff0da501e8e,2026-02-10 12:10:41+00:00,5,,It has been helpful in learning my body more especially dealing with chronic illness. Originally had visible but this gives more info.,7.6.1
Oura,google_play,us,9e7cce7e-af34-48a7-a5fc-d6ef10efbaea,2026-02-10 05:54:46+00:00,5,,Thanks to this ring I managed to get fit and improve my sleep.,7.6.1
Oura,google_play,us,0229e65b-b3ec-430c-88fd-36f87c1ea436,2026-02-10 04:34:02+00:00,5,,Fantastic insights,7.6.1
Oura,google_play,us,bebcc5d5-1d5c-4563-b8ee-502406918df4,2026-02-10 03:38:48+00:00,5,,"I have been an Oura customer for many years. I have watched the App and ring features improve over the years. I gain valuable insights on my activity level, sleep, and overall well-being. When I have trouble sleeping, the meditations and stories really work.",7.6.1
Oura,google_play,us,a7fa812d-1fb3-4c58-9197-abedf7471f0d,2026-02-09 22:21:05+00:00,2,,can't get it to record heart rate at night,7.6.1
Oura,google_play,us,c9f53f38-d651-4cfc-a693-140760f1b199,2026-02-09 18:42:03+00:00,5,,love Oura gives me such good information making me more health conscious.,7.6.1
Oura,google_play,us,a4ee1bfd-66ee-4187-b36e-93ea343a8c7a,2026-02-09 17:32:51+00:00,5,,Accurate and very helpful.,7.6.1
Oura,google_play,us,2ccdf9df-7476-4bfa-9e55-f290f8d18019,2026-02-09 14:51:36+00:00,4,,"Need options to manually enter body weight, blood pressure, and glucose readings",7.6.1
Oura,google_play,us,938fca2c-39eb-4fa5-bef2-e23ac24b92e3,2026-02-09 09:35:06+00:00,1,,Появился очень не приятный баг. При котором после сна приложение не может получить данные о сне из кольца. И я вижу бесконечную загрузку получения данных. По сути не работает главная функция кольца. Поправьте пожалуйста это побыстрее. И покройте тестами и аналитикой главную функцию приложения пожалуйста что бы самим это замечать.,7.6.1
Oura,google_play,us,944c720b-ae41-4acb-a484-2edeb636d0c0,2026-02-09 05:02:43+00:00,5,,Super app is very nice and works well,7.6.1
Oura,google_play,us,cf83fa80-12a7-4637-bbb8-ec4a383d0080,2026-02-09 04:58:56+00:00,5,,Great features and customer service. Can't go without it. Just purchased the Rosé as a wedding band for my wife-to-be.,7.6.1
Oura,google_play,us,2d6a8856-cd09-4aec-a0e6-258b8672111e,2026-02-09 02:33:11+00:00,5,,awesome app,7.6.1
Oura,google_play,us,baf3d048-c614-4f9c-8322-44d0a666b5b4,2026-02-09 00:06:46+00:00,2,,"It never syncs, its always a few hours behind, the information is wildly inaccurate. I'm really unhappy with both the app AND the ring.",7.6.1
Oura,google_play,us,39cc30aa-8ec6-40cd-9cc7-8f47950c3ea5,2026-02-08 20:27:27+00:00,5,,this app is great in tracking a lot of things including my sleep after a recent life-changing illness. One thing I wish I could do ismake personal notes in the sleep portion. If I were able to leave notes on my sleep results it would be excellent that way I could mark down what nights were completed with what medications.,
Oura,google_play,us,24ad6c11-93ae-430d-8080-fe7abbdd5ab0,2026-02-08 18:56:49+00:00,1,,lots of connection issues after just a few months. if you try to measure real time stats its wildly inaccurate. so obviously the data it logs is bad. had high hopes for this but its a terrible device. on top of that the latest firmware seems to have nearly rendered the entire app useless,7.6.1
Oura,google_play,us,cc95cf41-d071-4863-b377-87c571310b2a,2026-02-08 16:09:47+00:00,5,,This is THE best tool with incredible insights on opportunities to improve my overall health. I cannot endorse it enough to someone who may be on the fence & considering it for their life.,7.6.1
Oura,google_play,us,9b750da7-8441-4e98-ac50-27ad793f9e89,2026-02-08 15:07:34+00:00,5,,Sleep is better because I can monitor the amount of REM and deep sleep. Measures oxygen too! Love that the steps increase to keep me reaching goals. Activity detection is great too!,7.6.1
Oura,google_play,us,f453cf26-f8be-429b-864f-9b2291c35de5,2026-02-08 14:10:30+00:00,4,,"Ring very slow to connect to app following recent updates. Also, not all functionality advertised is available (Android).",7.6.1
Oura,google_play,us,5ab039a0-2638-4178-89d7-7094fd3fb270,2026-02-08 13:42:26+00:00,5,,Love the Oura health dashboard!,7.6.1
Oura,google_play,us,32988329-4552-49ca-8e15-b95abf64ebad,2026-02-08 11:51:43+00:00,3,,doesn't accurately report sleep data,7.6.1
Oura,google_play,us,f7bc2506-dfc5-426d-b12f-e5f9655f161a,2026-02-08 07:03:13+00:00,5,,"easy to wear, great insights, wouldn't be without it!",7.6.1
Oura,google_play,us,9a55e230-79a9-4ed5-8211-af6708c5e3d1,2026-02-08 06:15:11+00:00,2,,"Software produces very generic results. there is no possibility to adopt or include personal circumstances. I am not sure what it does during large timezone changes as I only used it on short trips. So far it appears to be seamless (so good). After one month, Oura has added very little value through its insights and measurements. I find the ring uncomfortable to wear as I notice my fingers swelling when I wear the Oura ring. I should have got one size larger than the recommended size.",7.6.1
Oura,google_play,us,051f8824-5af5-4ebb-9f6b-8b38387b26fd,2026-02-08 04:52:59+00:00,4,,"enjoy the app and the health info it tracks and provides with the ring. one suggestion would be a shortcut or widget not only for the log. but, also for meal log too to save time.",7.6.1
Oura,google_play,us,0a33b684-02a3-4723-9f27-b23088250e49,2026-02-07 22:46:49+00:00,3,,I love a lot of things about my Oura ring. especially the sleep data. Some issues: I have had it less than a year & already need to charge it every few days (battery life started as 7 days as they advertise but is now 3 days max) & it is not very good at predicting the type of activity. With high intensity activity such as aerial silks it doesn't record the activity at all & sometimes stops recording my biometric data.,7.6.1
Oura,google_play,us,8ac8a376-c796-4dbb-a545-a5c2eb0bf3c4,2026-02-07 22:16:33+00:00,5,,UPDATE (2/7/26): Messaged Oura via App Chat and was told there was an issue with certain Oura Ring 4 Rings and they are sending me a replacement. UPDATE (1/24/26): Oura support confirmed this is a known issue related to firmware updates that Oura is actively investigating. ISSUE: Oura Ring 4 stopped tracking heart rate & sleep after the Christmas 2025 update but still tracks activities. Tried all available troubleshooting methods and none have worked. Please fix and I will update rating to 5/5.,7.6.1
Oura,google_play,us,e4b707e3-e503-45d3-822f-26f88ea1bc6c,2026-02-07 21:02:30+00:00,5,,Oura has helped improve my sleep greatly. I bought one for my wife and she is benefiting from the Oura Ring as well.,7.6.1
Oura,google_play,us,0128b4c8-6395-4b54-b685-f36d9a59355b,2026-02-07 19:34:21+00:00,4,,I love this ring! The only reason I gave it a 4 is that I feel the battery didn't last as long as it should have for the price. I did contact customer service and they offered a discount to buy a new one.,7.6.1
Oura,google_play,us,aa0ea521-44d0-4f25-b00b-220ed6ba81ca,2026-02-07 15:21:42+00:00,5,,love having this app .helps keep track of my sleep and all my health,7.6.1
Oura,google_play,us,2edf0d6c-f613-4503-9d7a-6b20a258ecf2,2026-02-07 15:12:28+00:00,3,,"I received the Oura ring gen 4 as a X-mas gift and I've been pretty satisfied with the results I've been getting from my Oura ring. The main thing that bothers me is that,I have an android phone and still do not have the locate my ring in the android app yet like the ios apple version does. I have had to take my ring off at various times & it would be nice if I could use the Oura android app to locate it if was needed.",7.6.1
Oura,google_play,us,d6cd72d3-b0c5-460a-b350-b48dc234ca4d,2026-02-07 13:19:54+00:00,4,,"It is a health data tracking device that has helped motivate me to make behavioral adjustments that significantly improved my sleep and adapt a healthier, smarter lifestyle regarding exercise and diet. A very worthwhile investment in your health and the future of healthcare.",7.6.1
Oura,google_play,us,a9be28e6-c501-4f36-a2b1-1ce3278215b5,2026-02-07 11:54:17+00:00,2,,no way near as good as it used to be.,7.6.1
Oura,google_play,us,c0aacb13-caf4-406c-b4dc-ad207d518ec3,2026-02-07 06:26:57+00:00,2,,updates constantly take away features and make it worse than it was.,7.6.1
Oura,google_play,us,cea522c0-7c07-42e0-9d06-d229f9997750,2026-02-07 04:34:18+00:00,3,,"Some features, such as stress and resilience, are constantly missing. I do not know if this is an app or a hardware issue",7.6.1
Oura,google_play,us,3585e5fa-8199-4e5d-b1a4-3e4f42a458cf,2026-02-07 03:37:29+00:00,5,,Wonderful I love my rings ❤️,7.6.1
Oura,google_play,us,f3b82f0d-6c51-4d2f-bc5e-e04b6c612b8a,2026-02-06 22:37:08+00:00,4,,I stay informed about my body in way that give me peace of mind.,7.6.1
Oura,google_play,us,050b6cb4-9c82-42bb-ba30-8127017ebe52,2026-02-06 20:28:41+00:00,3,,Ring keeps losing communication with my phone. Resets when I put it on the charger than disconnects. Using Android.,7.6.1
Oura,google_play,us,a23c9683-323b-4360-be30-3665cab9cb10,2026-02-06 18:34:52+00:00,5,,"I have been using Oura for over 7 years now through all the iterations. Great accurate data to make meaningful adjustments to your lifestyle and track vital biometrics. Discrete, elegant and rock solid (I never take mine off regardless of what i do. heavy work, sauna, swim...whatever it is the ring takes it). fully recommend!",7.6.1
Oura,google_play,us,177c4770-0f76-436c-8561-3d0764019127,2026-02-06 18:28:54+00:00,5,,"It has the best sleep software on the market outside of a sleep lab. I'm definitely impressed with accuracy and details regarding sleep and chronotype. It understands that we all sleep differently, and doesn't stress you about not having 8 hours of sleep( which I average 6, with a 89% efficiency score. ) Once it learns how you function, it's very in tuned to activity level as well. Great product if your into recovery as well as readiness.",7.6.1
Oura,google_play,us,e546c82a-0110-4fa9-ba69-e0766fd0cf94,2026-02-06 18:14:47+00:00,5,,"I'M SATISFIED WITH WHY I WANTED THIS RING. IT GIVES ME PEACE OF MIND AND FEEDBACK ABOUT MY LIFESTYLE CHOICES, SO I CAN TAKE MY ATTENTION OFF THINKING ABOUT MY BODY AND JUST ENJOY LIVING MY LIFE. THAT'S WORTH IT FOR ME!",7.6.1
Oura,google_play,us,40470c3d-1e10-4904-ad04-34cc2669e26f,2026-02-06 17:09:52+00:00,4,,Seems like most data is accurate but not sure since I have heart PYCs so all heart related calculations may be off.,7.6.1
Oura,google_play,us,f12f51b7-6385-4d14-b36d-6ad73ff61488,2026-02-06 16:56:56+00:00,5,,I had an Oura ring for over 4 years now. its amazing and the app is easy to use. the new additions throughout the years have been awesome.,7.6.1
Oura,google_play,us,d98ec091-2871-423a-b57f-9e958e0f5b12,2026-02-06 16:40:59+00:00,5,,Best tracking device!,7.6.1
Oura,google_play,us,3952af34-b3b0-4996-86dd-c94ad1e35891,2026-02-06 15:13:42+00:00,5,,its a lot more info than I expected.,7.6.1
Oura,google_play,us,5f65df6d-cad8-42d7-9188-115962eea753,2026-02-06 14:06:00+00:00,5,,"extremely user friendly, well-designed, and informative. new features frequently added that are actually useful.",7.6.1
Oura,google_play,us,e38d233f-3783-4024-8ffd-099773c92805,2026-02-06 13:32:48+00:00,5,,I've had this ring for over four years and I love everything about it. I like recording my workout and analyzing what zone I was in. The ave recommended it to many people.,7.6.1
Oura,google_play,us,768d485f-90c6-4ad5-91cf-10a540bfacc3,2026-02-06 12:54:40+00:00,5,,top health tracking ring and one of the best app,7.6.1
Oura,google_play,us,991e8fa8-2c65-40dc-aaf0-bef2fbd376d6,2026-02-06 12:45:53+00:00,5,,Have enjoyed the Oura ring and app for over a year now.,7.6.1
Oura,google_play,us,4b1930f4-20c7-4b83-97a6-dfd33ba87d5a,2026-02-06 07:32:00+00:00,5,,Ive been tracking my health metrics using the Oura ring for 3 years now and its helped me successfully reverse my cardiovascular age by 9 years. I love it !,7.6.1
Oura,google_play,us,bf4133d1-e70b-4e66-ad5f-d47a03160387,2026-02-06 00:30:29+00:00,4,,needs to pickup on activities better,7.6.1
Oura,google_play,us,2deceb8d-a39e-42ad-bd8a-e259ee829bd8,2026-02-06 00:00:52+00:00,5,,exceptional device that provides reliable data. the app is worthy of its subscription as it has great detail and tracking capacity,7.6.1
Oura,google_play,us,45f937dd-7ed2-4de0-9b1f-8b3920c0bbe5,2026-02-05 23:27:53+00:00,5,,changed my life,7.6.1
Oura,google_play,us,ba3d7cc0-0a6a-4dfa-9c68-c45156395e08,2026-02-05 23:13:56+00:00,5,,love my oura ring and the app!!,7.6.1
Oura,google_play,us,b1447e14-ddb9-4543-8224-241e33fe2353,2026-02-05 20:30:26+00:00,5,,People.... best health tracker ever made. Don't waste your time with cheap trackers. Get the best OURA!,7.6.1
Oura,google_play,us,f5f2565e-9ba7-4f6d-84c4-51064c2ce4b4,2026-02-05 18:43:57+00:00,5,,GREAT JOB! KEEP INNOVATING!! YOU GUYS ARE AMAZING!,7.6.1
Oura,google_play,us,742d9124-4985-4dc3-aa78-2d98d5a2bf51,2026-02-05 17:35:49+00:00,3,,"while I like it, having no definitive data and saying things like minor signs or major signs without telling me what the signs are doesn't help me as much as It could. even not giving me my temperature but saying today it was 2 to 4 degrees high is not very helpful. It has promise but I'm unsure how useful it is in the long run foe the price.",7.6.1
Oura,google_play,us,ed2b636e-eb0b-46ba-9faa-3d3519d212c4,2026-02-05 16:46:21+00:00,5,,My Oura ring is very helpful keeping my aware of my health and monitoring vitals.,7.6.1
Oura,google_play,us,7c66146f-ed40-464f-8a12-759573c93d8d,2026-02-05 15:58:52+00:00,4,,"good, still working and provide accurate data",7.6.1
Oura,google_play,us,e0da04d2-9665-4cdd-b0a3-4a00087fd17b,2026-02-05 14:24:51+00:00,5,,The mirror only allows me to see the outside. Oura gives me inside insight.,7.6.1
Oura,google_play,us,5c29bdc6-268b-49ba-aa47-0f4508c4a839,2026-02-05 13:57:14+00:00,5,,I Love my Oura!,7.6.1
Oura,google_play,us,7c6202e9-16ed-4141-ad64-986c4132d32c,2026-02-05 13:44:04+00:00,3,,"ALWAYS an update (avg, 2x a week) and once your ring hits a year - it suddenly doesn't work as well with the app and loses charge... hmmm 🤔",7.6.1
Oura,google_play,us,deffeb1f-8e33-450c-bf0c-fcd28e170ba2,2026-02-05 13:42:23+00:00,5,,Best purchase I have made for my health; mental and physical.,7.6.1
Oura,google_play,us,a2f7ea56-5c46-40c5-aa1f-541c8cae5158,2026-02-05 13:38:52+00:00,5,,This app has been so helpful in understanding my health.,7.6.1
Oura,google_play,us,1d95bf06-372d-41ea-b202-a54e48ab705b,2026-02-05 12:45:04+00:00,5,,simply the best. dont bother with other 'rings',7.6.1
Oura,google_play,us,cc4bcc8f-e72c-4986-a99a-3b3b09765b7b,2026-02-05 11:24:44+00:00,5,,"Great product, a lot better than a bulky watch",7.6.1
Oura,google_play,us,de583ef7-c961-4c96-8726-7166acd54c88,2026-02-05 11:00:45+00:00,5,,great device. very happy using it,7.6.1
Oura,google_play,us,ef2c4080-fa46-4476-a896-54a0e2ae8383,2026-02-05 09:51:49+00:00,4,,"Since the last update my ring doesn't appear to be communicating, needs to be put onto the charger to sync and it is not recording my sleep etc 😞 Prior to this, I was extremely happy!",7.6.1
Oura,google_play,us,1858a308-908d-4c12-8443-54a05a4510d8,2026-02-05 02:40:46+00:00,3,,"The ring is great, the app needs A LOT of work. It has gotten incredibly buggy, you open the app, half the stuff doesn't load. You tap on something, that page doesn't load.",7.6.1
Oura,google_play,us,b44c73a0-48c7-41a7-aaeb-1976391fea1a,2026-02-04 23:51:41+00:00,4,,Great product.,7.6.1
Oura,google_play,us,6941d6c7-6807-48c1-a148-4fc50732d122,2026-02-04 22:11:50+00:00,5,,I have had my ring for years and love how I can see my biological age and what impact changing my diet and even pillows has on my life parameters. its now a part of my life just being there and letting me have a window to my well being. I just LOVE my Oura Ring. 🥰,7.6.1
Oura,google_play,us,f13b70e1-8e21-49a6-9b02-5f84cf72ba47,2026-02-04 21:40:14+00:00,5,,Love keeping track of my stress levels and all the biometrics. Information It provides,7.6.1
Oura,google_play,us,dc5af710-fd08-4475-82f9-4d0a3bd7c46a,2026-02-04 15:28:37+00:00,5,,I am addicted to my ring. My sleep habits have improved greatly. my overall health has improved. My cardiologist and my oncologist have both purchased Oura rings because of the positive changes in my health since getting mine.,7.6.1
Oura,google_play,us,500caa44-6e63-4331-b1f0-fc8bc5479cc5,2026-02-04 15:16:24+00:00,4,,Love the ring and the app. Occasionally it doesn't want to sync unless the ring is on its charger. It runs a lot in the background and uses extra phone battery. But that's to be expected.,7.6.1
Oura,google_play,us,96269bb1-b95b-4a13-8d7c-11520bc53384,2026-02-04 15:02:57+00:00,2,,"helpful biohacking tool when it works. I have a lot of problems with the consistency of the female section, cycle tracking etc. there seem to be too many issues and my data comes and goes and changes frequently it is too unreliable. meal tracking needs improvement and should provide better feedback. Activity section is not accurate and is lacking.",7.6.1
Oura,google_play,us,1e60553e-10b2-47fb-9c31-16342efd0e23,2026-02-04 14:42:17+00:00,5,,Constant additions to Oura make better & better. I'm on year 4!,7.6.1
Oura,google_play,us,24e1af59-495d-4d5a-b1ef-7b9c5dfeff81,2026-02-04 14:41:56+00:00,5,,Reliable and extremely helpful!,7.6.1
Oura,google_play,us,992f1433-476d-40b4-ac0a-5eca4b3c91b1,2026-02-04 14:31:58+00:00,5,,Love the info provided by the app,7.6.1
Oura,google_play,us,3391b266-09f1-42aa-bf70-66ebadd261ea,2026-02-04 14:23:20+00:00,5,,best way for me to monitor my ups and downs and make better sense of my lifestyle choices. absolute game changer in my health!,7.6.1
Oura,google_play,us,1bbb3cd6-ea1c-48c3-98cf-22a2b6d3e207,2026-02-04 14:19:37+00:00,5,,I wake up everyday and can't wait to see how I did.,7.6.1
Oura,google_play,us,3261ac6a-c5f0-42d8-ad71-41eba2cd6ed0,2026-02-04 14:03:15+00:00,4,,in most things they are accurate sleep accounts are quite often wrong,7.6.1
Oura,google_play,us,4f399b16-ebbe-49ed-bd95-54db5e25eb55,2026-02-04 13:29:08+00:00,5,,love my Oura Ring! it makes it so easy to track my sleep and activity each day.,7.6.1
Oura,google_play,us,a2d09065-cbe4-4818-bfc6-dff6cd945f30,2026-02-04 13:26:31+00:00,4,,App needs a little work for people who work nights.,7.6.1
Oura,google_play,us,f327fd37-966d-428a-90b9-f48909ee136c,2026-02-04 13:17:22+00:00,5,,pretty accurate and informative,7.6.1
Oura,google_play,us,8f16f437-047c-4194-8a40-8a5c64f6be98,2026-02-04 12:58:47+00:00,5,,It keeps me and my body healthy and what habits work and don't work. Knowing my sleep patterns has been a game changer.,7.6.1
Oura,google_play,us,96c7a978-fe20-46e9-84ed-62aebd758f2e,2026-02-04 12:31:39+00:00,5,,honesltly I really like this app,7.6.1
Oura,google_play,us,70f04e46-a092-46ef-a3fc-39c4c01fee32,2026-02-04 12:28:29+00:00,5,,"This ring and companion app are amazing. It lets me dial in on aspects of my health that even doctors tend to ignore. It gives you the data and insights to make better decisions to get you healthy both physically and mentally. It's also very comfortable, looks good, and tends to have a pretty sweet battery life. Get yours today!",7.6.1
Oura,google_play,us,790c7a24-3156-46cb-959c-e0d6db0f8bc5,2026-02-04 11:52:12+00:00,5,,App is usually spot-on with my sleep score and my overall feeling. Allows me to share actual trend data with my doctor.,7.6.1
Oura,google_play,us,9604609d-2857-4625-b235-8a3c63aaf984,2026-02-04 11:43:09+00:00,5,,"Love my Oura ring and app. Use it all the time to track my calories burn, stress management, sleep and many other stuff like blood oxygen etc.",7.6.1
Oura,google_play,us,9e90fc1a-d0cb-4977-85fe-75adf4acaef3,2026-02-04 11:26:44+00:00,4,,still learning how to work this ring,7.6.1
Oura,google_play,us,684b6767-3a47-4f00-a702-3194e12f7e78,2026-02-04 11:18:20+00:00,5,,I enjoy tracking my sleep and activity. I know how eating a late dinner impacts you sleep!,7.6.1
Oura,google_play,us,09df82a1-b90e-4d47-9e63-b55f2e492d76,2026-02-03 12:11:15+00:00,5,,excellent,7.6.1
Oura,google_play,us,76473a25-5b3d-458e-84eb-3f07d6f3c50c,2026-02-02 21:05:15+00:00,5,,I'm on my second oura ring and love it.,7.6.1
Oura,google_play,us,37a7473d-ee95-4f40-ab3a-50b1df9e5852,2026-02-02 11:52:00+00:00,1,,"My primary use is activities, the step tracker is inaccurate consistently undercounts steps by 15% I checked this data on three other apps.",7.6.1
Oura,google_play,us,8f5ee86e-6f7d-4505-b636-21de3127b098,2026-02-01 15:48:27+00:00,1,,Takes so long to update. I like all that it tracks as it's very useful however waiting on results is a bit frustrating.,7.6.1
Oura,google_play,us,cd1e77f3-02ba-48e8-9b19-6c6f89d6e6cb,2026-02-01 11:22:31+00:00,1,,"well got an oura heritage I think you sign in it goes though setup.then to connect and little blue circle goes round and round and round and round and thats it. go to settings and it says paired w/Bluetooth haha you notice they tell you to contact support but convientaly don't tell you how Going to get about a 10,000 power magnifying glass 🔍 and try to read TINY TINY TINY INSTRUCTIONS no 2 it is amazing for what this thing cost the lack of support and the cheapest pitiful tiny instruction have",
Oura,google_play,us,1ddc56af-1b15-4b15-81a7-05f7876f6a96,2026-02-01 02:46:49+00:00,3,,I like it but it still has some work needed on the visuals and user experience.,7.6.1
Oura,google_play,us,d2ddfaea-5799-482e-b565-be568a0b1304,2026-01-31 21:15:02+00:00,3,,"I just replaced my old Gen 3 heritage with the newer Gen 4 ring. So far, exercise tracking is hit or miss, not as consistent as my older Gen 3. This is baffling because you'd think the latest iteration would be better. Also, why isn't there a treadmill option under exercises? I'd do a full 8+ miles speed wallk on the treadmill, only to find out that it didn't track my heart rate. I get a message that there's no data for my workout due to poor connection. What!? It's a Bluetooth connection.",7.6.1
Oura,google_play,us,504a0ecc-392b-4666-b5b0-0215da0719ab,2026-01-31 08:13:53+00:00,1,,I mostly learn that the app updates weekly...,7.5.0
Oura,google_play,us,d956b0aa-61b7-4910-8122-096cb77857e3,2026-01-31 07:32:59+00:00,3,,"Personally not impressed with the canned ""AI"" advise given. Lots of motherhood statements. Good for amateurs lacking knowledge and awareness. A disaster to wear the ring during exercises. Finger crusher 🤦‍♀️",7.6.1
Oura,google_play,us,485a4132-84ac-447b-936a-84ef6d38981f,2026-01-31 04:37:06+00:00,2,,for someone who works night shift i think its crazy that no activity (steps) are logged between 12 am and 4 am. hard to have a reliable activity tracker that isn't tracking during the peak of my day. Im a bit dissapointed.,7.6.1
Oura,google_play,us,1984fbe7-19f9-4691-ac81-cb8c6544d3ec,2026-01-30 19:05:50+00:00,5,,"love my Oura ring, more health data is helping me make adjustments to improve my eating and movement 😄",7.6.1
Oura,google_play,us,6ee9307f-251f-46b2-9913-18cb9583ea81,2026-01-30 18:33:14+00:00,5,,great device for health tracking,7.6.1
Oura,google_play,us,5abd6956-86b0-4a2f-bd5e-be5a533411b9,2026-01-30 15:58:33+00:00,1,,The app is alright but the ring is worthless. The ring had no issues making it through the long work days and my sleep a week ago but now I have to charge it 3 times a day and it still doesn't even make it through the night.,7.6.1
Oura,google_play,us,2a4cb677-958c-4b0b-a3c5-789b3f084486,2026-01-30 12:29:40+00:00,5,,I do like that it is very accurate on everything that you do. it is crazy how much it can show you and teach you about your body. I really enjoy it.,7.6.1
Oura,google_play,us,9da2a1bc-abf4-4715-b989-766b5655bd6a,2026-01-30 08:07:46+00:00,5,,"I love this app, I am more in control of my well being and have more cobtrol on my stress levels",7.6.1
Oura,google_play,us,e3df0f28-97ab-4448-b727-94f43e2ffcd7,2026-01-30 04:55:17+00:00,5,,I have been with Oura for a few years now. I am extremely happy with my ring & the features in the app! I use this with my watch to track my health & I absolutely love it. 10000/10,7.6.0
Oura,google_play,us,465d78d2-5f97-4ef6-ac45-6f8b047ba9ea,2026-01-30 03:46:22+00:00,5,,constantly improved,7.6.0
Oura,google_play,us,f0fc93fc-8d3e-4503-be07-33c8b7e0c064,2026-01-29 23:36:50+00:00,1,,not been the best...my ring is not picking up all activities. I tried updates on the app but still not working. my wife insisted we needed these and now I'm confused as to why...?! it worked great for first few months and now it's just useless. wish this wasn't the case. a shame since it cost so.much and a monthly subscription on top of it...ugh!!!,7.6.1
Oura,google_play,us,1c6e2b71-3258-4e7b-99fd-3359d9bd31a1,2026-01-29 20:26:29+00:00,3,,Very good health stats. However the comentry provided is general information not specific based on your individual health metrics. The app has AI but it is not used to tailor the information based on its analysis across all metrics.,7.6.1
Oura,google_play,us,4c9855ae-34a6-4b21-8b6b-b95ebbe0551c,2026-01-29 04:24:01+00:00,2,,This app updates every other day it seems. I appreciate new features but it's annoying to not be able to just open it and get info without another update,7.6.0
Oura,google_play,us,d7f19748-00ac-4160-8196-1060638f80e8,2026-01-29 03:39:39+00:00,4,,I often have to reboot my phone to get the program to sync with my phone. other than that I like it,7.6.0
Oura,google_play,us,36af20dd-ee78-442c-a963-908091d0e63c,2026-01-29 03:38:49+00:00,1,,"I haven’t been able to use the Oura app for nearly a month because it crashes as soon as I open it. Customer support chat hasn’t provided any real answers or timeline for a fix. For a product that requires a paid subscription, this level of app instability and lack of communication is unacceptable.",7.6.0
Oura,google_play,us,419378bd-a1d2-42bd-8a56-4be351d04978,2026-01-28 17:49:21+00:00,2,,"only some people to reach it,for it's working petrn...",
Oura,google_play,us,f0405578-0738-4dd3-82bb-f9f4cee126f8,2026-01-28 14:42:52+00:00,4,,"Track BP accurately, and with all the other heart features, damn near perfect. Not yet until I can track my BP and Afib.",7.5.0
Oura,google_play,us,6a08454e-c515-4567-829c-9a0adf3e9c0a,2026-01-28 12:10:36+00:00,5,,best fitness and lifestyle tracker I have ever used!,7.5.0
Oura,google_play,us,bdf61dfd-63f3-4a44-889f-43be806939b3,2026-01-27 20:21:06+00:00,5,,loved it,7.5.0
Oura,google_play,us,0d02589d-6de0-48f0-a30b-d3c2a7c8b15d,2026-01-27 15:42:06+00:00,5,,the oura ring is awesome. I don't mind the subscription as they are constantly updating what the ring can do. I have to also mention the customer service when there is an issue. the customer service is outstanding. Will be buying another one when this ring is done.,7.5.0
Oura,google_play,us,b4e0ad41-be43-482f-b2e6-d019caff68b7,2026-01-27 14:01:37+00:00,1,,"many of the features don't work. edit: i did reach out, and the solution given didn't work, my ring does not track stress saying not enough data. no matter what I do.",7.5.0
Oura,google_play,us,e749c619-1737-485c-8a35-8e194bc7625b,2026-01-27 02:40:28+00:00,5,,really like all the information it offers.,7.5.0
Oura,google_play,us,37f7e2c7-6b8b-49be-b5b6-fa87c19f3b9c,2026-01-27 01:50:45+00:00,1,,I'm coming back to my Oura ring. The app won't let me get past the screen were i enter my email. It recognizes my ring but I can't get logged in.,7.5.0
Oura,google_play,us,c66b74e9-c780-42c8-9f7c-3c65bb4f4c49,2026-01-26 15:38:36+00:00,5,,a very good app so far,7.5.0
Oura,google_play,us,27e7d947-9be9-4b09-aa47-0c9ad678e6fc,2026-01-26 14:01:16+00:00,4,,Lots of features that tell me about things I didnt know.,7.5.0
Oura,google_play,us,e8e25f2f-dd7d-49cf-a418-db0ed0cb585d,2026-01-26 13:42:14+00:00,5,,Great app. very precise data.,7.5.0
Oura,google_play,us,c4f1fa68-63da-4506-bfb1-c46b0e2d1d5a,2026-01-26 13:31:02+00:00,5,,"Love it, don't like wearing watches so this is perfect for me. App takes a few days to gather some information but it is easy to use and understand.",7.5.0
Oura,google_play,us,b6f9ad13-e5d3-469e-97db-9cbba1c10bdd,2026-01-26 03:34:57+00:00,5,,Very informative and useful. App has much more information than I expected.,7.5.0
Oura,google_play,us,8e78b3a9-08f5-443a-8352-c1d899735279,2026-01-26 00:41:33+00:00,1,,"So i initially bought this ring to keep up with my sleep pattern and overall health. The first few months were great then it took a serious dive. Now it barely holds a charge, and it hasn't accurately recorded anything in months. I want to love it again, as I had to really sell mu hubby on it, but this relationship is failing!",7.5.0
Oura,google_play,us,a45c1402-da39-4553-be79-a321180966f4,2026-01-25 22:24:17+00:00,5,,"going thru health issues and the app keeps me up to date on my issues, stress, etc",7.5.0
Oura,google_play,us,a574da4d-05be-4469-8d38-0d1da371ffc5,2026-01-25 18:58:51+00:00,5,,"very Informative, has a lot of good points and key information when it comes to my health, sleep schedule and well-being",7.5.0
Oura,google_play,us,69d1a3a3-a3c4-434b-a4ba-b07eff436d8c,2026-01-25 17:04:07+00:00,5,,Oura 4 much more accurate than the Oura 2. I think it picks up heart rate during exercise and sleep more consistently. The interface is different but not hard to navigate.,7.5.0
Oura,google_play,us,19e4d9ac-6577-4a12-b35b-36841af5d36c,2026-01-25 15:49:23+00:00,5,,lots of data. you don't even realize you are wearing it,7.5.0
Oura,google_play,us,091c0a50-cb13-4173-87c7-d6bae02bbb1d,2026-01-25 15:39:00+00:00,5,,"get the ring, get the app. life changing data at the tip of your finger taken from the base of your finger.",7.5.0
Oura,google_play,us,9b801d57-31dc-4490-9175-0895cf1c2d22,2026-01-25 12:09:00+00:00,5,,"Easy, helpful and informative",7.5.0
Oura,google_play,us,f6bb10b3-2e7b-47f0-9f55-0e61dbc10e3c,2026-01-25 01:26:57+00:00,4,,"Enjoy using this app BUT, it seems with every update the visual information in charts etc get buried deeper and deeper. They used to be easily accessible from the start up dashboard but now I have to go searching for them. It took me several unsuccessful goes to just find the chart that shows what the breakdown of my sleep was and also to find out my overnight temperature changes. A change in overnight temperature has alerted me in the past to a change in an illness so it is important to me xx",7.5.0
Oura,google_play,us,fb87ba55-e07f-41a1-8265-cceba6597da6,2026-01-24 22:09:39+00:00,1,,"I have done everything, and it never takes any data whatsoever. the only data it gets is uploaded Strava data, and when I manually request a heart rate. dont insult my intelligence by saying to hard reset or uninstall and reinstall, blah blah blah. it is not working. this thing is too expensive to not work out of the box.",7.5.0
Oura,google_play,us,a1d21326-fa2c-4921-ac2c-9b73b92f505a,2026-01-24 18:53:15+00:00,5,,Great adjunct to maintaining a healthy lifestyle. The feedback and educational content are very informative. It helps me make adjustments and better decisions regarding my health,7.5.0
Oura,google_play,us,d661ce14-dabb-4038-bd8a-55f6668ecf32,2026-01-24 18:24:07+00:00,3,,Not really very accurate about sleep and activities for me. I don't have any other devices like watches to sync with it. Maybe that is the reason.,7.5.0
Oura,google_play,us,3e0032cf-3b62-44de-a1a9-4ed12912f3a4,2026-01-24 12:40:32+00:00,5,,"great, intuitive app with many features. easy to use. so much information available and the ai is helpful.",7.5.0
Oura,google_play,us,6a1969ac-7f5e-4819-9c36-93ec66d4659d,2026-01-24 10:44:18+00:00,5,,I check my body stats faithfully every am in love my oura ring and app,7.5.0
Oura,google_play,us,5eb73d63-04fe-4df9-8afe-812abe604773,2026-01-23 17:42:36+00:00,3,,very disappointed in step and activity counts. would not give up fitbit,7.5.0
Oura,google_play,us,bf30c715-776e-4068-90cf-44b4df595fc3,2026-01-23 14:15:03+00:00,5,,Love the app! The flow is nice and it looks great!,7.5.0
Oura,google_play,us,9f85e20c-b7f3-4118-844b-5f31db54639c,2026-01-23 13:39:33+00:00,5,,"I have both the oura ring 4 and a galaxy watch, and over time, oura has given better, more accurate results with their multiple sensor technology.",7.5.0
Oura,google_play,us,089c8ba8-9473-4091-b033-36bc96ed4c3b,2026-01-22 23:49:52+00:00,5,,I lost some weight & my ring confirmed that I was sleeping better. This motivated me to keep losing weight and I have been sleeping more soundly now.,7.5.0
Oura,google_play,us,34a2b0b0-3268-4862-8104-60e0313e52f6,2026-01-22 17:33:13+00:00,1,,"does not stay connected to the app. This is my second Ring the first was replaced after a week of constantly reaching out to support amd after spending hours troubleshooting. They finally gave in amd sent a replacement ring. The replacement has the same issue only worse I sync it and minutes later it's disconnected again. so it shows no data in real time I have to unpair , force stop to reconnect which is absurd who is always near the charger overall the ring is useless. Totally disappointed.",7.5.0
Oura,google_play,us,2e4d073a-3b4e-40f0-842b-81fcbfe8d1a9,2026-01-22 16:40:23+00:00,3,,"retecap back to 3 goal reset to 8000 all on its own RECAP goal reset today after 72 hrs all by itself. other than wanting bigger widgets (2x), am very satisfied. changing my rating from 3 to 4 4 attempted multiple times to reset activity goal using eponymous button to no avail. tried resetting app closing and restarting app etc. no luck. Activity goal won't change on display. The widgets are too small and won't resize.",7.5.0
Oura,google_play,us,16b4ccda-5be1-46fa-b295-7fea908b8c01,2026-01-22 04:28:38+00:00,1,,I switched to an older android & the ring wont connect,7.5.0
Oura,google_play,us,39e5b8ac-7f2b-48d4-9e39-b7b68d5a441b,2026-01-22 03:42:43+00:00,3,,The one I had was too bulky. Need it to be a womans style one.,
Oura,google_play,us,00c35b97-7827-4a08-9f84-9b50a9b1ef19,2026-01-21 23:34:49+00:00,1,,"Nothing like spending $450 on a device, just for them to turn around and force you to pay a subscription on top of that.",7.5.0
Oura,google_play,us,1ac821c1-8d0c-4f9a-9d8f-6b946da47024,2026-01-21 20:07:02+00:00,1,,"when it worked it was great. now a year later my ring is constantly disconnecting, losing its charge extremely quickly and the ring will not sync unless it's on the charger. this is making it pointless to use.",7.5.0
Oura,google_play,us,b4c6b9d4-ec39-450d-ba50-4a84b7fc12c5,2026-01-21 15:55:38+00:00,5,,"I've been loving my ring for the past couple years. This week the app has been freezing up on the regular though. checked for updates, any other solutions?",7.5.0
Oura,google_play,us,9018cd33-0956-4ab7-b862-e95e144d2609,2026-01-21 15:32:26+00:00,5,,between this and my Stelio I am getting some valuable info on myself to help me get in shape.,7.5.0
Oura,google_play,us,b3fa4ff6-9a10-4222-ad01-4da76c97adfc,2026-01-21 13:40:57+00:00,1,,"Could definitely be better at picking up movements especially while walking, it hardly ever catches when im walking across the runway multiple times a day. the steps my watch picks up never matches from my ring. The battery definitely doesn't last as long as it claims. and I need to charge a few times a week to avoid it going dead. if im sitting on my couch watching a movie it thinks im taking a nap. only once has it noticed I was doing house work which is odd since that's a everyday event.",7.5.0
Oura,google_play,us,aa92826d-d734-4a75-b38c-19e153d99e0c,2026-01-21 13:03:45+00:00,5,,"My go to, for checking on myself every day.",7.5.0
Oura,google_play,us,f85fd03e-ba2d-4d0d-b824-adfb8d098ce7,2026-01-21 12:37:11+00:00,5,,It has improved my stress and sleep,7.5.0
Oura,google_play,us,7e074d56-6953-44fa-a572-716b61ed78aa,2026-01-21 08:09:06+00:00,1,,"There is zero real customer service. All ""Live Agents"" are AI bots. Doesn't track physical activity if your hands are tied up (i.e. pushing a stoller). Time to ditch the membership, literally give 2 ***** about Palantir using it. I just care that I'm not being serviced by 100% clankers when told it's a ""real person"", do better Oura. **OH look another AI bot has responded. I don't have social media so you still can't help me. What a useless customer service team.",7.5.0
Oura,google_play,us,61c7eb44-e873-4550-99c7-4a5c7ea2891f,2026-01-21 05:10:53+00:00,5,,love it,7.5.0
Oura,google_play,us,d6a1368c-f593-4032-a03a-5da99bb6f588,2026-01-20 18:58:10+00:00,5,,Oura offers outstanding insight and helpful dialog on your health. If used in conjunction with your health professional you have the best opportunity to maximize your well being.,7.5.0
Oura,google_play,us,382b6fe4-6926-4c64-9b34-8570864fb832,2026-01-20 13:49:45+00:00,5,,it's a great app for health analysis!,7.5.0
Oura,google_play,us,9b9b0ad8-292f-49fd-a9f9-ee2ad9c3a167,2026-01-20 12:43:45+00:00,3,,"after the upgrade, the activity is not showing in real time and the AI advisor is not offering any real insights.",7.5.0
Oura,google_play,us,7d0dc582-3f14-4dd7-b2e0-9da34b3b2be6,2026-01-20 08:00:01+00:00,2,,not as accurate as it claims and the reports are so dull in information.,7.5.0
Oura,google_play,us,bbd82b68-b4c2-4866-9459-215804e8e13e,2026-01-20 05:39:16+00:00,4,,good but needs more features,7.5.0
Oura,google_play,us,567bfadd-226d-4676-9e27-395adf6e5692,2026-01-19 21:45:16+00:00,2,,"Poor performance on Android. Often loses sync and my answer from customer service was that it's an issue with the app for Android. No resolution. Usually while trying to record a work out. I'd say 25% of the time I'll do my workout then try to import my data and it says there's nothing there because it ""lost sync at some point."" really frustrating, existing l especially since it's a known issue.",7.5.0
Oura,google_play,us,3b1e878c-8cf3-43ab-b2ac-8086bf0c589f,2026-01-19 21:28:21+00:00,4,,ladt4 days the app wants Me to update and so I do ...just to have it ask me again....its been going on for a few days? what to do?,7.4.3
Oura,google_play,us,b1818cc1-f3fe-43b9-9d12-584df321cc1e,2026-01-19 19:22:18+00:00,3,,"a lot of the paid tabs are missing from my app despite paying for a membership. the app is up-to-date and I've searched the oura site for guidance, but I still don't have full functionality. disappointed to say the least. The app lags and you can't connect to the likes of Garmin connect. which has better tracking and drill downs into data for activities. definitely gone for style over substance.",7.5.0
Oura,google_play,us,9449cbb5-13b9-424f-87ef-e151aca495c1,2026-01-19 14:51:25+00:00,5,,The data is totally relevant regarding my current health allowing clarity to establish steps to improving my health. It allows me to track and understand how and what daily activities positively / negatively effects my physical body and mental health.,7.5.0
Oura,google_play,us,3139d94e-ab65-433b-a129-862ab9183cde,2026-01-19 14:17:20+00:00,1,,The UI sucks. You can't see your numbers in the home screen. You have to click 5 steps to see you daily steps. probably the worst health tracking app I've seen because you literally can't track anything without doing 5 extra steps.,7.5.0
Oura,google_play,us,03ff4b34-c484-4e0d-a7b6-4db54bffa32f,2026-01-19 13:29:37+00:00,5,,i love it. I really do,
Oura,google_play,us,9e688e5d-308d-4a7e-87d5-bcbf7825ab06,2026-01-19 13:25:19+00:00,5,,"nothing in life is perfect, but compared to everything else out there this app and ring come close. They justify the cost of subscription by constantly making the ring algorithms tell you more about yourself than you thought you knew. China will sell junk cheaper but will never be able to create an app like this as they don't even understand how humans function let alone care about humans. This app is for humans, not robots.",7.5.0
Oura,google_play,us,282f347c-6e5e-453e-8a1c-b64fd826d80d,2026-01-19 11:31:15+00:00,1,,"I'm really disappointed with the changes they made in rolling out v4. I have to charge my V3 ring 2-3 times in 24 hours and it still loses data. I turn location permissions off while sleeping to try to make it until morning. Their help diagnosis says my battery has problems and they will give me a discount toward V4, but battery had no issues until release of V4 and then all these problems. I don't want to buy a new ring and shouldn't have to. New release shouldn't break the older ring.",7.5.0
Oura,google_play,us,a923ff62-b403-4d31-9807-35a49861fe9a,2026-01-18 18:39:02+00:00,1,,app is constantly crashing since Jan 2026 update! can't even open the app and it's killing my battery life!,7.5.0
Oura,google_play,us,4339d0e9-9a65-4569-b454-d10c72d0834d,2026-01-18 15:00:59+00:00,5,,I have a fib. so I love the heart rate and my sleep info. number of steps is great also stress info,7.5.0
Oura,google_play,us,7e56fdb6-c04e-4cae-934b-c0dccc8c4028,2026-01-18 12:37:46+00:00,5,,helps a lot,7.5.0
Oura,google_play,us,0ebbd20e-da0c-4e3c-bbc8-8761b62518f4,2026-01-18 05:39:32+00:00,5,,Exceptional 👌🏻,7.4.3
Oura,google_play,us,c71317d3-92cf-4d7f-9c8a-cc1592a50148,2026-01-18 02:00:08+00:00,1,,"Newer versions of the app look nice, but go over the top showing you scores and summaries instead of making actual data readily available the way it used to. I used to look at the app first thing every morning, but I find myself going days at a time without using it now",7.5.0
Oura,google_play,us,2a4dd9f2-fc8e-44bb-8d86-a2836e6c4105,2026-01-17 18:36:59+00:00,5,,"So helpful monitoring sleep, stress, and metabolic activity as I work my way out of Insulin Resistence. I appreciate the distance mapping option on recorded activities helping me to judge improvements in my physical fitness plans.",
Oura,google_play,us,9966de8b-7a67-489a-9e4d-39303d7aff2c,2026-01-17 15:18:58+00:00,5,,better than I thought it would be works great 👍,7.5.0
Oura,google_play,us,6eaf8886-e17c-4f90-8cc2-273331ed49c1,2026-01-17 13:36:09+00:00,3,,"I'm happy with the sleep detection and scoring and the existing features; this is my second ring and with a sample size of two I presume that the sensitivity of hardware differs (could be the assembly of miniature sensors). wish the ring detected strength training sessions and allowed me to input the weights, measured oxygen level saturation, and also accurately recorded the calories/joules of cardio sessions.",7.5.0
Oura,google_play,us,7ab018e6-50a4-48ae-8f28-ea24f898bc9b,2026-01-16 23:34:26+00:00,2,,Updating my review as this has been glitchy and unstable as of late. Updated the app on 14 Jan 2026 and since then it doesn't track sleep data and has had trouble syncing overnight until I put the ring back on the charger. Ring senses activity and heartrate during the day though but all other stats are missing so it doesn't give any insight at all. Please fix this!,7.5.0
Oura,google_play,us,eb7adf60-876e-4207-9073-e0976a574e34,2026-01-16 21:26:41+00:00,5,,Does it work with an Oura 3 ring? How can we contact support?,7.5.0
Oura,google_play,us,08bd2703-5158-42af-90cf-292d6ac5ddfc,2026-01-16 17:03:19+00:00,3,,"The ring is much less accurate at detecting activities, and correctly detecting what the activity is, than my Samsung Galaxy 3 watch. It is accurate when I'm not working out, but wonky when I am.",7.5.0
Oura,google_play,us,1468e3b7-b004-4d7c-9527-0834f54ce382,2026-01-16 12:24:26+00:00,1,,"Useless AI slop ""insights"" that tell you black is white & vice versa, and you can't accurately log meals/activities because the input needs to make perfect sense to the Almighty Stupid AI, otherwise it can't be logged at all. It's apparently your obligation as a PAYING user to train Oura's AI. Really frustrating. Considering the cost of the device itself, you'd think they'd have something to offer other than AI slop. absolutely not worth $6, $5 or even $1 a month.",
Oura,google_play,us,3baa70e9-2bec-4097-8f4b-2b0c00108b63,2026-01-16 10:17:04+00:00,3,,"Not impressed. No setting to specify my inverse sleep schedule so I automatically get a lower score. Between this and the inability to detect activity, there is much to be desired. When I workout for 30 minutes I'm lucky if it records 10, just like only recording about 1/3 of my walk duration, which go for hours at a time. Got tired of manually entering time and it suddenly producing my route so I just use it to monitor my sleep now, which it does pretty well. Backend systems just need work.",7.5.0
Oura,google_play,us,ea6f1df1-d4a7-4c14-b882-9d94150ecfb4,2026-01-16 03:43:27+00:00,5,,Great app... always keeps me updated and I very accurate. no ads and easy to use with a lot of information and features.,7.5.0
Oura,google_play,us,dd237623-a7b7-45d5-9184-2ce38ef2494c,2026-01-15 21:25:09+00:00,1,,"itd be great if the app UI wasn't such garbage. I can barely navigate since they put data all over the place with stupid symbols that have stupid arbitrary meanings and you have to relearn the layout every damn month when they re-arrange everything for absolutely no reason other than to drive you through more stupid and ceaseless popup windows asking for permissions they don't need and drive up ad traffic to make you buy the subscription. skip this company, buy anything else.",
Oura,google_play,us,8fc1069a-0328-4a69-bdd6-cd7aed597b75,2026-01-15 20:02:09+00:00,5,,I love this app! 😀 ❤️,7.5.0
Oura,google_play,us,ee5ec05c-9834-4b92-9d29-b060884d8c97,2026-01-15 16:46:54+00:00,2,,"I've had the ring almost 2 years. Every time they update the app, the ring freaks out for days. The app updated during the night, now my sleep score and readiness are not available, won't load any info even though it says it's updated yet it asked me to confirm my activity. I've had the ring on the entire time. I'm starting to not see the point of keeping the subscription when the app is getting more and more glitchy with each update. It was amazing at the beginning.",7.5.0
Oura,google_play,us,9c79a886-321d-4338-bd49-d73c0168932b,2026-01-15 15:12:37+00:00,5,,Great App,7.5.0
Oura,google_play,us,d21960d2-88fa-4560-8aa8-4b56116ffefb,2026-01-15 15:03:15+00:00,5,,"Oura provided me with what I was missing and needed. I can now know the quantity and quality of my sleep, steps, heart, and overall wellness without worrying about the accuracy. Oura is my trusted device to provide the source of information that's valuable to me.",7.5.0
Oura,google_play,us,ca2e68ca-cc2e-4931-aa0b-9215879a9c30,2026-01-15 13:51:58+00:00,4,,"good graphics, interesting information,",7.5.0
Oura,google_play,us,e8ddc92d-989a-4db8-97c3-8482ea552126,2026-01-14 18:51:26+00:00,4,,"changing to 4 stars after some improvements in the last update! The UI is good and I like the health tracking. It will occasionally disconnect from the ring and I can only get it to reconnect by putting the ring on the charger for a second. Also, when you get a notification it opens the app to some page, but you cant get back to the home page. you can only close out of the app. Even if you press the back button it will just close out of the app.",7.5.0
Oura,google_play,us,94059ba9-e5f2-4261-9f14-d950814296ab,2026-01-14 16:30:54+00:00,5,,Great feature set and I'm amazed at how accurate it is when I'm needing recovery time or feeling at my peak.,7.5.0
Oura,google_play,us,14e53036-7f58-4613-aebc-ac7f8bb64e8f,2026-01-14 16:28:19+00:00,1,,I'm a bit over a year in on oura and my oura ring 4 now only last a little over a day battery life around 22hrs of battery left and lately has struggled to connect to my phone which has never happened before. Not long after I take it off the charger it says I have. it used to last multiple days. this is unfortunate.,7.5.0
Oura,google_play,us,55128ff1-b338-43df-8fe6-c8a254a49cb7,2026-01-14 14:23:14+00:00,5,,ring working fine.,7.5.0
Oura,google_play,us,ad2afa80-322a-45f9-b76d-47efdb344d29,2026-01-14 14:17:12+00:00,2,,"This app tracks my steps and sleep. However, I can't enter the step goal I want. I can only choose between a given set range. Also, it doesn't give an estimate of miles I have walked. Further, it requires frequent updates. Finally, if you don't pay for a subscription, the app is useless.",
Oura,google_play,us,be0cb035-fc99-457e-982f-1708c9dde3b4,2026-01-13 18:31:29+00:00,5,,love it,7.4.3
Oura,google_play,us,2ed48c93-d75b-46de-ba5b-249a7f52d222,2026-01-13 15:18:54+00:00,4,,"UPDATE: 1/13/26 Oura sent me a replacement. Offered to extend my membership 2 months. Extension yet to appear. Pleased w/cust service. ORIGINAL I've had my Oura 4 for almost a year and love it. App and ring worked fine through updates. But in the last week, the ring has recorded my Activity data, but stopped recording my Sleep and Readiness data. The Oura Bluetooth keeps disconnecting from my phone. A soft reset and a factory reset offered no solution. The ring is full charged but won't sync.",7.4.3
Oura,google_play,us,22ec0b51-5935-411c-abe9-85d02fc3db0a,2026-01-13 09:12:58+00:00,1,,its glitching,
Oura,google_play,us,cbd7ca71-ebf1-46da-af9b-d526a72ff293,2026-01-13 02:18:21+00:00,5,,happy as,7.4.3
Oura,google_play,us,bc9ad915-e601-4532-8a7e-2dcfe3f00ff1,2026-01-13 02:03:42+00:00,5,,It's been a life changing app.,7.4.3
Oura,google_play,us,97a1c992-2d8f-4264-b48b-fd021bab9901,2026-01-13 01:47:04+00:00,1,,it is a piece of s after you do not have membership. I am surprised nobody sue them for taking away the basic functionality,7.4.3
Oura,google_play,us,645ee9ca-e1e2-4ccf-8ca3-1d08dc6c22be,2026-01-12 15:48:13+00:00,3,,the color scheme is horrible it is very hard to tell the different hues of blue apart. I use another health app and they use bright different colors to distinguish between REM sleep deep sleep and such. I think that is important for people with bad eyesight like me. my inability to change the background picture from that stupid mountain to something more pleasant would be really helpful. it allows you to change background if you share it with other people so I know the capability is there.,7.4.3
Oura,google_play,us,3b8032b4-aa2b-4935-81f0-31f635f2aac3,2026-01-12 15:41:21+00:00,3,,"Wish I could turn off annoying update notifications. My rings work great... Until an update ruins the battery life. This has happened twice now, so I try to ignore the ""app update available"". Tile on the home screen.",7.4.1
Oura,google_play,us,1f793187-ff54-45a1-92ea-c154290fbc9d,2026-01-12 14:52:55+00:00,2,,"Can't get notifications on low battery. Have to make a point to check it manually every day. Did all the checks the support team requested. No bueno. The app says it's sending me up to 45 notifications a day, but I am receiving zero notifications on my phone.",7.4.3
Oura,google_play,us,d5233fc4-e265-4c25-bea5-98443a53f85b,2026-01-12 00:01:57+00:00,4,,Sleek app. Could be more customisable,7.4.3
Oura,google_play,us,9aaaebe4-529f-44f9-a45c-9cfb06ad5ddc,2026-01-12 00:00:10+00:00,5,,Great insight to my health and user friendly.,7.4.3
Oura,google_play,us,f2d6ad9d-16bd-460d-8c96-caa5f7b009c5,2026-01-11 21:39:41+00:00,1,,"Of course they would find a way to ruin a perfectly good app. Cluttered up with ""information"" nobody asked for. Find myself using the ring less and less often because the user experience is impossible to navigate through all the garbage. Once this one dies, will not be replacing. Pity because it was so useful.",7.4.3
Oura,google_play,us,163d4d6c-3ba9-4f21-b8a0-8dd4bbf892dd,2026-01-11 18:08:52+00:00,1,,"You only get three numbers unless you pay monthly The Oura ring records sleep, heart rate, HRV, and activity, but the app only shows three scores unless you pay a monthly subscription. No sleep stages. No time asleep. No heart rate or HRV graphs. No steps. You just get a number like “Sleep 78” with no details behind it. This is not clearly explained when you buy the ring. The hardware is good, but the data is locked behind a paywall.",7.4.3
Oura,google_play,us,f901e435-ea79-4861-95d0-ac84722ca5f2,2026-01-11 09:37:33+00:00,2,,"good hardware, mod software. they really need to build an android widget so it's possible to quick-view your stats. I hate that I have to put so much effort into opening the app and moving through dashboards to see my stats. please make a widget. it's a shame for a company with such amazing hardware/wearables to drop the ball on software like this",7.4.3
Oura,google_play,us,c87c60e3-c98d-4d88-9f4f-b6315d5811fe,2026-01-11 09:00:39+00:00,1,,I'm having issues with connecting and syncing my Oura Ring 3. I've tried the Bluetooth option and location and turned off battery saving mode. I can't do any of the factory resets because those options are unavailable (grayed out). I even uninstalled my app and then re installed it. I think that made it worse because now it can find my ring that is currently sitting on the charger. my charger currently either blinks white or red. I don't know what else to do.,7.4.3
Oura,google_play,us,da92e0e7-5883-45f9-995b-904086b14b82,2026-01-11 02:51:23+00:00,1,,"Don't waste your money. As many are saying, there is no use of this $350 ring without subscription. Paying so much money so you cannot use it unless paying monthly subscription, it is ridiculous. Do not buy!!!",7.4.3
Oura,google_play,us,379c6f7b-6d95-4bbc-83cb-ad4286681dfb,2026-01-11 00:00:13+00:00,5,,"I absolutely love my ring and the app since I started, about 1.5 years ago. I thought this purchase through for quite some time and happy to say I don't regret it and recommend it to everyone who wants to be more health conscious. Tracking has never been easier. It definitely helps to be more aware of the high impact of things such as alcohol, without guilt tripping either. It just encourages me to make better choices for myself.",7.4.2
Oura,google_play,us,1751c194-39ba-4593-92d6-0bbfbf5e439f,2026-01-10 23:42:00+00:00,5,,I love it!!!,7.4.3
Oura,google_play,us,275c5704-3f06-4779-80a2-20ba8591c020,2026-01-10 22:50:44+00:00,2,,"I used to like this ring, then I got a new phone and the only thing Oura, well it's AI bot, can say is that it must not be compatible anymore. Now it's just a regular ring that flashes bright green lights at night. I gave it a 2 because it was great when it worked and now it's useless. No further support offered. Great company right there.",7.4.3
Oura,google_play,us,1ab434bd-f933-46eb-8e23-d2893f595334,2026-01-10 21:44:15+00:00,2,,"Typical case of overactive nanny developers who are paid to code, so they don't know when to stop. They took a great, highly rated app, and endlessly fixed what wasn't broken. They won't stop ruining it. It's now a prettier, yet FAR less functional app. Congrats guys. Way to drop below a 4 star app rating.",
Oura,google_play,us,c2a62633-2d2b-4246-b2ea-441df9b0751f,2026-01-10 17:14:22+00:00,3,,"the app is great, but it is annoying that I have to update the app at least twice a week.",7.4.3
Oura,google_play,us,2d7ecd9a-ca32-422b-b6cd-4f352aae1e08,2026-01-10 17:03:49+00:00,1,,I have been wearing this ring since october. i have a strict sleep schedule as I work very early in the morning. As of 2 weeks ago my bedtime reccomendation has switched from 7pm to 7am. There is absolutely no sleep data to back this up. I go to sleep at 7pm and wake at 3am 5 nights a week. I'm ready to return this ring because the main reason I got it was to help me with sleep and it's clearly not doing that.,7.4.3
Oura,google_play,us,51d1f736-7bea-4846-a884-dd5117e6ab4e,2026-01-10 15:31:47+00:00,5,,great device. latest update bricked it. it powers up and will work as long as it is charging but no longer records or keeps any history. just a nice ceramic ring now. exactly 1 year old.,7.4.3
Oura,google_play,us,e3bbc768-fba9-496c-9160-f06f7dffd348,2026-01-10 12:50:29+00:00,1,,Absolutely awful for shift workers/night time up and day time sleepers. even after 6 months in a row of sleeping 10am-6pm it still annoys me with notifications at 9pm to get ready for sleep. Not to mention some days doesn't even show sleep happened and next day shows super high readiness score with 16h sleep so 2 my personal nights combined to one. So annoying that they still have not fixed it. Will stop using soon,7.4.3
Oura,google_play,us,cf27a9c6-59f2-4267-8490-9ee3db01bf0a,2026-01-10 12:47:25+00:00,5,,"I've used fitness/ health feedback devices and watches for years . The oura ring is my fave because it gives me all I need and I can wear my beautiful watch for the time and not for a data face. Sometimes when I work with weights it doesn't pick up heart rate etc, still trying to figure out which finger for best reading. I wear on my thumb but it fits index finger too. Overall I love it. I hope the battery doesn't fade as some other people have experienced.",7.4.3
Oura,google_play,us,8040c919-076b-4689-974f-d23fcce70ec0,2026-01-09 22:53:22+00:00,3,,how's this latest update better???,7.4.2
Oura,google_play,us,cdaed575-1c83-44dc-a79e-dbd057e9fb8a,2026-01-09 17:21:34+00:00,1,,POOR SERVICE. ISSUES WITH RING SINCE PURCHASE. COMPANY DOES NOT CARE ABOUT CUSTOMERS!! OURA THANKS FOR REACHING OUT TO ME TO GET ISSUE RESOLVED. PLEASE CHECK YOUR EMAIL AS I HAVE REPLIED AND STILL WAITING FOR A RESPONSE. THERE NEEDS TO BE A BETTER OF WAY OF COMMUNICATION. SERIOUSLY YALL MAKE HOW MUCH MONEY AND HAVE NO SUPPORT. MY REVIEW STILL LINES WITH MY PREVIOUS REVIEW. SEEMS LIKE A SCAM TO GET YOU INTO MONTHLY SUBSCRIPTION AND NO ASSISTANCE WITH TROUBLESHOOTING!!,7.4.3
Oura,google_play,us,f5402b5e-1207-4d77-8df9-b81f8afcc5bb,2026-01-09 13:30:16+00:00,5,,"great assist in improving my sleep and tracking all my activities; bike rides, steps & even yardwork, haha! enjoying the whole process",
Oura,google_play,us,96c9716b-8ad0-49f2-9637-437d39838f9f,2026-01-09 11:39:44+00:00,5,,great,7.4.3
Oura,google_play,us,2b9ebdf8-da9b-4a0f-ad64-00ec5dbf667b,2026-01-09 11:22:10+00:00,1,,it takes 4/5 tries for update to take,7.4.2
Oura,google_play,us,3043bdc7-d710-4c20-b8a3-ffdbdd59290d,2026-01-09 10:23:08+00:00,1,,The ring frequently does not sense and daily gaps in data are showing up. Troubleshooting from the support team has been ineffective.,7.4.3
Oura,google_play,us,3337c7a8-7cc5-4255-bc18-1b98f02d4f3b,2026-01-09 10:05:21+00:00,5,,Statistic analyisists are absolutely the best. Allows one to make positive life choices. App is beautifully designed and very easy to navigate,7.4.3
Oura,google_play,us,1a958a23-6aab-4958-b79d-808f0e801a86,2026-01-09 00:19:14+00:00,5,,Excellent in every way. I've had a Gen 4 ring for two weeks. It syncs with health connect and works great!! I wish beta was open. I record BP and it's available in health connect. I would love to see that added to Oura.,7.4.3
Oura,google_play,us,786e2e17-d503-42f9-b0ad-7910dd590ca8,2026-01-08 21:47:40+00:00,3,,"overhyped but useful enough if you have money... - if I pull an all-nighter, it treats the lack of sleep as ""missing data"" instead of no sleep at all, even though it got my heart rate data all entire night - it always tracks my showers as an ""activity"" as well - I always end up hitting my activity goal when I'm sitting on the train. 🤪 (this just happened after 45 minutes of sitting still!) - it regularly decides that I live in a time zone 5 hours ahead",7.4.2
Oura,google_play,us,b79a8f96-b368-4d77-9c6a-61b397d94ac0,2026-01-08 14:38:16+00:00,5,,"Everything works like it should. every once in a while, it doesn't catch workout data.",7.4.2
Oura,google_play,us,327e6493-09de-4da6-81e1-fa0476ac9673,2026-01-08 07:10:19+00:00,5,,i enjoy it. makes you want get your goals. BUT samsung health still uses the watch for steps..,7.4.2
Oura,google_play,us,0718867d-0ca4-4536-8786-de2cd445013e,2026-01-08 03:44:43+00:00,5,,a very easy to use app with helpful insights to improve my health and wellbeing,7.4.2
Oura,google_play,us,29c2a28e-9271-47c8-9497-3152a9bca38a,2026-01-07 14:49:34+00:00,5,,ABSOLUTELY AMAZING,7.4.2
Oura,google_play,us,5f368c25-424d-440b-8ca7-05338cc1e945,2026-01-07 11:34:17+00:00,4,,great overview of health and excellent battery life. some aspects are pretty useless and I dont use but overall a good purchase not sure the subscription is worth the money my Samsung watch does pretty much the same at no cost,7.4.2
Oura,google_play,us,35e04467-14c5-43da-8e18-41fb998e8985,2026-01-06 22:37:18+00:00,1,,"useless without high fees, bricking your ring",7.4.2
Oura,google_play,us,33bffc16-ecd2-42a6-8c7d-6562631bca00,2026-01-06 20:05:33+00:00,1,,Ring Defective,7.4.2
Oura,google_play,us,34ca35c4-9468-425f-8ae3-1cc038d4712f,2026-01-06 19:36:50+00:00,3,,"I don't know why they need to record your ""stress"" levels. I have a tachycardia that effects my heart rate so the ring says I'm pretty much constantly stressed, it gets old and makes me stress out. It is the first thing you see when you check the app, I just want to track my heart rate and sleep. May be selling my ring.",7.4.2
Oura,google_play,us,c72e966d-f630-407b-b569-ec8370bf36e4,2026-01-06 16:42:11+00:00,5,,great info about myself in the data,7.4.2
Oura,google_play,us,8d023bd6-71c6-4f45-be5e-b2befb3589d7,2026-01-06 16:22:34+00:00,5,,Great app and ring. I'm really happy that I went for the real thing instead of the similar products. the app is very stable and regularly updated. It never stops improving and adding new features.,7.4.2
Oura,google_play,us,1f9453e0-f2bd-477c-ab03-6d1f29e8add4,2026-01-06 14:14:07+00:00,3,,love the app but wish they would partner with the flow app because I cant afford the one they do partner with.,7.4.2
Oura,google_play,us,ffd188dd-43d3-4d11-8a31-a9d09d504475,2026-01-06 13:24:59+00:00,5,,extremely good,7.4.2
Oura,google_play,us,c3bd2128-3b7a-4db1-a396-7a70e04d53fd,2026-01-06 00:52:02+00:00,5,,great product! my sleep has improved by learning what affects my sleep (positively and negatively).,7.4.2
Oura,google_play,us,9fa5b374-5418-4afb-8b93-f05e2c2d99c0,2026-01-05 18:04:32+00:00,5,,it's best on market and nice interface.,
Oura,google_play,us,aa0c16c6-2735-440b-8b57-7bd01b422ba7,2026-01-05 16:01:46+00:00,5,,great,7.4.2
Oura,google_play,us,a1d2d708-9f7c-494c-be6b-2800d1686a2b,2026-01-05 13:12:43+00:00,5,,"I have used an Oura Ring since beta testing. The technology continues to evolve which provides accurate information on the data my body provides. My sleep, heart rate, fitness and stress levels reported from Oura allows me to track my health. I have the Oura Ring 4 now and will make sure that I will always continue using an Oura Ring.",7.4.2
Oura,google_play,us,2070c5b7-a186-4b7e-ba6e-25b092f3556c,2026-01-05 12:57:48+00:00,5,,The Oura app has a significant amount of information. The app is easy to use. It goes more in-depth than my previous watches could even imagine doing. I would highly recommend it to anyone thinking about switching.,7.4.2
Oura,google_play,us,b84aaec5-d4c6-4b03-a255-ce64febdb236,2026-01-05 12:28:55+00:00,4,,feels accurate and easy to use. I wish they had a more in-depth macro tracker.,7.4.2
Oura,google_play,us,d2946fa3-300d-4401-bc58-c2e77d761a20,2026-01-05 04:22:03+00:00,3,,"Love the ring, but over the last month or so the ring isn't syncing data with the app consistently. I don't know if it loses connection or what, but it's super annoying. I keep having to uninstall and reinstall the app.",
Oura,google_play,us,8140c768-a928-40eb-bad4-b0da83ad85ee,2026-01-04 22:36:34+00:00,5,,"I enjoy using this app, particularly the developing trends, IE sleep and stress etc. I think an additional feature in the my ring page would be useful showing the Bluetooth signal strength so that when you lose the ring you can use the signal strength to locate the ring. a recent example was losing the ring in long grass and not knowing where to look until. I downloaded a freebie app to do the same.",7.4.2
Oura,google_play,us,ceaed46b-6bc5-4d32-b8b2-d4ddb294d7b2,2026-01-04 15:18:42+00:00,5,,Helps me figure things out.,7.4.2
Oura,google_play,us,27432292-38a0-4412-a60e-b35211023581,2026-01-04 14:34:29+00:00,4,,"I like it, I just wish it had more in terms of logging and tracking activity. Adding tags is annoying bc you have to add the time range every time. I feel like finding out information is all over the place. idk for me personally it lacks compared to the Health app by Apple. oh and it needs to updated like every other day.",7.4.2
Oura,google_play,us,e64cf22c-b201-4001-a675-34087a2cc7ff,2026-01-03 23:11:09+00:00,5,,greta app all I have been looking for and more,7.4.2
Oura,google_play,us,32cb5e01-be38-4230-99c1-b75aad80cc57,2026-01-03 18:57:09+00:00,2,,frequently loses connection with the ring and doesn't record activity properly.,7.4.2
Oura,google_play,us,ccff6fc6-9173-4d67-b892-7b943b68bbdb,2026-01-03 18:18:35+00:00,4,,It's nice to see my progress with sleep and activities and my stress levels. I took a star off for almost always having an update. It's annoying and I don't notice or can tell what has been updated.,7.3.0
Oura,google_play,us,e4918445-9818-480f-b0ef-a3aa22acb299,2026-01-03 17:20:58+00:00,1,,"The app is really bad, does not show details minute by minute like other products like fitbit or apple watch will show you. Not good detecting activity. Expensive for the information you can get",7.4.2
Oura,google_play,us,4080f36b-70f2-47a7-acfd-f19c93fc2b05,2026-01-03 16:29:28+00:00,1,,"Update: Garbage company. Too bad since the product is enjoyable. Most recently they RELEASED A NON-FUNCTIONAL UPDATE. Supposed to be able to add lab data in, but it doesnt work. One might think they would have done adequate testing...",7.4.2
Oura,google_play,us,efaf8e5e-05dc-463e-8fe4-db8733909a53,2026-01-03 13:19:22+00:00,2,,the Ring's charge last only a max of 4 days.,7.4.2
Oura,google_play,us,158ffbc8-0286-4d89-97b5-c99f383d407a,2026-01-03 11:06:59+00:00,5,,using oura has changed my relationship with myself. it has helped me to improve my understanding of my body and the way I fuel it,7.4.2
Oura,google_play,us,b95a536e-b856-4e34-a796-9d1cf151d0b5,2026-01-03 06:58:52+00:00,1,,"The software is basically useless until you fix the long-time bug where the ring stops measuring sleep after you wake up. If I wake up and fall asleep again, it often doesn’t track the rest of the night, making sleep data unreliable. Sleep tracking is the main reason to buy this ring. My cheaper Coros watch tracks sleep properly.",
Oura,google_play,us,71b2e280-59cf-4d69-8442-950e2f588785,2026-01-02 19:47:16+00:00,3,,the new update has made my beand new oura 3 work less. it's got so many missing gaps in everything now.,7.4.2
Oura,google_play,us,5b7be6ac-6135-4d71-874c-17c3e4a9cb1a,2026-01-02 02:31:06+00:00,3,,"i spent $400 on this ring. Cant get past the verification loop to set up my ring. Spent an hour in chat with a rep, uninstalled, reinstalled, restarted my device and nothing. No help from rep other than to ""try again and reach back out"". So disappointed. Update: I FINALLY got it to work on my tablet but it still does not work on my phone. Phone is a Moto G stylus 2024, tablet is a Samsung. So maybe the app works better on Samsungs but i would really prefer to have the app on my phone. Oh well.",7.4.2
Oura,google_play,us,0a4efa50-15a5-4c41-9603-d51ab4339887,2026-01-01 17:02:59+00:00,2,,Loved it at first was giving me a lot of information. Then it just stopped syncing. Tried trouble shooting & it's still not working.,7.4.2
Oura,google_play,us,bf5fed21-84a1-4426-9bc9-c193d832826f,2026-01-01 07:42:32+00:00,1,,So upset can't even get past the setup process to even make an account am returning this ring nothing works. Wasted money. Wow.,7.4.2
Oura,google_play,us,f674073b-1912-44bc-bf96-784d85aea86b,2026-01-01 05:30:21+00:00,1,,I can't connect either ring for my husband or I and spent over $800 on my FSA card thinking this would be a good choice to start our health journey. I have spent quite a bit of time installing and reinstalling the app hoping it would help. It looks like we'll be returning our rings as even the troubleshooting instructions are not getting us any further.,7.4.2
Oura,google_play,us,965213a2-3abf-4b15-8c0b-1ac420f330f2,2026-01-01 00:42:38+00:00,1,,garbage setup account entered pay info and just get error when continuing on the app. now I have a USD 400 paperweight ring. go with another company this one is a scam.,7.4.2
Whoop,google_play,us,a973cdb7-baf4-4602-ad6f-722ad568bf41,2026-09-26 23:26:26+00:00,5,,great ✨️ 👍,5.470.0
Whoop,google_play,us,0576d094-b523-4712-95ce-f7ec8ce62315,2026-09-26 22:42:39+00:00,2,,A bit crazy that for the current price you don't get a heartrate graph where you can see your Heathrow from today and the previous days.,
Whoop,google_play,us,b87f5045-28e5-4050-8cf0-7b5f774856d2,2026-09-26 21:59:22+00:00,5,,super helpful and insightful! assists me with greater versatility in tracking my days!,5.470.0
Whoop,google_play,us,b252e1b2-2b0b-4457-b440-5c36529b6eb9,2026-09-26 18:02:10+00:00,5,,👍,5.469.0
Whoop,google_play,us,d9c5f50f-c2a2-4641-834b-557abdf7b933,2026-09-26 17:56:52+00:00,5,,"brilliant if you can afford the best. keep developing to stay the high end product in style, prestige and performance",5.470.0
Whoop,google_play,us,4a2cc4dc-ba82-4c1b-85d5-fe498c447b7f,2026-09-25 15:20:47+00:00,1,,"I'm glad my subscription ends next year. The quality of the app declined over time. The sliders in the journal are especially jumping all around, barely usable. At the price point of the subscription, this is just unacceptable.",5.469.0
Whoop,google_play,us,2cf6252c-c972-4771-9c1e-eac636e9c161,2026-09-25 12:40:25+00:00,3,,"Good app but lacking feature parity with iOS. For example, on iOS you can drop workouts into a superset mid workout in strength trainer but cannot on android. also the chat in groups often won't refresh unless you restart your device additionally the app has recently started disconnecting from my Whoop even though my phone and whoop are close by",5.469.0
Whoop,google_play,us,4c889c4f-d032-47e8-926d-b5c4bdd237d4,2026-09-25 11:27:14+00:00,5,,😃 great,5.470.0
Whoop,google_play,us,a6fa8505-c48d-4f4b-acea-1948bc7cedf8,2026-09-25 11:03:01+00:00,5,,"Amazing app & system. Really helpful app. Has helped, especially with good habit-building & sometimes reminders. Insights are great & very accurate readings. Smooth & amazing.",5.469.0
Whoop,google_play,us,9b45be40-697d-4e0d-8284-624b282a4192,2026-09-25 05:38:08+00:00,5,,It's life changing. To have live and ongoing feedback on your health and AI generated training plans has really given me a new motivation for health and exercise,5.469.0
Whoop,google_play,us,c9c7aa3b-163f-4ae4-82ec-e384a6842b8b,2026-09-24 04:26:28+00:00,2,,"The ""Reuse Previous Replies"" button has disappeared from the Journal section. It's incredibly inconvenient to keep clicking the same thing every day.",5.469.0
Whoop,google_play,us,cb78b56f-5833-45d4-8fdf-64d5b5dc6899,2026-09-24 01:31:06+00:00,4,,Why no heart rate widget?,5.469.0
Whoop,google_play,us,c67d4d27-c4f7-453d-88b8-8b7f67795dad,2026-09-23 08:06:02+00:00,1,,"it's been so inconsistent in working i tried to return it however due to some issues in my own personal life I missed the threshold for reimbursing my money for the 2 year payment. I have now attempted to use the watch again (as an athlete and performer, I thought it would aid my recovery and fitness/wellness) however this attempt has been just as inconsistent. days of missing data, often no data is given at all and often unpairs where i lose all my data. dissapointing. pointless",5.469.0
Whoop,google_play,us,7f1382cc-971a-43e0-af71-6f00b27368c0,2026-09-22 22:32:55+00:00,5,,the best,5.469.0
Whoop,google_play,us,ed88b181-e688-4a2b-a23c-e1f2868267f1,2026-09-22 21:34:25+00:00,2,,"very cluttered app. I get multiple notifications that are difficult to find with so many different ""badges"" or cards. I just don't find the app very intuitive. still trying to make sense of how it's going to help me personally.",5.470.0
Whoop,google_play,us,4ac7e56a-1b5a-46aa-bfb2-2c15fa2c02c4,2026-09-22 17:38:33+00:00,4,,"Nice b-day gift, wife started me off with the Life membership but too many features and information, expensive, and unnecessary so i switched to $200 One membership. Still high priced. 4 stars because I like watching my numbers. Zone 0-5 feature is very helpful. For the price I'm paying customer service should be a lot better easier to get a hold of.",5.469.0
Whoop,google_play,us,a82f171e-f630-4ad2-a792-b3257b5ae797,2026-09-22 11:16:04+00:00,3,,"started having issues with last update. As of 9/22/26, sliders for daily journal entries slides too slow to the right and jumps to the left when trying to set the time. time will also often move 30 minutes when you let go of the slider. makes it a pain to fill out the daily journal.",5.469.0
Whoop,google_play,us,892e5dfd-baf1-4a25-b268-1faf98993b0d,2026-09-22 11:03:12+00:00,5,,Greatest health app out there!,5.469.0
Whoop,google_play,us,f7070d9b-7af9-441f-92ff-9825e288635d,2026-09-22 02:07:46+00:00,5,,great,5.469.0
Whoop,google_play,us,bcc42fa3-ff47-4327-b94d-bd443164ddaf,2026-09-21 10:47:50+00:00,3,,Apparently it wants me to die in order to reach zone 4-5????? I've done STRENUOUS exercise and it still doesn't register,5.469.0
Whoop,google_play,us,58d253dc-12e8-4390-9704-97f9212abf1d,2026-09-21 05:02:54+00:00,2,,"Recent app issues. App disconnects from my whoop device since the most recent update, won't reconnect until I restart my phone. also the sliders for times are difficult to use. Pixel 10 Pro XL",5.469.0
Whoop,google_play,us,76e5048f-4a7f-4223-be26-c2246784cf42,2026-09-21 02:45:37+00:00,5,,fantastic product and great app,5.469.0
Whoop,google_play,us,49d094da-58cd-4626-bd1d-cb62063741d4,2026-09-20 17:10:16+00:00,1,,full of bad ux and incorrect suggestions. naps still don't work 100 percent.,5.469.0
Whoop,google_play,us,91ecf0d2-9b43-464e-93a1-eb2e09cc3ca7,2026-09-20 13:06:17+00:00,5,,I like that the app is always available for my questions. great flexibility and so many tutorials,5.469.0
Whoop,google_play,us,30749da0-e8a0-46f2-b651-61e995b07f06,2026-09-19 20:23:14+00:00,3,,"apps are good for the most part. but when you are using the journal and want to put the time you did a specific activity at 1:30, it will either jump back to 1 or 2... you can't do anything in between. update: new app update makes the journal slider completely useless and it goes the complete opposite direction once you're attempting to put in a time for an event.",5.469.0
Whoop,google_play,us,694d2cfc-310c-42ee-bcde-5cb3b410f90a,2026-09-19 08:11:52+00:00,4,,"Soweit alles gut, ein bisschen teuer vielleicht - falls jemand neu einsteigt: Mit 5571C038 ein Monat frei für uns beide.",5.468.0
Whoop,google_play,us,62f44061-3417-45f2-af50-5234011683e2,2026-09-19 08:04:14+00:00,3,,Renewal fee is exorbitantly high when compared with equivalent bands.,5.469.0
Whoop,google_play,us,386f5bda-d99f-4a36-8953-5dea068f9beb,2026-09-19 04:04:13+00:00,3,,"I'm frustrated with how it calculates sleep. If you're someone who stays in bed for any length of time after you wake up, the accuracy is incredibly bad. Also, the AI coach is massively annoying. I know I went to sleep late last night. I know I haven't been getting consistent sleep lately. I don't need to be reminded of it constantly. There seriously needs to be a way of turning that AI off. And this is coming from somebody who adores AI in general. It's just this AI I can't stand.",5.468.0
Whoop,google_play,us,a0ac51be-efe1-4690-a895-055b108f91cd,2026-09-18 07:38:44+00:00,5,,It's super expensive for it. There are better options at a similar level. Or if you're lucky to get it at a very good discounted price; perfect.,5.469.0
Whoop,google_play,us,515f1ebe-8d99-44b6-a405-917474dc49ec,2026-09-18 04:09:46+00:00,2,,"Very inaccurate tracking and frequent synchronization issues I’m quite disappointed with the OP app. The activity and health tracking is frequently inaccurate. While I’m driving, the app sometimes records the activity as yoga or exercise, which makes the activity data unreliable. The sleep tracking is also inaccurate. For example, if I actually sleep at around 12 AM, the app may record my sleep as starting at 11 PM. Sleep duration is sometimes overstated, and naps are not detected or recorded",5.469.0
Whoop,google_play,us,3c322216-910a-4fa2-b4ad-1aab929dbab8,2026-09-17 16:51:57+00:00,1,,sucks,5.429.0
Whoop,google_play,us,4786d9cf-1bf6-4cb7-9488-c722d5b4b641,2026-09-17 15:32:08+00:00,1,,none customisable ui overly complex,5.468.0
Whoop,google_play,us,4a913819-e9db-432a-b24c-260cd534231d,2026-09-17 06:09:15+00:00,5,,Woop is incredible to get yourself on point. Brilliant product.,5.468.0
Whoop,google_play,us,73bfefd4-e8fd-4374-8b78-ff7efbc10a42,2026-09-17 02:53:26+00:00,1,,not worth 😕,5.468.0
Whoop,google_play,us,5a1d80f1-ec28-43be-ad0e-45996fcd9233,2026-09-16 21:27:09+00:00,5,,best app and device ive ever had. 5 years and counting,5.468.0
Whoop,google_play,us,fcb5a4de-0ae7-4aae-abaa-5b4e1dcd3a2f,2026-09-16 12:26:22+00:00,5,,"I've already achieved my initial goal for this device, to take real advocacy for progress. I'm now, not only healthier and happier than I had even thought plausible for me (with a growing list of chronic health issues). I'm excited to see how far my progress will continue. With all of the advancements in the tech in just 3 years, the different labs available to help narrow in on different aspects of my health. I'm fairly confident that this will always have a reliable role in my life.",
Whoop,google_play,us,069823e4-51a9-4b45-91c9-b67feb586ca8,2026-09-15 18:44:38+00:00,3,,"I've been using Whoop for a few years and love the usefulness of the data and strength trainer. The AI is unreliable in creating workouts in strength trainer. Most annoying though is the lack of attention to the user experience for Android. I had no issues with Apple, but on Android the button layout clearly has odd gaps, and I can't upload and view my own profile photo. it's these small things that make the app annoying and make you question why you are paying a premium.",5.468.0
Whoop,google_play,us,bcd344e6-95ae-4d8f-bbe2-ea0c066b38e7,2026-09-14 16:08:25+00:00,1,,I have only negative experience with it. Doesn't even let you finish registration without a credit card. why is it mandatory for a fitness tracker?,5.468.0
Whoop,google_play,us,b8a345fa-adab-4442-b03e-0f88fe0f844f,2026-09-13 12:17:36+00:00,1,,"ridiculously bad app. the ai will constantly hallucinate, it cannot actually build upon itself and it often reads the metrics you have in incorrectly giving false advice. it also constantly sends notifications with almost no ability to tweak them without fully shutting them off. pretty much a waste, should definitely go with garmin. wish i could get my $250 refunded, cause this program is pretty bad.",5.468.0
Whoop,google_play,us,8894f8e8-e106-4526-97e1-4af6c365efad,2026-09-13 01:31:38+00:00,4,,excellent work with data base,5.467.0
Whoop,google_play,us,bb8eb7f5-1722-46a9-b571-fe602444d672,2026-09-12 23:16:00+00:00,5,,changed my life,5.468.0
Whoop,google_play,us,7fb14dc2-fcbe-4856-94a8-2bbc59f2e7b7,2026-09-12 16:45:44+00:00,5,,love it 😆🤩😍🥰,5.468.0
Whoop,google_play,us,78411fef-0e59-4a02-a306-0d01e2c84a09,2026-09-12 16:09:04+00:00,5,,I'm still very new customer to this whoop device to tell the truth I'm loving ❤️ its awesome 👌 👏 👍. It was a good invest purchase for me.,5.468.0
Whoop,google_play,us,05dbc152-92c0-4389-9e67-1a0218825825,2026-09-12 13:32:50+00:00,2,,"used to work really well but now stops tracking randomly while im still wearing it, especially in my sleep",
Whoop,google_play,us,b01d9e35-0185-447c-96f7-cb75b9f7799e,2026-09-12 12:31:08+00:00,5,,its a great tool for those that wish to monitor their health and fitness.,5.467.0
Whoop,google_play,us,516d891d-f053-4a7d-81d8-fd67bbe135fd,2026-09-12 10:49:23+00:00,1,,"Bought with a year's subscription included — but there's a dark pattern here. To use the device, you have to hand over card details so they can auto-charge you £350 in a year's time unless you remember to cancel. That's backwards: the burden should be on them to earn my renewal, not on me to remember to stop the charge. Also — no PayPal option, card only, which makes the auto-charge feel even more deliberate.",5.468.0
Whoop,google_play,us,d20107ed-a0dc-420d-894c-284346d61968,2026-09-11 23:53:17+00:00,1,,app doesnt show calories burned by activity. ai support says tap on the activity but my app doesnt show it even after an update!,5.468.0
Whoop,google_play,us,9c28359c-d710-4618-b380-9bd18eea5265,2026-09-11 05:18:37+00:00,3,,sleep is not accurate,5.467.0
Whoop,google_play,us,606eb9e6-15e1-4b59-993e-4731cd3278d0,2026-09-10 10:59:50+00:00,1,,freezing on Z fold 8,5.467.0
Whoop,google_play,us,2ea89e7b-509d-4067-85fa-28b68155ad4f,2026-09-10 02:41:06+00:00,5,,Best Fitness tracker. Period,5.467.0
Whoop,google_play,us,5f6886d7-8ba3-4c86-a756-14739d3c12ab,2026-09-10 02:19:35+00:00,1,,"the outsourced support is a joke. got promised quick help and nobody responded yet. their chat feature is useless as you can only chat with AI and it is without ""I"". if you ask for an agent they just tell you that you will receive an email from someone, most likely not even knowing what they are supposed to support. almost a week now and still no response! that's what they call quick? they literally don't care about you at all even at the most expensive plan. don't buy. it's a joke.",5.467.0
Whoop,google_play,us,92e7e263-3ef5-4d26-91d8-9c5f7283a212,2026-09-09 12:59:38+00:00,1,,"The software is very unrefined and often lags heavily. It either runs slowly or doesn't work at all. The AI leaves much to be desired: I just don't understand who can give high ratings to the artificial intelligence inside Whoop. You have pronounced sleep issues, are you ready to follow my advice? I answer yes, I am ready. The AI's response: you need to sleep more. A truly unique piece of advice.",5.467.0
Whoop,google_play,us,a756b23f-b210-485a-9783-41ba3d433379,2026-09-09 11:57:52+00:00,3,,I really like whoop but the app keeps crashing. I messaged support and got no real solution to the crashes. I lose the gps data on runs which affects the vo2 data.,5.467.0
Whoop,google_play,us,1de91fe4-0084-4a78-8148-81a2d53b4438,2026-09-08 15:36:50+00:00,4,,App has to get a lot of updates comparing to other similar band and it's app,5.467.0
Whoop,google_play,us,a92e8106-cbad-4fe2-ad28-24aa5d42a0cd,2026-09-08 08:10:40+00:00,5,,Fantastic tool to help monitor my body while trying to recover from long covid.,5.462.1
Whoop,google_play,us,195be08d-984e-4686-8311-6ffe519fe847,2026-09-07 16:21:48+00:00,2,,loved this thing then the ai talking stopped working and the app is crashing. ive already Uninstaller and installed it multiple times,5.467.0
Whoop,google_play,us,f34769f5-4bf6-4d90-beee-86db5db90ea9,2026-09-07 15:41:19+00:00,1,,AI stopped working this morning. not sure what the problem is. I've restarted the app and my phone and the app and firmware are up to date. Anyone else experiencing issues?,5.467.0
Whoop,google_play,us,bcc09854-cb43-4abd-a580-1f829fcfac00,2026-09-06 18:18:27+00:00,3,,"Neurodivergent here. App is not intuitive when adding behaviors and daily life activity to your journal. Data should be on a 5 pt scale for pain, mood, motivation etc. so that you can better track it. The Daylio app for tracking and journaling should be a model to use for improvement on this app, please integrate features from that app. Your list of behaviors is not in any order that makes sense, you can't personalize anything, menstrual cycle tracking is just clunky. It's all way too boring.",5.467.0
Whoop,google_play,us,b1f75783-26f9-4335-b486-635dc4c25e1b,2026-09-06 03:28:40+00:00,1,,"For the amount spent on the whoop, the band should be falling apart.",5.467.0
Whoop,google_play,us,11184169-7832-4393-9774-ccffc7532af4,2026-09-04 18:19:06+00:00,5,,excellent Health Tracker,5.467.0
Whoop,google_play,us,51d2cfc1-cdb1-43dd-ab2f-ce47e29fddff,2026-09-04 06:36:20+00:00,2,,"I am using Whoop on a Samsung Fold 7 and on most of rhe screen, I cannot scroll down to see the additional metrics. The window with the AI analysis pops up and everything below it is inaccessible. Even the arrow in the upper left corner to go back is not responsive. I used it like this for several weeks, updated, force stopped, cleared cash, opened in folded mode, in unfolded mode... No change. It is pretty frustrating...",5.467.0
Whoop,google_play,us,b59257e7-d38a-4526-ae5d-602f781b7578,2026-09-03 13:33:31+00:00,1,,difficult to use the app doesn't offer a lot of functionality in terms of figuring out where things are but it does have ai that you can ask questions I use it to tell me how I slept probably not worth the money,5.466.0
Whoop,google_play,us,ab76eae1-d1f1-463b-b838-6ed19e67f41c,2026-09-03 05:14:39+00:00,5,,I can't live without my WHOOP Call me a geek I'm also on a glp-1 and it helps me track my protein intake.,5.466.0
Whoop,google_play,us,ff9c5c8e-b535-4d48-b751-99cbe22e5887,2026-09-03 03:51:47+00:00,5,,good,5.466.0
Whoop,google_play,us,97dd672a-ecc3-4f24-951f-9fbeb849a23b,2026-09-02 23:20:16+00:00,5,,"Buggy-ness or not, I love this app. Unlike others, I've not used it for much fitness tracking but to manage my ADHD and normally crippling menstrual cycles. In less than 2 months, the coaching is more tailored to my executive dysfunction and has noticeably raised my focused work time. It advises me on handling distractions & to get to bed on time or what to do the next day if I haven't listened. A friend with chronic illness suggested it to me, so it has more to offer besides workout metrics!",
Whoop,google_play,us,1c0e8872-d2fe-4fd5-b7b1-dde9f93e8a74,2026-09-02 15:27:46+00:00,5,,it's good but it's a bit expensive,5.466.0
Whoop,google_play,us,626fe2a2-b7d1-4f48-a579-5dc02d2b20b4,2026-09-02 15:11:15+00:00,4,,🙂🥰,
Whoop,google_play,us,ba13f413-e505-4615-a0d6-cdffbc6325da,2026-09-02 12:58:00+00:00,1,,"As a paid member, this app is FULL of ads. They most care about milking every cent from you.",5.465.0
Whoop,google_play,us,5236e650-bac9-4abb-9380-45502b8a3f14,2026-09-02 12:48:45+00:00,5,,This thing tells me my future...lol. Its awesome,5.466.0
Whoop,google_play,us,af76e99f-7bb6-4822-afb5-cc6c95b5d034,2026-09-02 03:46:09+00:00,5,,Ok,5.466.0
Whoop,google_play,us,11d2c961-2e10-4966-945d-23ae74aff3fc,2026-09-01 16:43:06+00:00,4,,Have used it a month now and absolutely love it. I train three times a day and there is no better fitness tracker on the market today. I dont even wear my garmin fenix 9 anymore.,5.466.0
Whoop,google_play,us,b055d79f-144f-4f82-a43f-42a1c7ba4312,2026-08-31 14:55:31+00:00,3,,AI bloat makes some of the functions not work. I cannot view my Sleep or Recovery metric windows within the app because the AI analysis pop-up windows are non-dissmissable so about a third of the data I can't access.,5.466.0
Whoop,google_play,us,ff477a03-11ce-450d-b71b-27ae2b81ac40,2026-08-31 03:48:41+00:00,5,,App is great,5.466.0
Whoop,google_play,us,bb7c406c-f23d-40dc-aaba-deeae1e7d666,2026-08-30 20:42:54+00:00,3,,"activity detection is very bad lately. it detects walking as an activity and spams you w notifications about you walking to grab a beer. this is ridiculous. and it is also ruining autodetection of some real activities, adding walking before and after session to the detected activity.",5.466.0
Whoop,google_play,us,1db8e294-c1b7-459d-ae38-06d53b7cb88a,2026-08-30 05:39:43+00:00,5,,"it's good, however Whoop is expensive, they will have to offer more given the competitors which are cheaper and also good. I'd like to see a dynamic calorie deficit number adjusted to your weight goal, Huawei watches offer it with a native app called ""Stay fit"" and I love it, if Whoop offers it I won't have a need to wear a watch anymore",5.466.0
Whoop,google_play,us,05662742-39f3-4ec7-8315-f2bc46ac37dd,2026-08-29 13:54:22+00:00,4,,add search option on Start Activities,5.466.0
Whoop,google_play,us,c168f7e5-9c80-445b-9529-14e2c38df90f,2026-08-28 01:07:40+00:00,2,,has good info but they force all this garbage into the app promoting their paid services that most people don't want and definitely don't want to see in the app. the company is very focused on extracting every dollar from its base instead of focusing on the best user experience they can. I will not be renewing. their product is good but their model is severely flawed. stop forcing your garbage on us and allow to hide all of those services.,5.466.0
Whoop,google_play,us,aa2b9bb7-594f-4a3b-ae34-b8cabeb744b5,2026-08-27 16:11:16+00:00,4,,"Fix the wonky step counting for 5 stars. I walk the exact same path multiple times daily. Each time the step count will vary between 200 and 400 steps. Example, 2,800 steps v. 3,200 steps. In contrast, my Fitbit step counts are within 100 steps each walk. Makes me consider the Fitbit Air",5.466.0
Whoop,google_play,us,c88b2698-043d-4761-98da-7a2152f8e091,2026-08-27 11:41:18+00:00,3,,"I love the app, but now they have changed the algorithm, and a 40 minute walk results in ZERO strain. It used to be around 4.5. Either you were lying before, or you are lying now. Zero strain should be me sitting on my couch watching Netflix.",5.466.0
Whoop,google_play,us,e76e3a6a-094b-43b9-870e-9c14cb742e13,2026-08-26 14:17:04+00:00,5,,My WHOOP has been beneficial in helping me ensure I am not over doing it but still keeping with my exercise health plan!,5.465.0
Whoop,google_play,us,f21a8163-0649-4bc1-8be4-406f41e29b1b,2026-08-26 10:39:10+00:00,5,,fine,5.465.0
Whoop,google_play,us,b7c98399-0533-4406-9a06-415349cdef62,2026-08-26 00:30:21+00:00,5,,very good 👍,5.466.0
Whoop,google_play,us,2955ad1b-6478-4de9-9ffd-6abee47d43e6,2026-08-24 14:07:45+00:00,2,,ai bug the ai window gets stuck on full screen and I can't exit it and rest of app becomes inaccessible...,5.465.0
Whoop,google_play,us,85721c14-0328-4288-937e-db7cceb74d0c,2026-08-23 14:16:47+00:00,1,,what a scam.,
Whoop,google_play,us,c1784e8a-f45c-419d-b6f9-4374ae268aa5,2026-08-23 12:18:55+00:00,2,,"Unsure what's been going on with the AI coach for the past week, but my God it's become unreliable. If you want to upload your workout for it to map to an activity, good luck - constant hallucinations, misreading text in one version but then reading it correctly when uploading the second time, glitchy memory, inconsistent analysis of what you upload. Really not impressed considering how much I pay for a Whoop subscription",5.465.0
Whoop,google_play,us,bbcfc385-1f9c-4320-8eeb-cac0370e4443,2026-08-23 11:23:12+00:00,5,,Nice and useful UI,5.465.0
Whoop,google_play,us,5ba21760-3c6c-4f47-87b3-2d58ea9f460f,2026-08-22 11:02:50+00:00,1,,Unusable app,5.465.0
Whoop,google_play,us,f5fa4264-564f-48cf-be66-1581a4dd3d82,2026-08-22 06:15:43+00:00,4,,It's a great tool that measures everything going on in your body. The one thing I wish it had was a good food log/calerie counter.,5.465.0
Whoop,google_play,us,3b2df189-fe72-4d0c-bfd7-9e7dd77b91e7,2026-08-21 22:50:47+00:00,3,,"I've used WHOOP for nearly 3 months and have been frustrated with it more than a few times. Like other users, I’ve had to manually add sleep records because WHOOP fails to auto detect it. The AI uses inconsistent and sometimes contradictory language and observations. I'm paying a subscription fee for this product and expect higher data accuracy and analysis than I'm getting. I'm undecided if I'll renew my subscription.",5.465.0
Whoop,google_play,us,2a51e99a-ae5a-40c9-b3ec-ff9f4b274857,2026-08-21 14:47:37+00:00,2,,"WHOOP hardware & AI (aka the ""product"") rules, but the Android app is garbage. The sluggish auto-rotate can't be disabled, triggering unwanted charts on a slight tilt and banishing you home via a micro-X. Want to give feedback? Good luck. Support takes days to reach a human, then hits you with dumb, irrelevant qualifying questions just to file it. Clown show. adding insult to injury, this app requires a perpetual, premium subscription. This stuff isn't even acceptable if it were free.",5.465.0
Whoop,google_play,us,0a7663a6-f280-4719-88f2-09bc8fba9a16,2026-08-21 09:28:26+00:00,5,,what a fantastic instrument,5.464.0
Whoop,google_play,us,cca815ec-9624-455b-a6f7-15a637fcdfa3,2026-08-21 08:50:49+00:00,5,,Superb,5.464.0
Whoop,google_play,us,3ace850f-b2d3-4b55-a4d0-64e0a62a1518,2026-08-20 22:47:50+00:00,5,,been using whoop for over 8 years love everything about it...,5.464.0
Whoop,google_play,us,07e26a71-bc63-4305-a540-bba4395eec96,2026-08-20 13:57:59+00:00,5,,It is an accurate sleep/activity tracker.,5.464.0
Whoop,google_play,us,82bbd4bf-d04e-41fd-91ae-38e9c882ff61,2026-08-20 10:40:34+00:00,1,,"the coach feature is absolute junk and ruins the good things the app has to offer. don't roll out AI that doesn't work. constant hallucinations, relying on ""facts"" that have nothing to do with my actual data and giving conflicting advice. you can't turn it off or opt out,, either.",5.464.0
Whoop,google_play,us,537c60d5-58e0-401e-81f3-842229a73452,2026-08-20 05:30:44+00:00,3,,"Unobtrusive but buggy. The band is comfortable and doesn't intrude on day to day activities. The app has a lot of good info but seems to miss detecting exercise activities several times per week. When I manually add the activity, the app inconsistently records and displays the results. I wear the band consistently and never shut the app off. Seems to be a data sync issue leading into a record issue.",5.465.0
Whoop,google_play,us,3330561f-d9b7-438c-bfdc-30822753515e,2026-08-19 16:03:22+00:00,1,,Would probably be 5 stars if there was an option to eliminate the stupid Whoop AI bar from the bottom of the analysis screens. It constantly in the way and makes some info impossible to read. Makes the app a nightmare to use. Someone please fix,5.464.0
Whoop,google_play,us,f678d5b6-ff49-4b3a-aded-cded7114a71a,2026-08-19 14:43:09+00:00,5,,I've really enjoyed using Whoop. I think it provides interesting and beneficial insight without being overly complicated or time consuming. the AI feature is also well integrated and I consult it often. I recommend woop.,5.464.0
Whoop,google_play,us,77663841-e4ab-411e-898e-571103747761,2026-08-18 17:09:14+00:00,5,,"Fabulous. The data is deep and has made such a difference in my ability to track and understand my sleep, work out, and stress patterns and see how they interact with each other.",5.464.0
Whoop,google_play,us,5ee59893-76ec-4523-9a0b-51011f9f348d,2026-08-18 14:42:34+00:00,5,,best health tracking app. I have a 230 day streak. The app let's me know what's best for my body wish they had a food calculator on it. 10 out of 10 though,5.464.0
Whoop,google_play,us,0864455e-11b4-4350-9bf4-9fdd791eaede,2026-08-16 15:34:14+00:00,5,,l love it ❤️,5.464.0
Whoop,google_play,us,cac2de43-1d3f-4081-b7c1-a3aeca8140f2,2026-08-16 09:52:44+00:00,5,,"im really impressed by the range of features, being able to measure so many health metrics has made a huge impact in my motivation to get healthier and sleep better.",5.464.0
Whoop,google_play,us,68a413df-3331-4aac-b891-a1be4da8c7b3,2026-08-16 08:20:05+00:00,1,,"I’m honestly tired of fighting with the time sliders in the WHOOP app. This really needs to be fixed. Entering an exact time in the Journal can be surprisingly difficult. For example, I may need to set an action to 12:00, but the slider keeps trying to select 11:30 or 12:30 instead. Please add a simple and precise way to enter the exact time manually, or significantly improve the slider behavior. Something as basic as logging the correct time should not be this frustrating.",5.464.0
Whoop,google_play,us,6f0bda1f-76a7-4117-8db4-a124e1713abb,2026-08-16 06:29:51+00:00,1,,"I decided to upgrade after a free trial with a borrowed device. I pushed the in-app upgrade button to find that no device will be sent, and I now don't have one as I returned my friends. Within 5-minutes, I email customer service who says we can cancel the subscription and order a new one with watch. Then they change their minds! I send a follow up email explaining my situation. They respond with a template AI email. Shows what they think about their customers.",5.464.0
Whoop,google_play,us,68f831af-6f77-4b38-acfe-bc1260a06749,2026-08-15 14:42:46+00:00,5,,"I've been a user for a few years and have had almost zero issues with it ever. It's hugely helpful to me in managing my energy/strain with my illness of POTS, especially as I do my best to work on my fitness in spite of it. I do think it is too expensive and there should be a sliding scale for accessibility, but at the same time at least I'm paying for a great product/service that improves my life, thanks whoop.",5.459.0
Whoop,google_play,us,7131fa20-3ae1-41e8-94df-21782e0a86de,2026-08-15 11:04:19+00:00,5,,"hardly any issues, keep up the great work",5.464.0
Whoop,google_play,us,0b8a1c65-c484-4873-a41e-488432fa45da,2026-08-15 05:43:57+00:00,5,,must have if you an athlete,5.463.0
Whoop,google_play,us,1e56220a-53e4-41bc-b57e-fa14540b782a,2026-08-14 20:43:10+00:00,2,,"I really wanted to like this, but the overall experience feels confusing and overwhelming. The app throws too much information and too many articles at you, and it’s often unclear what’s clickable. The sleep tracking has also made me more anxious, as I constantly check my sleep and recovery numbers. I dislike the strap mechanism—it’s awkward to adjust and gets uncomfortably wet in the shower, yet is difficult to dry. Overall, I’d prefer a much simpler, clearer experience.",5.463.0
Whoop,google_play,us,48236c5a-c379-4bf9-822c-c4781a306511,2026-08-14 19:16:39+00:00,5,,changed my perspective of life and fitness,5.464.0
Whoop,google_play,us,b443c6db-8878-4033-855d-6c6856d1d2ea,2026-08-14 14:29:06+00:00,3,,overall good service for generic user. i would expect it to sync nutrition data with android's health eco system. iOS version of the app does it. add this feature please,5.464.0
Whoop,google_play,us,d168c1cc-9350-4ca6-a4de-8373f311f7f9,2026-08-14 11:34:27+00:00,5,,Highly reliable 24/7,5.464.0
Whoop,google_play,us,b3961566-e0e3-45cd-bea0-f0b26dffae84,2026-08-13 15:09:14+00:00,5,,"Accurate, Interesting, for those who care about their health.",5.464.0
Whoop,google_play,us,3bea5e7f-b749-4218-81de-adaaef0f5ee1,2026-08-13 13:57:08+00:00,5,,Awesome,5.464.0
Whoop,google_play,us,9669c6b1-d59f-4cd3-857f-3aacd14e06ba,2026-08-13 11:44:07+00:00,5,,My Whoop keeps me grounded and on track.,5.463.0
Whoop,google_play,us,53c297cb-9363-40ec-8fd6-74b18f3eb3b1,2026-08-13 01:39:25+00:00,5,,Very good Peace if equipment to be able to monitor your body and keep track of your progressions.,5.463.0
Whoop,google_play,us,79f09b21-9c9f-452a-85f9-1a1156a346fd,2026-08-12 19:42:12+00:00,3,,"Since upgrading to the new WHOOP, the changes to the algorithm have made my Strain and calorie data feel completely inaccurate. My calories burned are now around 30% lower than before. Walks sometimes register no Strain, and even after an intense weightlifting session plus 15–20k steps, my calories barely show above BMR. It’s incredibly frustrating and affects my confidence in the overall health data. I really hope WHOOP fixes this soon.",5.463.0
Whoop,google_play,us,728359d9-50dc-4fe9-9008-ad7c62a8fb05,2026-08-12 17:16:58+00:00,2,,The device and data are great but the app is overly reliant on AI that is constantly getting things wrong or not finish tasks. AI is a great tool but when you HAVE to use it for everything and 1/2 the time I talk to it is to fix something it forgot or messed up last time it gets very tiring.,5.463.0
Whoop,google_play,us,ab0bc044-1d17-445e-b662-a8892b2d1dea,2026-08-12 12:49:06+00:00,2,,"overrated devise, the app features some ads of available free integrations with other apps, but turns out is it not available for all regions. so why am I seeing them ? False advertising all over again, same as with free trial and return",
Whoop,google_play,us,94245a9e-66df-4b2c-8fa6-61dea9607a38,2026-08-12 12:15:23+00:00,5,,Always works as expected!,5.463.0
Whoop,google_play,us,5429b954-f058-4c5e-a9a6-212e3b2c6426,2026-08-12 11:31:35+00:00,5,,"great for working out and tracking all kind sof metrics. this is for people who want to track exercise. there are other bands out there, but nothing like whoop. Hume doesnt track any real movement except steps, and whoop can do everything every other band does if ya just pay for it. and those who complain about paying every year, how do you expect the company to bring you more without capital. ill gladly pay 200 a year for the rest of my life for what ive gained in metrics.",5.463.0
Whoop,google_play,us,2f0e4a87-72fb-4f5f-91e3-d9bacb476caa,2026-08-11 23:48:53+00:00,5,,excellent,5.463.0
Whoop,google_play,us,237147af-8589-4748-a039-a8dd45dee351,2026-08-11 17:14:18+00:00,1,,"Nu se conectează, nu recunoaște parola",5.463.0
Whoop,google_play,us,e5cf9f5b-de1f-4122-944f-9665e8e54655,2026-08-11 14:50:37+00:00,1,,too expensive,5.463.0
Whoop,google_play,us,a07c6d87-3a41-4769-97e2-a7a3355a474d,2026-08-11 07:17:04+00:00,4,,love the app. only issue is that the chat keeps on lagging ie sometimes when I open the app the chat does not load. I get the notifications from it but very inconsistent with it,5.463.0
Whoop,google_play,us,5bdb40c4-0c75-4c7a-b5f9-22177bb898c4,2026-08-11 04:17:03+00:00,1,,poor accuracy measuring sleep. Really bad GenAi experiencie. The worse I have seen. it does not worth the money.,5.463.0
Whoop,google_play,us,697e51c4-450d-41c3-afff-5fd2ba32eca4,2026-08-10 22:59:45+00:00,1,,"garbage, buy garmin",
Whoop,google_play,us,e38736bd-307f-44ab-8feb-014e49f052d8,2026-08-10 15:13:28+00:00,5,,Hello for getting back about my order .Adrian from support team you are a. Star🌟🌟 thank you for reaching as soon as possible and helped me in getting before delivery date . Thank you Adrian and Thank you Whoop support team ✨,5.463.0
Whoop,google_play,us,6f07ef4d-c279-4d1b-adb8-7fdb544646c5,2026-08-10 06:28:56+00:00,5,,"full of actionable insights, extremely helpful",5.463.0
Whoop,google_play,us,36a353de-e2a5-4658-a1f3-516cf932cc68,2026-08-09 16:08:56+00:00,5,,Whoop has been very eye opening for my sleep and exercise habits. it has helped me get direction on improving my health! I would do it again in a heartbeat!,5.463.0
Whoop,google_play,us,5ad3391b-fdb7-407a-8268-d93f30797f13,2026-08-09 14:50:48+00:00,5,,"I’ve been using WHOOP and I’m really impressed with how much insight it gives me into my health and daily performance. The recovery, sleep, strain, and stress tracking are especially useful for understanding how my body is responding to workouts and everyday activities. The app is easy to use, the data is presented clearly, and the personalized recommendations make it easier to build better habits. I also really like the comfortable, lightweight design.",5.463.0
Whoop,google_play,us,94843019-079e-41dc-b922-15debd7e257c,2026-08-09 08:35:42+00:00,1,,"the device is perfect and really useful. but since it stopped working with no reason, I'm following up with customer support for a replacement as per the warranty and they agreed to replace it but every time they reply that it takes 3-5 working days for processing and nothing happens for more than 1 month",5.463.0
Whoop,google_play,us,f3c8c299-0735-474b-8868-b9eb483215ae,2026-08-09 04:45:42+00:00,1,,No value for money 👎,5.463.0
Whoop,google_play,us,d7cbd225-d775-4dbf-a33c-c264864d1edc,2026-08-09 03:21:03+00:00,5,,Can't leave home without it!!! Absolutely love Whoop!!!!,5.463.0
Whoop,google_play,us,682c6f55-0c48-48a1-b8ce-4d9f630ce9a5,2026-08-08 18:13:35+00:00,1,,"The Whoop wristband is clingly. You can't take it off without it sending annoying messages about your wristband being off, so notifications have to be turned off entirely. Then Whoop processes your data through AI when opening pages and forces its AI slop without a way to opt out. After reaching out to customer service for the first time, I received a clueless AI-generated response. After that, I cancelled my subscription and threw my Whoop wristband in the trash.",
Whoop,google_play,us,a94f1719-0ad2-4ab4-8375-dec32dd0be08,2026-08-08 12:02:04+00:00,3,,"app seems to freeze, almost every time I open it. I have to close it and reopen. quite annoying",5.463.0
Whoop,google_play,us,bd4aa09f-671c-464f-94b1-78323a508912,2026-08-07 19:06:53+00:00,5,,useful app,5.462.1
Whoop,google_play,us,3e395941-9621-4f32-872e-3b64fcc721c7,2026-08-07 17:03:04+00:00,1,,The worst app support and customer support you can expect for such a premium that you pay for their services. I did not exact this from Whoop. Do no recommend anyone using this product. It's a scam. Stay away,5.462.1
Whoop,google_play,us,ab1f12db-c2be-4c65-9961-aa12b8df90b8,2026-08-07 14:59:04+00:00,5,,love all the details and stats,5.462.1
Whoop,google_play,us,5647e6fd-3a25-4beb-9224-700e304b644b,2026-08-06 12:43:19+00:00,2,,"This app is not great. First off, the UI is cluttered and messy. This could/should be so much cleaner and easier. Secondly, I've never seen an app/product trying to get you to upgrade, spend more, commit to more of a subscription in my life (also why the user interface is so cluttered, it's just riddled with ""click here, upgrade there, spend more monthly"". I get the same info from my Garmin watch, with NO subscription. This thing will be going back. Thumbs down.",5.463.0
Whoop,google_play,us,47ea5e4b-f15c-4a98-adbd-17f3bd12a261,2026-08-06 09:51:46+00:00,5,,this has really helped me with good insights into how my choices affect sleep and recovery patterns. I am really pleased thus far,5.462.1
Whoop,google_play,us,4f9523d0-4d48-4251-bc81-9025f9ca8482,2026-08-05 11:45:46+00:00,1,,"useless. most of my activities don't show results because the sensor stops working. when it works, 1h intense runs shows less strain than 10 minute slow walk. uselss",5.462.1
Whoop,google_play,us,801fc4ba-a9b5-4ddf-8a23-9470f68f7c74,2026-08-05 04:08:42+00:00,5,,love this app and montior. Far better than Hume,5.462.1
Whoop,google_play,us,3b6d014e-3135-4811-afdb-e725f55c4170,2026-08-04 13:11:44+00:00,5,,"So much data and insight. Its like having a dashboard in a vehicle,but for your body!",5.462.1
Whoop,google_play,us,db1c381f-7c2a-495c-b015-a22688a21913,2026-08-04 10:51:00+00:00,5,,did the new update remove stress bar?,5.462.1
Whoop,google_play,us,f0296ac4-e148-4206-a26b-db948edf4a24,2026-08-03 22:36:42+00:00,1,,too expensive for what it is,5.462.1
Whoop,google_play,us,02b4bce6-7f20-40b2-9c5f-a2baf591605e,2026-08-03 17:13:02+00:00,1,,poor,5.462.1
Whoop,google_play,us,6ed4cbc3-4892-4558-b910-0fc434cd3e19,2026-08-03 16:44:02+00:00,4,,"The app and the Product are great. The information and biometric readings are very helpful when keeping track of health and activity. However, the price for the whole experience is very high and really only for those who want and need the very detailed statics. If there was a way to pay for just the band and use a less robust version for general activity and sleep tracking. I will be done after the my year is over and be moving to a different screenless activity tracker that I only pay for once.",5.462.1
Whoop,google_play,us,81d55955-d3d9-4fd2-8ac3-8e3334e8bd6f,2026-08-03 16:37:15+00:00,1,,Steps which are a core metric of my day are extremely inaccurate. The ai defends a clearly flawed product. The price for subscription is far too high for a product that is still in development. Overall I can't trust anything this device says. I wasted my money so you don't have to. Be warned the Whoop MG is a joke. One that I am stuck with for a year now.,5.462.1
Whoop,google_play,us,d6d90ade-0d34-4338-be72-31fc5b024692,2026-08-03 06:47:20+00:00,2,,I have an uneasy feeling the heart readings are inaccurate. The UI is suboptimal for many functions where reading details on the screen is difficult,5.462.1
Whoop,google_play,us,805626c6-2892-4b05-b096-35bbc187553b,2026-08-03 04:47:09+00:00,4,,"A very helpful support for maintaining healthy life. Before using it, I had no idea how & what to do to keep myself fit.",5.462.1
Whoop,google_play,us,abc20aac-c89c-4824-9d67-43c978fcbc3e,2026-08-02 23:08:49+00:00,4,,"Monitoring of sleep and recovery ,HRV ,are very good. But many rooms of improvement for the expensive cost of memberships. Ai advice are mainly push you to more exercise and sleep. And data collections , diary are time consuming. It cannot detect activities uncless you log in. customer service are slow. Multiple lag time and hang of app requiring forced close and restore. Ai advice of activities are not medical advice , but its act like one. So I use it just baseline daily monitor.",5.462.1
Whoop,google_play,us,8fd13b4b-f9bb-4d94-813e-8725f36c1871,2026-08-01 21:58:13+00:00,5,,"I've never heard of this product. I was gifted this device for my birthday and I absolutely love it. The battery life is amazing and I love how it tracks my sleep, recovery, strain, stress and body temp, it helps keep me accountable and informed of whats happening withIN me. The more I use this the more I believe it can benefit from improvement. 1) It would be nice to have access to our dashboard while still recording our activity. I cant list anymore bc ive ran out of characters for this review",5.462.1
Whoop,google_play,us,d063a147-6a35-4c75-a10e-a5500eeee655,2026-08-01 19:53:15+00:00,2,,"Interesting device, but it's too complicated to manage. There are too many settings to get something useful. It should have simple defaults unless someone wants more insights",5.462.1
Whoop,google_play,us,45d54263-92f7-4249-aa6e-85d24be3cc50,2026-08-01 14:25:19+00:00,5,,"Latest bug with Strength Trainer resetting current set when the app goes to background - awful. Also, the small convenient notification widget now disappeared and replaced with a useless ""Workout in progress"" notification when running in the background. Please fix this vibecode.",5.462.1
Whoop,google_play,us,f9993455-852d-4fc7-9eea-c81c93159837,2026-08-01 06:09:54+00:00,5,,Still awesome overall. My only feedback is adding real time heart rate to the main screen. The AI Strength Trainer is a great feature but it still has a few limitations. It doesn't recognise some basic equipment like ab machines and the workouts don't feel fully personalised even when you give it prompts.,5.462.1
Whoop,google_play,us,7c0f6222-c787-4923-88da-5c8c2414378b,2026-08-01 03:22:06+00:00,2,,"Tracking is great, UI is confusing, nearly impossible to cancel a subscription.",5.462.1
Whoop,google_play,us,2d3d18fc-8984-4b1a-90c1-92a72ed02c02,2026-07-31 16:43:31+00:00,2,,does not integrate with other fitness or health apps.,5.457.0
Whoop,google_play,us,1d2b158b-65fe-4654-aded-1fdbc925e51a,2026-07-31 12:44:53+00:00,1,,"cant pair it back here after pairing w iphone, tried everything this is rly fristrating the qebsite instructions kot working",5.462.1
Whoop,google_play,us,791c8c89-d7d6-4c48-94bf-8d52f87a7de7,2026-07-31 03:22:32+00:00,1,,"As expensive as this subscription is, you'd think the app would be perfect. well, I've complained directly, and it still hasn't been fixed. The journal, which seems pretty important to the functionality, has these godawful, heinous sliders to record time of day. Every freaking time I try to record a time, it will just slide right off my intended time by 30min. Want to record 9am? Too bad! You can only record 8:30 or 9:30. It makes me so ridiculously irritated every night when I try to journal.",5.462.1
Whoop,google_play,us,1a8d0a3b-14f7-4dec-8c02-a42e2969e073,2026-07-31 02:36:29+00:00,2,,Stopped using it after few months. it gives not relevant information,5.461.1
Whoop,google_play,us,76951661-5545-42ac-8115-71a3cba2f848,2026-07-30 19:05:20+00:00,2,,"Very good, but flawed. The layout and information provided is one of the best designs I've tried. It's easy to correlate actions with consequences in your health. Unfortunately the hardware integration is fundamentally broken. If the whoop can't connect to the phone for several hours it basically stops syncing. This means on most mornings when I wake up I need to repair it with my phone. This is not an issue with any of the other apps/trackers I have, so must be fatal flaw they can't patch.",5.462.1
Whoop,google_play,us,401e0003-eb44-48f7-8b60-abefbc232a43,2026-07-30 14:46:46+00:00,5,,changes you life,5.461.1
Whoop,google_play,us,23bdd616-1a2a-4bfe-b497-787486cfd8c6,2026-07-30 02:21:07+00:00,5,,Self awareness device which monitors all important crieterias for a healthy life,5.462.1
Whoop,google_play,us,4cfb7865-df34-4e61-813e-966459e8ac71,2026-07-29 22:57:08+00:00,2,,Most recent update broke notifications on the S26 Ultra,5.461.1
Whoop,google_play,us,24aea93b-a881-4feb-9856-9372b4658e73,2026-07-29 18:23:20+00:00,2,,"it is kind of fun, but I suspect it makes up data sometimes, and it is really bad at offline data capture. If you're going on a multiday hike out of coverage, Whoop will fail to capture your activities. It needs some work",
Whoop,google_play,us,121653fc-9e9e-486a-b45a-298f71c8b2ea,2026-07-29 17:50:28+00:00,1,,"transfer to a new phone sucks - can't reset password and login to new phone, stuck using old phone",5.462.1
Whoop,google_play,us,0712247c-5556-488d-a0bf-57db04ca40a8,2026-07-29 14:32:54+00:00,1,,data is not accurate,5.461.1
Whoop,google_play,us,d01001bb-6d30-4c24-b169-1c7c5776e271,2026-07-29 12:49:51+00:00,1,,could not get the app to work on several occasions very disappointing,5.462.1
Whoop,google_play,us,1a6e0142-c7da-49b4-8b80-2ef748251ed7,2026-07-29 10:45:00+00:00,1,,"relax practice not work without network connection, whoop simultaneously disconnected from app, activity auto-detection worx bad, stupid time input interface when filling out the journal — it's impossible to get to the right time (previous review magically deleted from store)",5.462.1
Whoop,google_play,us,224e298f-fac9-48b6-a6c3-562702506159,2026-07-29 05:15:19+00:00,5,,good 👍,5.461.1
Whoop,google_play,us,41b81e47-f582-413a-83d6-fbfb5f40d8c7,2026-07-28 16:17:25+00:00,4,,getting my life back,5.462.1
Whoop,google_play,us,90501301-b637-463d-8418-61ad73541081,2026-07-28 09:29:02+00:00,2,,"Recently the app became buggy, freezing when I opened it. anointing a popup about how helpful the app has been pop up every time and even I rate it",5.461.1
Whoop,google_play,us,30b58dae-20d5-4be7-9702-a26c443b4c38,2026-07-28 09:02:29+00:00,5,,Great way to improve your health and stay active.,5.461.1
Whoop,google_play,us,14ec1723-29b3-42a8-8601-57d6d6be0fee,2026-07-27 08:45:03+00:00,5,,"Great and simple way to gamify your rest, recovery, and fitness. I owe my life, my health, and my fitness to this app. It holds me accountable first thing each morning, and motivates me to reflect on each day's end.",5.461.1
Whoop,google_play,us,ea718ee8-e413-48bf-8deb-15e9a5bf25b0,2026-07-26 11:40:14+00:00,1,,"It's really sad. This used to be my trusted companion. I've used Whoop for more than two years and I would look forward to seeing my stats & talking through it with the AI coach. I've improved my health substantially- become more fit, lost weight, reversed my aging. But an update about two months ago changed everything. Now the app constantly assumes I'm in the middle of a crisis, either health or mental health wise. it's actually starting to harm me. I'll be leaving the service. Do not buy.",5.461.1
Whoop,google_play,us,d5791491-7336-4fc0-87f0-8698ba850b63,2026-07-26 09:55:49+00:00,5,,Keeps me motivated to keep track and take better care of my health.,5.460.0
Whoop,google_play,us,10360749-6f2c-41fe-b4f5-5fc6aa8a92be,2026-07-25 14:52:31+00:00,1,,"Be careful with this company. Once they have your cc, they will double charge you, and also offer services like lab work that in the end you are unable to use because many of their labs are closed down. Best Word to describe the company: Shady.",5.461.1
Whoop,google_play,us,5f5bebf0-fab5-4124-b413-265f527667f0,2026-07-25 14:10:38+00:00,5,,"If you need something to help track your health and guide you in improving it with data, this is the watch/app to use.",5.459.0
Whoop,google_play,us,a8a93323-a8cb-43a5-bc80-ffa150dce359,2026-07-25 11:59:25+00:00,4,,The biological age is not good,5.461.1
Whoop,google_play,us,5b098a9b-96b6-4192-8d64-8164cd9ca04d,2026-07-25 09:37:26+00:00,5,,"love it, can't see myself not tracking my important vitals..",5.461.1
Whoop,google_play,us,042033aa-395f-4070-be26-0b79be8e463e,2026-07-25 03:03:01+00:00,5,,"Buy Whoop if: You're serious about training, sleep, and recovery data and don't care about a screen it's really work superb. It's amazing.",5.461.1
Whoop,google_play,us,ffe6eb8a-1ed2-492a-a963-7dc10e6869af,2026-07-24 02:13:17+00:00,5,,O LOVE MY WHOOP. IT'S GREAT AND ON POINT. THANK YOU WHOOP,5.460.0
Whoop,google_play,us,6fbe5271-092f-4a3f-a305-9e6b2e5d2bd3,2026-07-23 17:05:58+00:00,1,,"I don't like the new AI - it used to be data-driven, focused on facts. Now the ""coach"" is routinely berating me for not doing enough, not being perfect, not sleeping better, not even acknowledging improvements or context (e.g. disease keeping me awake). I told the AI several times but it remains critical and berates on a daily basis. This is seriously making me consider abandoning Whoop for another wearable. This may be great for professional athletes but normal people need leeway not perfection",5.460.0
Whoop,google_play,us,70da0325-4e30-4771-a1aa-c514b0b6d2cb,2026-07-23 09:28:44+00:00,1,,The android app is really bad. How do you manage to make the app more and more laggy with every update? The app is almost unusable at this point. All the screens are lagging like crazy. Anything related to navigation doesn't work properly. The app crashes just from simple usage and moving between screens. It feels like none of the WHOOP team members have an Android phone... Absolutely terrible...,5.460.0
Whoop,google_play,us,733cd87f-c6cd-4120-912d-9baa6ee80870,2026-07-22 06:54:47+00:00,3,,Not user-friendly,5.460.0
Whoop,google_play,us,63223b2e-b3f7-492c-be5f-c08db7257915,2026-07-22 01:13:59+00:00,5,,the AI is amazing and fun. in my opinion money well spent.,5.460.0
Whoop,google_play,us,8ff6c65d-3262-48aa-888f-041709c0ee97,2026-07-21 23:49:32+00:00,5,,it tell you how your mental health is?,5.460.0
Whoop,google_play,us,b209c582-af33-44f6-b68b-516d5d6a558d,2026-07-21 13:29:38+00:00,5,,Great way to stay aware of what's going on with you.,5.460.0
Whoop,google_play,us,f92d0be2-d5b2-43dc-9fa9-9968e42d581d,2026-07-21 13:25:33+00:00,3,,frustrating seems to take more than 30 minutes to process sleep 2 or 3 times a week. WHOOP : invest in more server capacity !,5.460.0
Whoop,google_play,us,1d46475b-0fba-45e1-a470-544ab150cf25,2026-07-21 10:01:00+00:00,5,,Great product!,5.460.0
Whoop,google_play,us,b7d842b9-6717-4a2f-9aee-e7e1a55aa29d,2026-07-21 04:37:25+00:00,1,,Pray you dont need to deal with customer support.,5.460.0
Whoop,google_play,us,01194875-c847-4dde-963f-3df44e1ff6e7,2026-07-21 04:13:47+00:00,5,,great tool for monitoring how you feel and gaining insight into body metrics. wouldn't be without it.,5.460.0
Whoop,google_play,us,1d514064-f4ef-4a21-9f9b-ec8b7747adfc,2026-07-20 17:54:02+00:00,4,,hoping they work on getting steps to be accurate. They are never as many as I am actually do. I use a pedometer to make up for it and a compare them. But everything else is amazing and has been invaluable to improving my health and workout logs.,5.460.0
Whoop,google_play,us,d72d27f8-60c3-4519-a6a1-91e9b8900e71,2026-07-20 13:30:45+00:00,5,,"I'm really enjoying the insight to my health, fitness, recovery, and the AI component to access & set up plans to improve in all components of my overall health & wellbeing.",5.458.0
Whoop,google_play,us,8c6964e1-e15c-4875-bca8-abf651f9ce88,2026-07-20 13:16:05+00:00,5,,I love it ❤️,5.459.0
Whoop,google_play,us,e359e077-ff73-49b4-9965-f6daf3f082ae,2026-07-20 12:15:21+00:00,2,,"Way too expensive. The UI is a dumpster fire; it looks like someone threw random design elements into a box and shook it. The AI is mostly useless. I can't take it off to shower without it freaking out. The band physically looks nice though, and the data it gathers can be interesting, if not useful.",5.460.0
Whoop,google_play,us,249cefdc-81ed-4f0b-b5a3-ac386b69503b,2026-07-19 19:11:23+00:00,2,,too expensive,5.460.0
Whoop,google_play,us,8759526f-e990-4bcb-a1a2-797777c972a3,2026-07-19 04:51:25+00:00,5,,The Best of Best 👌,5.460.0
Whoop,google_play,us,a8474c80-36b2-4aa1-8a49-daaec85dc7b9,2026-07-18 07:41:28+00:00,1,,"I have a gift card voucher, and it is impossible to reedem against my subscription. after so much time and different emails with Whoop didn't get anywhere. I asked whoop to add gift card to my account but apparently you got to do it yourself, altough there is no option of doing it, support not helpful at all, seems like you talking with AI. voucher can be used only for a new purchase which i dont want. i would adise do not buy whoop gift cards.",5.460.0
Whoop,google_play,us,519be1dc-540a-48b6-a5d8-a02487f0b088,2026-07-17 22:51:53+00:00,5,,I love WHOOP,5.459.0
Whoop,google_play,us,3ba64a26-43a1-4cad-9a14-4865fce3ef30,2026-07-17 12:24:03+00:00,1,,"Whoop is a scam , seriously!",5.459.0
Whoop,google_play,us,9f6ff940-35c6-4d96-8722-5dadc3a5800a,2026-07-17 05:13:09+00:00,1,,"The device is significantly overhyped. Despite its premium price, it fails to accurately detect sleep and wake times. I have to manually end my sleep session in the app almost every day, which defeats the purpose of an automated sleep tracker. Considering the high price, I expected much better sensor accuracy and reliability. The overall experience does not justify the cost, and in my opinion, the device should be priced closer to ₹10,000 based on its current Totally disappointed.",5.459.0
Whoop,google_play,us,62b62d0b-1bdb-4ede-b748-13bfa275b07c,2026-07-16 23:34:05+00:00,5,,good for my heart,5.460.0
Whoop,google_play,us,6fbc8468-85f0-4c50-9925-a6a476c17d5b,2026-07-16 12:44:40+00:00,4,,"Great, but overpriced. The subscription model needs to go.",5.459.0
Whoop,google_play,us,28d2954a-5b04-4069-b7d2-42989936861e,2026-07-16 04:14:11+00:00,4,,Is it possible to add support for the Chinese language?,5.459.0
Whoop,google_play,us,992e472e-3f9f-494f-858e-adb0495c9864,2026-07-16 00:03:30+00:00,1,,"inaccurate & should do better research on women, I replaced the 1st whoop as big difference in counting steps, sleeping time & quality, and detecting me was taking a nap while I was having dinner with my family. the replacement doesn't seem to work well with me also. The app has no function for the women to switch between taking birth control pills and not. when you off the birth control pills, the past data all changed to off birth control pills. and birth control pills have 21 pills & 24 pills",5.459.0
Whoop,google_play,us,3df83135-f539-42e0-be64-b841a5e00401,2026-07-15 23:52:14+00:00,1,,Whoop is a waste of money!,5.459.0
Whoop,google_play,us,2bad94ac-1a41-48db-8708-c9674c6f72aa,2026-07-15 10:50:53+00:00,5,,good for all,5.459.0
Whoop,google_play,us,5ff6d519-0938-4c51-aed7-d38a0c3f1f94,2026-07-15 00:48:45+00:00,3,,"Slide bar diffucult to select times when trying to fill out journal. Please make slide bar easier to shift, times clear to read. Or allow manual time entry.",5.459.0
Whoop,google_play,us,4733ca82-288b-493f-b890-2e50739f399c,2026-07-14 17:45:40+00:00,5,,Excellent motivator and guide to a healthier lifestyle.,5.458.0
Whoop,google_play,us,212c0366-15a5-48d8-abde-25c06bf576b2,2026-07-14 06:45:43+00:00,5,,"If you follow the apps recommendations you soon see the results. It's a very chatty app so might not suit everyone, but for me it's great.",5.459.0
Whoop,google_play,us,49dc4487-86bb-4c96-b789-84d94fb4d4f5,2026-07-14 01:27:22+00:00,1,,the blood pressure estimater is not accurate at all. whoop estimate was 121/81 but it was 171/96 even after recalibrate the app several days in a row it was still off. I am not expecting it to read like a cuff but it was not anywhere near the current readings. Don't buy it it that your main concern. the rest is interesting but not sure its worth the yearly amount of $350.,5.459.0
Whoop,google_play,us,5411df8b-69b2-42cd-a1c2-12383a1825f8,2026-07-13 17:06:44+00:00,5,,Best bio hacking tool,5.459.0
Whoop,google_play,us,a782279f-5635-43bd-826b-7c70f92d876f,2026-07-13 14:59:32+00:00,4,,the AI feature for logging workout is not working anymore.,5.459.0
Whoop,google_play,us,5fdaccee-ec99-4c8f-9ef8-a7d421247d9d,2026-07-13 13:47:15+00:00,1,,Guys don't download & waste your time. It's the worst app. It doesn't even have India as a country.,5.459.0
Whoop,google_play,us,7e23e51a-c962-4130-8168-040ddbc065c6,2026-07-12 13:17:45+00:00,5,,"This app is complex and challenging to use, but chock full of data and useful insights. Now that I'm getting the hang of it, the value is clear.",5.459.0
Whoop,google_play,us,9bcdd8af-6a8c-4bbd-ab55-8a644eabc4d5,2026-07-11 16:02:45+00:00,5,,"Please add an option to show real-time heart rate on the notification screen, similar to how the iPhone app notification can display live activity information. It would be very useful during workouts because users could check their heart rate quickly without having to open the WHOOP app every time.",5.459.0
Whoop,google_play,us,cfdc3a88-2e7b-428a-8515-23d95e3a4892,2026-07-11 15:16:32+00:00,5,,Life changing insight,5.459.0
Whoop,google_play,us,7ddb230b-e7b2-4bf7-91b9-586db11393b6,2026-07-11 14:59:42+00:00,5,,wanna know how healthy u are? use this app!,5.457.0
Whoop,google_play,us,031a69c6-7de3-462c-b8b6-d8c2c2a23332,2026-07-11 13:49:01+00:00,3,,community messages still unstable,5.459.0
Whoop,google_play,us,7aae7f7a-6947-4799-a8e7-d9687ea9848f,2026-07-11 11:38:24+00:00,5,,"excellent app trusted and very insightful, accurate companion",5.459.0
Whoop,google_play,us,1f4eade5-0cc6-460e-99e4-64447edc2cd8,2026-07-11 08:59:59+00:00,5,,working good no complaints so far.,5.459.0
Whoop,google_play,us,a3b5f066-ddc1-40f6-9f9f-4a15d705edc0,2026-07-11 08:21:08+00:00,1,,"when adding things to the journal, why is choosing a Time so damn difficult? for example, trying to use the slider to say when your last caffeine drink was or when you stopped working, the sliders do not function correctly. it's like it actively doesn't want you to choose the half past the hour options! then for starting an activity to be tracked in real time, why can't I search for the activity? why do I need to scroll and look it up manually?",5.458.0
Whoop,google_play,us,25c380da-2b05-446e-97bd-436a7ed2068c,2026-07-11 06:14:08+00:00,1,,never logs in,5.459.0
Whoop,google_play,us,6b6800cb-4257-4b7d-8fe0-9352d8d586c0,2026-07-10 22:13:00+00:00,5,,fantastic,5.458.0
Whoop,google_play,us,5aaed8aa-81a7-40de-a3c5-5fec62bcfa52,2026-07-10 18:47:36+00:00,1,,Dont buy this. -the data tracking is alright but too expensive for the price. -the customer service is god awful. -it uncomfortably heats up on your arm. -the monthly and yearly subscription is way too expensive. $30/month or $239/year. id say the only good thing is that you can charge the whoop on your wrist without having to take it off. Get a google fitbit air. Its only $100 and it does everything the whoop can do minus the fact you have to take it off for 30ish min and no subscription,5.459.0
Whoop,google_play,us,3a820be3-dd45-4a89-9fb8-5780e3bdf375,2026-07-10 17:02:23+00:00,5,,100% active and good,5.459.0
Whoop,google_play,us,6266616d-42fa-4880-ab64-3586aca27d0f,2026-07-10 12:20:25+00:00,5,,love data on sleep quality! Really helps me quantify good sleep as a wellness goal.,5.458.0
Whoop,google_play,us,9d1b7de7-3071-416d-ab77-cb37ddfbcd54,2026-07-10 04:18:06+00:00,5,,one of the best health tracker,5.458.0
Whoop,google_play,us,47bd6b0e-f217-4429-8d9d-10d5a5ce64c2,2026-07-10 03:13:22+00:00,1,,"terrible customer service. the device ""rejected"" my phone and trying to rectify that has been terrible. even finding a way to log on on the app is ridiculous. After digging around several hours for help, I did what the app suggested and used the email address the APP GAVE and still working on it with ""Albert"" and had to provide my receipt (understandable) and after providing had to respond in email with all of the information I just provided in the damn receipt. on week 2 with no resolution",5.458.0
Whoop,google_play,us,31e9ba8a-e4bf-448d-af8b-3564bfa8a901,2026-07-09 10:25:12+00:00,5,,Awesome,5.458.0
Whoop,google_play,us,ff4d0992-561f-44e3-a3f8-25acf2d3eaac,2026-07-08 13:41:20+00:00,5,,Beautiful UI with incredible AI to make lifestyle tracking a breeze. Love my WHOOP!,5.458.0
Whoop,google_play,us,8a5e378c-ffa4-4195-8eb2-c507c08ba8a7,2026-07-08 11:53:37+00:00,5,,The Whoop is incredible tool for your health. The more you wear it the more it optimizes your performance recommendations to fit YOUR body and goals. 12/10 the best thing I have for my health and wellness.,5.458.0
Whoop,google_play,us,3b381626-1d4b-4726-9da8-d40dcf8ac45c,2026-07-08 09:47:55+00:00,3,,"works well, logs activity automatically...but keeps thinking im playing baseball when I am just walking around at work. you can't customize the activities",5.458.0
Whoop,google_play,us,c654bd09-8f71-4613-9f1e-4b344de5f44a,2026-07-07 22:34:04+00:00,5,,"I find this band very helpful. I use it to track my physiological changes, not for fitness, but for PTSD, anxiety, depression, and FND - PNES. The Ai bot has been phenomenal. I have been in the WSIB process for 10 yrs now, and I now have evidence related to my physical functioning as a result of my mental health. I think the medical field could be using this for a lot of different people for various health reasons.",5.459.0
Whoop,google_play,us,7d24f3ae-8520-4d63-9ade-c456d3ca83ec,2026-07-07 19:54:58+00:00,5,,"As someone with chronic illnesses, this has been a huge help in monitoring my symptoms and giving me something tangible to work with. highly recommend.",5.458.0
Whoop,google_play,us,f3aea04e-ee00-4898-a7c3-caa129568caa,2026-07-07 09:52:21+00:00,4,,I wish there were Arabic translations for this app.,5.458.0
Whoop,google_play,us,ff560935-b083-4d7e-8d91-037f4db74f7f,2026-07-06 00:11:27+00:00,5,,Good sleep band. whoop gives you very critical sensitive informations regarding your sleep process very analytically. you can change your sleep pattern definitely. simple steps but wonderful results. sleep is vey sensitive phenomenon. We are not aware of it. Whoop sensitise your perspective and practises towards the simple natural god gift sleep process. that's incredible. today I had a long sleep. thank you Whoop.,5.458.0
Whoop,google_play,us,2ca5313e-f175-4782-8425-a02f38dadf96,2026-07-05 11:28:57+00:00,5,,too good,5.458.0
Whoop,google_play,us,dd1ab3a8-ecc8-4751-870b-773e3a6030d6,2026-07-05 04:03:27+00:00,5,,amazing personal coach keeps me honest and disciplined,5.458.0
Whoop,google_play,us,502a003b-508d-490f-9b30-1a20317cbcb5,2026-07-04 07:01:25+00:00,2,,"I really enjoy whoop i have used it in my fatloss journey and monitoring my daily activity like lifting,running and sleep recovery especially now im 44yrs old i want everything tracked..only downfall is the yearly subscription. im planning to switch fitbit air after my subscription on whoop is finish unless there will be changes on whoop subscription.",5.457.0
Whoop,google_play,us,077a45cf-0940-4b41-85c0-bda3280b6073,2026-07-03 17:24:47+00:00,1,,"Dark patterns everywhere. Constantly trying to upsell. No respect for the user. Asides from that, the app is pretty useless and the majority of the UI gets in your way. A $20 smart watch does a better job of monitoring your vitals & sleep.",5.455.0
Whoop,google_play,us,6b178c55-1d49-4776-8413-7308eb344911,2026-07-03 12:03:54+00:00,5,,This little device is more helpful than I thought it would be. It is convenient to wear no matter what I am doing. The only thing that I wish it had not told me is how negatively a few drinks impact my wellbeing.,5.458.0
Whoop,google_play,us,a59cf9cc-6f4f-4eba-b891-561b4847f4a5,2026-07-03 00:03:01+00:00,4,,"I recieved my Whoop as a birthday gift from my wife. I am almost a week in on wearing it and so far it appears to be working great. I went from a Samsung Ultra watch to this and hope it tracks better than the watch. Hopefully, one day, it can fully integrate with Samsung Health.",5.458.0
Whoop,google_play,us,2e9f6843-3d7d-4e34-aaed-e1376d4a6184,2026-07-02 20:35:19+00:00,1,,Definitely not worth the money. Waiting for 1 month before subscription is finished so I can send it back. Using nightmare UPS,5.457.0
Whoop,google_play,us,b06396a6-5cd3-4eee-8d25-ba1cbbb7065f,2026-07-01 20:22:37+00:00,3,,useless unless your an athlete 😅,5.457.0
Whoop,google_play,us,2de32e67-826f-4834-a180-b8c3e9ae43ba,2026-06-30 19:07:44+00:00,1,,I had been wanting a whoop band for a while and finally got one since they were on sale for the life one which is the one I wanted. I used mine for only a few hours and returned it to Amazon. the app is absolutely terrible. no heart rate on the main screen and it was so concerned with my bedtime I thought I was 6 years old again and there is no way to remove the sleep tile from the home screen. The app has zero customization. It just showed a bunch of stuff I didn't care about.,
Whoop,google_play,us,202b49dc-4965-4c32-9b8d-6a2eb8c286b9,2026-06-29 19:36:25+00:00,1,,"The workout tracker is not very intuitive. Also why do I have to start, stop, start, stop im between each set 🙄",5.457.0
Whoop,google_play,us,8534a186-8931-4076-87e1-6c06b28dfa3c,2026-06-29 16:16:47+00:00,1,,"The whoop never picks up on any naps I take, whereas my fitbit would pick up on a 30 minute nap everytime. I got this for free with my chase card, and even for free it sucks, cant justify how anyone is paying $30 a month for this. The data is pretty self explanatory. Bad night of sleep = low recovery score. Dont need a graph to show me that I'm tired after a poor night of sleep.",5.458.0
Whoop,google_play,us,f4ace7b9-8404-474d-be30-19a8fcaf54c2,2026-06-29 12:57:00+00:00,4,,still trying to understand all the capabilities and maneuver around the app,5.457.0
Whoop,google_play,us,bdefedcd-388b-408b-8446-84a666206555,2026-06-29 05:53:11+00:00,2,,need more widget options and live updates for Android.,5.457.0
Whoop,google_play,us,bbdd4ad1-6ffa-431b-a166-6b929c4a2b52,2026-06-29 03:47:56+00:00,1,,poor service,5.457.0
Whoop,google_play,us,ed978656-7dc0-4d38-b30a-55c35c410de3,2026-06-28 17:43:05+00:00,5,,Very nice,5.457.0
Whoop,google_play,us,b9621af6-291b-4159-8519-97259c0281cd,2026-06-28 15:19:03+00:00,1,,nah,
Whoop,google_play,us,ff9da5ad-2cba-4278-9b58-ef41cbb32a0a,2026-06-28 10:10:16+00:00,1,,after the last update it has stopped reviewing my sleep and recovery and didn't even update my lifespan. this definitely needs to be fixed,5.457.0
Whoop,google_play,us,f833b63d-68f4-4283-afea-61beb2c62d49,2026-06-28 03:58:03+00:00,4,,good,5.456.0
Whoop,google_play,us,1e5ff0e7-7d97-4f0e-81ed-5b2464e2289c,2026-06-27 18:50:41+00:00,4,,very good app for using your biometric data and journaling to get advice on how to improve your health!,5.457.0
Whoop,google_play,us,aba15f09-1fcd-4470-af17-ebce036fdd18,2026-06-27 13:00:40+00:00,5,,Absolutely love it,5.457.0
Whoop,google_play,us,8a288f1a-a7c2-4137-9af0-140346b28edd,2026-06-27 10:16:46+00:00,5,,"great AI insights, easy tracking of habits, responsive app, very informative",5.457.0
Whoop,google_play,us,e09fe7f3-e965-47f6-a3b1-cb3430d0d43c,2026-06-27 02:12:46+00:00,4,,I like the Data. sometimes the Data collection can be abehrrent but typically spot in for trends. wish subscription tiered down (ie less as time goes on until nothing. would be a good model as competitors are coming),5.457.0
Whoop,google_play,us,dd713ba3-f429-4b56-a746-85d8ee7b4e67,2026-06-26 16:30:49+00:00,1,,the worst Member ship services,
Whoop,google_play,us,1f320a54-80eb-4d24-a2ea-27f508dbfcd8,2026-06-26 15:08:18+00:00,2,,The layout of information is confusing. UX team needs to work with Epi team to discuss how to display health data so it is easier to interpret for users,5.457.0
Whoop,google_play,us,b72538ce-ba27-4963-84e2-f32e63e66757,2026-06-26 10:25:24+00:00,5,,I love it and it helps with my training a lot,5.457.0
Whoop,google_play,us,5fa86c47-b3c1-445a-abf5-e221ba400a7e,2026-06-25 21:49:50+00:00,1,,"Took another years subscription from my bank account without any prior notification. And, just did a recommended update and it's now not working correctly FFS!!!",5.456.0
Whoop,google_play,us,aa9282c7-8c77-4235-bb3b-df6bd98f3b33,2026-06-25 19:49:48+00:00,5,,Absolutely love my whoop. Very informative and intuitive. I have used several fitness trackers and this is by far the best.,5.456.0
Whoop,google_play,us,1edfe71a-0a41-4ca2-a070-238184aaaa8d,2026-06-25 09:07:09+00:00,4,,"good battery life, experience is based on the subscription tier",5.456.0
Whoop,google_play,us,1eebb76b-d4d3-44b1-9a98-d678a74f9ccd,2026-06-24 14:36:12+00:00,4,,"The data depth is strong, but the UI is cumbersome with no way to personalize your view — surfacing what matters and hiding what doesn't. Product ads (clothing, hardware upgrades, bands) appear throughout the app, and the push toward their proprietary labs feature overshadows what would be more useful: importing or syncing physician-prescribed lab results.",5.456.0
Whoop,google_play,us,856e9582-cb9c-444e-8668-e54943ea7f89,2026-06-24 04:45:09+00:00,1,,inaccurate,5.456.0
Whoop,google_play,us,4a6774b9-f4a6-4caf-9191-a5d23e33ccc4,2026-06-24 04:43:49+00:00,3,,Journal UI/UX and strength trainer must be better at a product of this price. The current way is too manual and clunky. Also some exercises dont have pictures???,5.456.0
Whoop,google_play,us,e26bb8d6-7258-4c6f-bbcf-6031edbc7457,2026-06-24 02:06:28+00:00,1,,"After a year, I decided that I would like to cancel my membership. However, there is nowhere in the app that allows you to do that. I have repeatedly looked at directions and tried following instructions on their website, and there is no option within the app to cancel. This is very disappointing that it is so hard despite there being multiple directions that say that this is possible.",5.456.0
Whoop,google_play,us,e63c70a1-195a-4dbf-b1cb-098a339e6f80,2026-06-23 03:42:43+00:00,5,,amazing tool to keep you on your toes and fitness,5.456.0
Whoop,google_play,us,c7a4167c-31b3-490d-a6bc-2cd6b8f1bae7,2026-06-22 15:41:28+00:00,1,,"since the last update is making issues, it didn't log sleep after a full night, also I by mistake discarded my workout in the middle and it lost the entire workout",5.456.0
Whoop,google_play,us,9bfc1433-7334-40bf-8b10-31f36e64dbd9,2026-06-22 12:38:34+00:00,5,,I absolutely love the device. that's exactly what I need. I have ordered me the armband as that will work a lot more sufficient as I am dextrocardia. I'm very happy can I chose this device over anything else out there,5.456.0
Whoop,google_play,us,36c05d1d-fc89-4809-b20b-48330638d8d5,2026-06-21 14:07:33+00:00,1,,the steps are so inaccurate,5.456.0
Whoop,google_play,us,412e13a1-b8d6-4702-8962-41d20d9a4d7a,2026-06-21 12:53:01+00:00,1,,"Two years a loyal WHOOP user, loved it. But honestly, after all this time: it's useless if you don't sleep in one block. Nap or wake to drink water, and it chops your night into ""naps,"" crashing your sleep score and your recovery score with it. Body says fully recharged; app says red. Support has no fix for multiphase sleepers. Unless you sleep like a machine, the data will mislead you",5.456.0
Whoop,google_play,us,fb67c45d-3eb1-4217-a3fb-a8cdafbdaa40,2026-06-20 15:21:20+00:00,5,,Awesome app! Very thoughtfully made and focuses on most relevant metrics. Kudos to the Whoop team.,5.456.0
Whoop,google_play,us,f9a13c6c-4925-4cce-84aa-2a9234f68277,2026-06-20 13:52:25+00:00,5,,Love it,5.456.0
Whoop,google_play,us,c9a79d1e-916a-4d7c-98ee-6563effaee2c,2026-06-20 10:50:41+00:00,5,,"WHOOP has been one of the best investments I've ever made in my health. It's not cheap, but the value it provides far exceeds the cost. The insights on sleep, recovery, stress, and overall wellness help you make better decisions every day. You don't need to be an athlete to benefit from it. If you care about your physical and mental well-being, WHOOP is a powerful tool that helps you understand your body and live a healthier, more balanced life.",5.455.0
Whoop,google_play,us,cbd9b91e-d671-41d8-927c-36e728f781a7,2026-06-20 03:34:37+00:00,3,,my whoop app is not opening,5.456.0
Whoop,google_play,us,cd8c772f-bb7e-4389-bd12-54abfede2c48,2026-06-19 15:02:09+00:00,1,,"Defective Clasp, Poor Warranty Support. New WHOOP member and very disappointed. The clasp/retention mechanism on my device failed during normal wear at an airport, causing the sensor to detach and become lost. I contacted WHOOP and explained that this was caused by defective hardware, not misuse or carelessness, but they refused to replace it and treated it as a simple lost item. For a premium subscription product, the warranty and customer support experience has been extremely disappointing.",5.456.0
Whoop,google_play,us,84235a5a-ac6d-4b79-ade7-2266658ca587,2026-06-19 02:42:32+00:00,5,,"this app is very help full for tracking your health , and you need to buy 28,000 per year subscription",5.455.0
Whoop,google_play,us,d1a930b5-6db7-44c5-b52f-55eb32e06032,2026-06-18 13:39:14+00:00,4,,"Over-reliant on HRV which is, to a large extent, genetic. I also found the app a little pushy, moving the stress needle in the wrong direction.",5.408.0
Whoop,google_play,us,a0734d6f-cf4e-461e-9b77-45fc3c9a2e82,2026-06-18 11:29:35+00:00,5,,amazing device,5.455.0
Whoop,google_play,us,127cc223-afc3-437d-8175-bcc008c714d6,2026-06-18 04:20:31+00:00,4,,"Good, but room to improve. A cleaner more fresh look could help.",5.456.0
Whoop,google_play,us,d8dbcc6c-3acf-4386-af6c-c5da2f4fd30b,2026-06-17 11:31:42+00:00,5,,"Great numbers, doesn't track my steps accurately all the time. I have to put in my exercise or it mistakes movement. One 6 said I was Kiyaking, and I was sitting at work.",5.455.0
Whoop,google_play,us,de0c14d7-66a5-4400-8b0a-926575e261e1,2026-06-17 04:53:52+00:00,4,,whoop needs fasting feature as well. where i log fasting.,5.455.0
Whoop,google_play,us,8f837576-2187-473e-81d0-3452d4edbe60,2026-06-17 03:49:45+00:00,5,,great device. I recommend,5.455.0
Whoop,google_play,us,57a8f02e-da1d-41eb-8a6c-725081e3f468,2026-06-15 21:09:27+00:00,5,,Use it daily... love it. I find the whoop system is pretty accurate at tracking my health and recovery stats,5.451.0
Whoop,google_play,us,e0cb0186-12cd-4b82-a018-b322f3eb4973,2026-06-15 14:55:04+00:00,4,,ok se,5.454.0
Whoop,google_play,us,38a6c5ae-0ade-4e93-9549-1815f209fb77,2026-06-15 01:38:26+00:00,5,,wroth buying a whoop band,5.455.0
Whoop,google_play,us,9a603c48-244c-4c5b-9605-0e2c3d6071be,2026-06-14 21:21:20+00:00,1,,2FA imposed on me as if this was my bank account. Been kicked out of my account and cannot use it or enter in anyway EVEN WHEN TRYING TO FOLLOW THE STEPS FOR 2FA. Terrible service. And no api connevtivity with anything anyway. Expensive and now useless. Looking for better / reliable alternatives on the market,5.455.0
Whoop,google_play,us,c98c5dea-97f0-4137-9a3a-407d261c5ef6,2026-06-14 19:51:41+00:00,4,,"I really like it, but need to get better at inputting data.",5.455.0
Whoop,google_play,us,e59581fb-dfb5-4277-bff4-b1f181bfe0fb,2026-06-14 04:30:43+00:00,4,,Used 30 days About general our health is useful. okay let's see.,5.454.0
Whoop,google_play,us,a33149cf-b52b-4a41-a28a-0ec6ad80696d,2026-06-14 01:50:38+00:00,4,,good One,5.455.0
Whoop,google_play,us,f68f0dc2-a0e4-4a58-aae2-c32f84262448,2026-06-13 20:04:11+00:00,4,,"I appreciate the concept of this product. However, the price point seems a bit high. Personally, I've found mine helpful for my weight loss journey. However, some aspects can be overly complex and overwhelming. I've been using this for over a month and feel there's still a lot to learn, especially considering the various add-ons. Some aspects that could improve the value proposition given the cost include simplifying data, addressing glitches and bugs, needs tutorial and enhancing integration.",5.454.0
Whoop,google_play,us,f1576bb1-d535-4403-a2fe-403262f4fd1e,2026-06-13 11:50:54+00:00,5,,honestly... love it❤️,5.455.0
Whoop,google_play,us,1dbe7553-57c0-4d61-bfac-86b2773071f1,2026-06-13 05:55:06+00:00,3,,Does not work well with Android,5.454.0
Whoop,google_play,us,ef5f2303-2ce9-44ac-aa8a-9112d7b4af2d,2026-06-12 20:14:02+00:00,5,,game changer,5.455.0
Whoop,google_play,us,3c662c92-f654-495d-a788-556b00417b7f,2026-06-12 11:40:50+00:00,1,,"Ask for a review, get 1 star",5.455.0
Whoop,google_play,us,f66fb0d2-9f6c-4cd8-9703-fc4fce082268,2026-06-12 10:49:05+00:00,5,,I wish I could add my own parameters to the journal,5.454.0
Whoop,google_play,us,1d02dc43-48dc-47c6-be79-1c28ff313fa2,2026-06-12 05:26:58+00:00,1,,"Stay away. App always have problems, crashes all the time get stuck ,don't detect sleep and now I can't even use the app at all its fully stuck and waiting for customer support but nothing. Don't waste you money here go and buy Fitbit air or any Garmin. Once my yearly subscription is over I will not be renewing. I really regretted using whoop.",5.455.0
Whoop,google_play,us,31911b4f-520f-4f29-ba5d-13ef131d7dc6,2026-06-12 02:05:26+00:00,1,,"I've been using this device for over a year, and the same issues have existed since day one. Data is frequently missing, sleep and recovery metrics often fail to register, and syncing is unreliable. For a product that requires an expensive membership, I expected far better performance. The constant technical problems make the data difficult to trust, and after a year of frustration, I don't believe this device offers good value for the price.",5.454.0
Whoop,google_play,us,bfddf00f-4541-4479-9a3e-13d9f292cade,2026-06-12 00:48:55+00:00,3,,The cost is too high for my needs!!,5.454.0
Whoop,google_play,us,53f1424d-0046-4682-8a95-cc691da3667a,2026-06-11 18:47:18+00:00,1,,"glitchy app, often fails to register activities or process manually tracked sleep at all (leading to no recovery or sleep score). rebooting, force closing, Bluetooth toggling, un/reinstallation all fail. shameful price and a model that holds the user hostage",5.455.0
Whoop,google_play,us,7be74300-1dab-4e49-ad08-28a81de0c98f,2026-06-11 06:03:30+00:00,1,,"Deceptive business practices and atrocious customer service - I had paused my membership as I wasn't sure if I wanted to continue using it. I decided I did not want to reactivate the membership, and was told you must reactivate the membership (AND PAY FOR ANOTHER MONTH) in order to cancel. Whoop customer service has refused to issue a refund.",5.430.0
Whoop,google_play,us,1417f0ac-4e63-4fcc-b5a4-38e954029702,2026-06-11 05:55:22+00:00,4,,"nice way of tracking, but not for me. Too many connection issues with whoop 4.",5.454.0
Whoop,google_play,us,c89733ea-8499-4f11-bffe-1709581de49b,2026-06-11 01:00:57+00:00,2,,app is pretty basic and super expensive. customer service is horrible. the AI in the app is pretty bad.,5.454.0
Whoop,google_play,us,c666f3f5-7d51-4f03-9a35-5f875c88d9ca,2026-06-10 05:30:12+00:00,5,,The recent AI coach upgrade is excellent,5.454.0
Whoop,google_play,us,bcf2de83-4ada-48da-b4ca-26ecf5029227,2026-06-09 11:26:45+00:00,4,,very nice please give me Beta version,5.454.0
Whoop,google_play,us,ec6037b9-c5fc-4fd5-917e-f8fc2a0943f4,2026-06-09 00:25:45+00:00,5,,"I am exploring WHOOP each day. Super Technological device, I can say a magical device. Thanks for being with me 24×7 & monitoring me like no one can.",5.454.0
Whoop,google_play,us,39cbf65b-ad8e-4696-9045-37f8aa93af86,2026-06-08 19:20:58+00:00,1,,Whoop itself is great for tracking data. The community chats rarely work on Android. This needs to be fixed it is a real shame that it has been not working for months and months. Once that major issue has been resolved I will update my review.,5.454.0
Whoop,google_play,us,eb4345eb-6934-4c96-aa7b-59cf99faebef,2026-06-06 16:51:07+00:00,4,,tmi,5.454.0
Whoop,google_play,us,21454ea6-eb31-4e07-8c2e-b9b305bfebbc,2026-06-06 13:56:42+00:00,1,,"chat not working!!!! edit, still not working after 1 month. I can't talk to community friends on Android ....",5.454.0
Whoop,google_play,us,fd0e540a-6182-44b8-9402-e985ddbb4f9f,2026-06-06 12:01:02+00:00,3,,steps are wildly inaccurate with no way to disable them and it's negatively affecting my healthspan,5.454.0
Whoop,google_play,us,536fe5bd-6d32-4678-a0f5-8505131281c8,2026-06-05 20:43:22+00:00,1,,"This app drained my battery like crazy. I never experienced anything like this before. My phone was always warm/hot. Charging took ages. The moment I disabled the app, my phone cooled down and returned to normal. I ended up returning my WHOOP. It wasn't worth killing my phones battery for it.",5.453.0
Whoop,google_play,us,86975f15-bda3-4dab-91bd-f232e134a168,2026-06-05 06:05:42+00:00,1,,"Would be 5 stars if I could just opt out of having that horrible AI on every single page analyzing. To start off, The AI (Coach) has memory settings turned on by default, and never asked to opt in or out of the experience. I found a mile long list of so called memories that are being harvested by Whoop and their coach AI. Additionally, the AI just isn't good. It likes to blame a lot of its mistakes on ""noise"", Honestly, love whoop data and granularity and have been hyping it up and justifying",5.453.0
Whoop,google_play,us,c63fd1ff-4168-465d-b721-590efcc6c9e0,2026-06-05 01:32:02+00:00,5,,interesting to know how your body works in numbers.,5.453.0
Whoop,google_play,us,39fc8099-f680-4978-999e-781261d6ad2b,2026-06-05 01:25:12+00:00,3,,"The idea is great, the implementation is mediocre. The app itself is bugged and unfinished. The data is questionable.",5.454.0
Whoop,google_play,us,7c8a4499-3d14-433d-a8ce-169c57079698,2026-06-05 00:25:40+00:00,5,,so helpful to stay healthy and fit. I use the coaching every day.,5.454.0
Whoop,google_play,us,ed8ee9c1-a673-4c30-8bac-bb96c6210901,2026-06-04 19:43:35+00:00,5,,"Clean easy to follow and understand app, features are excellent and the AI coach is superb this is a must have honestly. At first the payment to own your info was off putting but honestly after going through it all I must say this is certainly worth investing in and most of the time if you pay for a watch it's the same thing anyways in price if not cheaper and way more reliable for fitness.",5.454.0
Whoop,google_play,us,3f51e567-ffb6-4ffe-b3b4-1ff0e4c0d3f8,2026-06-04 15:54:52+00:00,1,,"useless customer service, and bad service for extending memberships. For the new users you can get a free band, charger and the sensor. But if you gave the trial bracelet back, and got a membership - you need to buy everything new including the sensor! which you cannot buy in thw shop and AI service is useless. what is the point? I already starting to regret my decision to go ahead in the first place",5.453.0
Whoop,google_play,us,0a633c21-fae4-441d-b4b5-e43b8bfe5bff,2026-06-04 11:34:09+00:00,5,,I get a much better understand of my recovery from the day before and how hard I should push my workouts and routine for the day.,5.453.0
Whoop,google_play,us,c3f4ce81-d258-4d22-9007-0687363f22b6,2026-06-03 23:48:10+00:00,1,,"Gives you a ""free"" trial that converts I to a subscription without telling the price upfront. The only visible price is ""0€"". Also the ""explore the app"" option doesn't let you explore the app but tries to funnel you into an annual subscription without telling the user the price.",5.454.0
Whoop,google_play,us,98eec1fc-4cf7-4c89-8035-debd7e226ace,2026-06-03 12:13:32+00:00,5,,Awesome!!!!,5.453.0
Whoop,google_play,us,c6a819f5-571a-47d6-be09-1506e082a190,2026-06-03 04:50:39+00:00,5,,Brilliant app,5.453.0
Whoop,google_play,us,f417aff8-c086-4f76-830a-b0e7e1658733,2026-06-03 03:53:45+00:00,5,,Great App,5.453.0
Whoop,google_play,us,7eb4020b-bcde-4ead-b23d-83c427fefc6e,2026-06-02 23:51:15+00:00,1,,Not recommended,5.453.0
Whoop,google_play,us,7fbc6e8d-4beb-4077-aeab-8aecfedf741b,2026-06-02 21:03:22+00:00,5,,"I love my whoop! 3 years and two models later, I have no plans of parting ways with my Whoop anytime soon. The continued upgrades and updates make the subscription worth it!",5.453.0
Whoop,google_play,us,6f36ccb3-066b-4e43-a5dc-b22f5e3ad974,2026-06-02 11:35:52+00:00,5,,amazing product...,5.453.0
Whoop,google_play,us,039a86e5-41cf-4c94-bd2b-1d4bad82b5a6,2026-06-02 10:36:25+00:00,1,,Had the device for 50+ days .. the latest update is full of bugs. says it has synced then shows me no stats and keeps merging days on my activity log can't seem to reset it and there's no place to notify the company of these issues so I have to resort to giving a bad review. $400 buyers remorse,5.453.0
Whoop,google_play,us,7b5302cb-7d38-4c99-b890-5e856955f150,2026-06-02 10:04:39+00:00,1,,it interrupted me in the middle of using it to ask me to rate it,5.453.0
Whoop,google_play,us,047fb682-d7c7-4461-8010-dae0fa00d2a4,2026-06-02 09:05:21+00:00,1,,"1 Star because a simple system notification was enough to reactivate my subscription, no prompt if I'm sure, just touched the notification, app opened, resubscribed. What kind of awful user respect is that? To unsubscribe I have to login on their website, say multiple time no, fill out a survey. This is typical evil corp behaviour. Overall interesting product, way to expensive and ui/ux is hard to get.",5.453.0
Whoop,google_play,us,e2640443-1d2d-4603-a4c0-fff408772363,2026-06-02 07:38:26+00:00,1,,"unfortunately, data not accurate enough and UI is very buggy sometimes. Automatic activity tracking is very inaccurate too but the stress monitor is nice though",5.453.0
Whoop,google_play,us,58f87bbd-fade-43a2-9595-3fd4cfb3f0ed,2026-06-02 06:04:01+00:00,5,,"love it very helpful to track sleep,steps and health",5.453.0
Whoop,google_play,us,21c42746-97bd-47e5-ad52-d48a6c71e1b6,2026-06-01 22:59:49+00:00,2,,Mixed experience for an expensive subscription. The stats have been great. The heart rate monitoring is unreliable which makes me question said stats. Today was prime example. During my row the monitor read ~100bps. I paused midway and cleaned the sensor and my wrist. Continued rowing. Minimal change. I was pushing so hard I nearly threw up,
Whoop,google_play,us,e93e42b2-a708-4829-ac8b-6f4230019a9d,2026-06-01 20:08:27+00:00,5,,Life changing product. Top quality and keeps getting better!!,5.453.0
Whoop,google_play,us,10b12d2a-87ba-4852-9146-3c3aed580da2,2026-06-01 14:40:29+00:00,3,,"Sleep and step syncing is perpetually delayed despite all troubleshooting. It's spotty enough that all my data is off and my whoop age is +2 yrs. Samsung health and Google fit only logged 1100 of the 26000 steps from Saturday. It's thrown off my carb and calorie tracker. I don't need to the net gains/losses days after I drop out of ketosis. Also, the app looks like it was organized by a hoarder with untreated Schizophrenia and ADHD. Convoluted, disorganized, and random. Make it allcustomizable!",5.453.0
Whoop,google_play,us,f08fbfb4-0754-4f82-b67d-63dcfb4a4e54,2026-06-01 03:37:58+00:00,5,,best,5.453.0
Whoop,google_play,us,4c98e445-097a-4312-bf5b-60ef2620ae66,2026-06-01 01:33:03+00:00,5,,ultimate product,5.453.0
Whoop,google_play,us,7e5c2969-a41e-4b87-ad2c-9ff701e00c2a,2026-05-31 05:06:54+00:00,1,,what a joke. whoop stopped working. took weeks before support agreed to replace. then they ghosted and aren't responding and never replaced .,5.453.0
Whoop,google_play,us,f8fafe72-5ae2-40a6-84b4-d7cec1900ace,2026-05-31 05:01:58+00:00,5,,amazing,5.453.0
Whoop,google_play,us,1342711b-4cd2-4b04-949f-e19fc8fbce03,2026-05-31 03:35:30+00:00,5,,"As of now,it's one of the best devices in the market. Would recommend adding the paste tracking tier.",5.453.0
Whoop,google_play,us,3fc4c30f-1fb4-44a2-9cc4-c881e7f9d6c2,2026-05-31 00:46:46+00:00,1,,"really bad app, it is a copy of bevel but worse",5.453.0
Whoop,google_play,us,05f7138e-4818-4e51-a9f3-993d382298e6,2026-05-30 06:39:00+00:00,5,,"Great app. It's like having a health coach by your side, guiding you with the most accurate and up-to-date information.",5.453.0
Whoop,google_play,us,95b09ae5-9317-43e8-b1c1-3348261cff27,2026-05-30 00:31:54+00:00,5,,very nice Rxpriance,5.452.0
Whoop,google_play,us,dd983773-b9c0-416e-ab7b-17bb0c8ec2a7,2026-05-29 16:21:09+00:00,1,,"Disappointed with Whoop device/app, it is really frustrating to note that whoop device doesn't have any critical health(hydration or inactivity, stress etc) reminders/alerts which any basic fitness band would have!! And the worst part, they charge you a costly yearly membership as much as the cost of the device every year for the analytics generated using subscribers' data unlike Apple or Samsung smart watches!!!",5.452.0
Whoop,google_play,us,55969056-973e-4557-8e7d-7c38b108d88e,2026-05-29 13:21:52+00:00,5,,"Very powerful and helpful ap. LOTS of good data and information. There are plenty of numbers to set goals to, play with and dial in. One pleasant surprise is the AI coach. I ABHOR AI. I cannot stand the fake, empty words of a soulless, mindless robot telling me things I already know. Whoop is not like that at all. I ask it questions and it responds quickly and intelligently. Major props to the software nerds who made this ap. It is helpful and very smart.",5.452.0
Whoop,google_play,us,4a79983b-faac-467c-b761-3ec56999222c,2026-05-29 11:18:56+00:00,5,,"LOVE the whoop band and app! reliable, informative and innovative. the AI integration is so genius and helpful giving me personalized insights daily!",5.452.0
Whoop,google_play,us,f3d1754c-d7cf-4804-8b8d-3e6ab306c6ba,2026-05-29 05:38:07+00:00,5,,"For someone who is over 50 and not really looked after themselves from a fitness point of view, this app is fantastic at providing the support needed to address this and provide me with a better healthier approach to life and appreciating the little wins whilst working on the bigger picture.",5.452.0
Whoop,google_play,us,0aa58193-e39f-4ccb-9438-4894811f0a7e,2026-05-29 05:11:21+00:00,1,,Lots of users post problems when pairing the app with a new device. super frustrating,5.452.0
Whoop,google_play,us,0fc35fb4-0e73-4d7f-978a-2ebe26d018ba,2026-05-28 18:56:44+00:00,5,,Dog Walk,5.452.0
Whoop,google_play,us,537893c4-9b25-44aa-b1d2-2899034df22a,2026-05-28 16:06:46+00:00,5,,love it!,5.452.0
Whoop,google_play,us,d7a4665e-67fe-4237-ad99-f1ecf88127cb,2026-05-28 14:25:05+00:00,5,,Whoop super devises tracker good working fhuvb,5.452.0
Whoop,google_play,us,7e165d8d-dc27-4247-ace3-9b3055b0c552,2026-05-28 10:11:34+00:00,5,,I find no specific wearable device perfect but whoop gives me the best information on sleep and how it affects aging etc.,5.452.0
Whoop,google_play,us,c22a8fe2-ebca-45b0-ab44-74fbea47f8b1,2026-05-28 05:20:15+00:00,5,,Works perfectly.,5.452.0
Whoop,google_play,us,8c1acc32-33f1-4272-ad52-68d69bd558a0,2026-05-27 23:10:22+00:00,5,,best tracker available awesome!,5.452.0
Whoop,google_play,us,130831b1-37df-4646-97ed-1e1efc272a39,2026-05-27 13:43:24+00:00,5,,Not perfect but they're noticeably evolving,5.452.0
Whoop,google_play,us,ed571bf1-1521-42e7-9892-81a6d17b7c28,2026-05-26 23:28:24+00:00,1,,"Google Fitbit Air.... Whoop, there it is!!!!! No more stupid and greedy subscriptions at $200 a year for me!!!!! Goodbye Woop... 🙌",
Whoop,google_play,us,574ae065-3de5-4b63-a914-d33704b8fcba,2026-05-26 23:14:01+00:00,1,,"very disappointed with band keeps coming off, accuracy of readings and information display, compared to Garmin which is free.",5.452.0
Whoop,google_play,us,ef2958b9-878a-460f-81a4-969f67093627,2026-05-26 08:40:52+00:00,5,,"I'm going to give this five stars because it's helped my father to get in shape in ways that no doctor or therapist could for a decade. I myself, because I can see the gap between where whoop is and what the potential is, I would give it five just to motivate the team to work harder, smarter. This time could be the next big thing. I don't mean just in technology or lifestyle categories. I mean overall. Being spiritual guide and working my whole life in Tech, I really believe in this.",5.452.0
Whoop,google_play,us,0f3d78de-011e-4386-84c5-467e5eb35250,2026-05-26 02:15:31+00:00,5,,best fitness app with highest accuracy,5.452.0
Whoop,google_play,us,cd0da864-f634-4a29-935b-99c99e8e2b89,2026-05-25 22:27:38+00:00,1,,The Google Health app is a catastrophe. So I was EASILY a buyer. But your deceptive advertising led me to believe monthly payments would be a certain price only to discover they are much higher because you charge interest that you don't disclose until the checkout process. And it's not even the money. It just tells me what to expect dealing with you over the long run. I'm out before I was ever in.,5.452.0
Whoop,google_play,us,5585597f-bccd-481b-aa7f-5fceeef549b8,2026-05-25 15:17:21+00:00,5,,the best health indicators and ai terrific,5.452.0
Whoop,google_play,us,1c203447-f501-4f9c-88bd-7da1e99100cd,2026-05-25 12:30:16+00:00,5,,Perfect overall fitness tracker!,5.452.0
Whoop,google_play,us,0d446ca5-35b3-4ee8-8781-75deac004eee,2026-05-25 11:09:22+00:00,1,,overall disappointing value and not something I recommend based on my experience,
Whoop,google_play,us,138ba80f-1d20-4d2a-8c94-4a17580acf1c,2026-05-25 05:37:57+00:00,3,,it's very insightful application but accuracy is big issue,5.452.0
Whoop,google_play,us,fc6cbe58-854d-400d-a143-af2874ce7fe9,2026-05-25 04:30:09+00:00,1,,"Terrible support. My WHOOP 5.0 sensor broke (bands won't lock). I’ve dealt with 8 different agents in a week because nobody reads the ticket history. One agent finally approved my warranty replacement and took my shipping address. The next day, a new agent ignored the approval and asked for a troubleshooting video for the 5th time! Zero internal communication and they refuse to honor their own confirmed resolutions. A premium subscription deserves better",5.452.0
Whoop,google_play,us,bdb48d6d-8f3b-436f-b1a2-27c17dc3c87a,2026-05-24 13:55:24+00:00,5,,Great way to hold yourself accountable and level up your health.,5.452.0
Whoop,google_play,us,96e8c07a-cf86-4ab7-a483-c10b7e786220,2026-05-24 12:08:18+00:00,5,,love it! my health coach companion,5.449.0
Whoop,google_play,us,706e1992-1196-48d6-b3b3-2dcc37501d2c,2026-05-24 09:42:32+00:00,1,,customer service is terrible! when the device has issues collecting data and it will occasionally. they reply is you wear it wrong. according to whoop in the 3 years ive had the service i wear my device incorrectly randomly causing it to not work for days. the product is overpriced for a company that does zero to fix issues on their end. Id give the device when working a 5 star whoops customer service is so bad id like to give it negative stars.,5.452.0
Whoop,google_play,us,a50f7eb5-39ad-4a9d-9ba9-df2442471c2d,2026-05-24 01:05:12+00:00,5,,Best Device... Great Support System for all..,5.452.0
Whoop,google_play,us,238b2ab7-cd56-48d0-8941-37663343b0eb,2026-05-24 00:39:36+00:00,5,,absolutely a fan of this app,5.452.0
Whoop,google_play,us,80ce13e7-b9ed-4f24-8e52-a918d147a4a4,2026-05-23 21:27:14+00:00,5,,excellent,5.452.0
Whoop,google_play,us,d73b5f68-fabf-47d7-9505-a94874093ce6,2026-05-23 19:02:24+00:00,5,,great device lots of features to keep you on track,5.452.0
Whoop,google_play,us,19fc8b61-4565-4296-9fed-100eb8f343e8,2026-05-23 13:47:22+00:00,5,,Really good app just way too expensive,5.451.0
Whoop,google_play,us,3a7dabc7-3f46-43a1-a708-8499c11e097d,2026-05-23 12:26:25+00:00,5,,I enjoy using the Whoop app. It provides a lot of detail in a good format.,5.452.0
Whoop,google_play,us,6897fb8a-76ef-4665-8cc4-299704eca3ce,2026-05-23 12:05:31+00:00,1,,"customer support really really bad, my device is showing inaccurate reading, all numbers are wrong! whoop support doesn't care, ignoring me totally giving unacceptable solutions! they refused to change the device! and refused to refund my subscription! unfortunately whoop now is only money driving, they show you how supportive they are one you do the purchase everything is changed after! they are not like how they use to be!",5.452.0
Whoop,google_play,us,359761bf-d2ec-43e4-b8a5-86c8c513d270,2026-05-23 01:36:25+00:00,5,,good,5.451.0
Whoop,google_play,us,be161492-0ce8-429b-8813-1a4fe0851567,2026-05-22 15:03:53+00:00,2,,"Great wearable if you can stand the app! It no joke to say that Whoop changed my life for the healthier. I get better sleep, I drink less, and I would get even more out of it if I didn't hate using the app on a regular basis. There are several major usability concerns that have yet to be fixed. Orientation Detection: the app loves to flip you sideways into the detailed heart rate view, expect when you're trying to use it. Time entry is slow and error prone. Journal is not suited to touchscreen.",5.452.0
Whoop,google_play,us,54cf81ad-09a8-46cb-a22f-dde2dce20b9b,2026-05-22 14:55:36+00:00,4,,Great for the most part but sometimes the device disconnects without any warning,5.451.0
Whoop,google_play,us,76bb91ea-7b3f-4ec8-a926-7cca790a2a9d,2026-05-22 08:21:04+00:00,3,,Helpful insights but I had an issue after I gifted my old whoop which damaged the brand for me as they didn't resolve it,5.451.0
Whoop,google_play,us,166d1943-6fc3-458b-a589-afa55d8d25d3,2026-05-22 02:25:45+00:00,5,,"good app, smart AI",5.451.0
Whoop,google_play,us,ba405f04-9cb7-4984-8f1f-4281d405ab59,2026-05-22 01:14:35+00:00,1,,Glitches a lot and doesn't work correctly and accurately. Whoop need to investigate the app.,5.451.0
Whoop,google_play,us,df47e0f7-5e9b-44a5-9afd-f38293e2eedc,2026-05-21 09:33:59+00:00,5,,"love my whoop 5.0! has helped me see the impacts my day to day habits have on health, highly recommend!",5.451.0
Whoop,google_play,us,382f7c10-1ff0-48d4-a621-86215c35223b,2026-05-21 03:28:03+00:00,5,,great app,5.451.0
Whoop,google_play,us,0eba7c68-8f8f-40e7-97fa-caaa9fabef0c,2026-05-20 19:10:45+00:00,4,,"The app will say my strap is disconnected after a work out, when it wasn't. and sometimes the app will close and open again before I can pause and stop to log a work out. Over all it is solid with all other biometrics.",5.451.0
Whoop,google_play,us,6dcad8bd-20f5-4b79-8882-652007698f28,2026-05-20 18:47:20+00:00,1,,"Very inaccurate data. Horrible customer service with behavior similar to internet trolls. Learn from my mistake and either spend a bit more money and go with Garmin or save money and go with one of the competitors like Hume, Google Fitbit, etc etc.",5.451.0
Whoop,google_play,us,a76fc565-2380-4e5d-a89c-9ac9e3a41c43,2026-05-20 13:36:27+00:00,3,,meh,5.451.0
Whoop,google_play,us,a64eb99a-ab25-49e8-992e-9983454f51a8,2026-05-19 18:41:56+00:00,2,,this app is great but overtime it doesnt automatically log my gym session as it used to. this throws all the data out,5.451.0
Whoop,google_play,us,d046daeb-8851-4a68-b4cc-14584500572b,2026-05-19 16:48:17+00:00,5,,Great way to track your over all health,5.451.0
Whoop,google_play,us,f7859bde-9b96-4ee0-88b5-58154ffd7cad,2026-05-19 14:04:27+00:00,5,,exelent,5.451.0
Whoop,google_play,us,dfb55f6f-076e-49b9-8dc7-37ba82d834c7,2026-05-19 04:55:30+00:00,1,,Way too expensive! The device is extremely uncomfortable to wear constantly and breaks down your skin. Keeping up with the Journaling is very time consuming and required... I don't like that either,5.451.0
Whoop,google_play,us,c5bb056a-d6e8-4bb5-bacc-d450af9ef64f,2026-05-18 22:34:57+00:00,3,,"Lacks some really simple features like setting vibrations for hr zones and common activities like motorcycling, or even support for logging custom activities at all.",5.452.0
Whoop,google_play,us,4728e391-0cec-4e46-871c-550c237eaebe,2026-05-18 13:07:21+00:00,2,,still getting to know it. I believe you need to enter pretty much everything it will know about you. steps take 10 minutes or longer to calculate consistency. so its super slow that way. not all that impressed at the moment. wish I would have opted for the trial. I may not own it.,5.451.0
Whoop,google_play,us,dd85e703-79f4-4055-bbf4-3affa21dd526,2026-05-18 07:06:02+00:00,5,,Best device I have . helping me alot to have a better and healthier lifestyle 💯,5.451.0
Whoop,google_play,us,388fe30c-4686-43e6-8c7d-753e2a12bd0c,2026-05-17 13:26:38+00:00,5,,Amazing data really helps with monitoring health and making changes,5.451.0
Whoop,google_play,us,d97612c3-beb7-43e4-8e21-05dbd54e8e6f,2026-05-17 10:41:13+00:00,5,,"Whoop has been an excellent tool to help me stop drinking alcohol and improve my sleep, training, and recovery",5.451.0
Whoop,google_play,us,4fdc3572-a028-4f8f-b369-5a5781ccc7eb,2026-05-17 04:27:11+00:00,2,,"Lots of great marketing, but the product just doesn’t deliver. There are plenty of analytics, but I don’t trust the data, and the software is buggy as hell. Even simple features like automatic time zone changes or ending a workout automatically — or at least notifying you when your heart rate drops — don’t work properly. Save your money and buy something that actually works.",5.451.0
Whoop,google_play,us,6b7d5a7b-a32c-4919-a260-0acba9966143,2026-05-16 16:33:48+00:00,1,,"I am consistently experiencing freezing issues, and my Whoop device has not provided any readings for two weeks. The customer service experience has been disappointing, as I have followed the same troubleshooting steps with multiple representatives without a resolution. Android user",5.451.0
Whoop,google_play,us,ef1b826d-14d4-46ae-824d-a8f861bc2750,2026-05-15 10:14:37+00:00,3,,not as useful as I thought it would be. the sleep and stress monitors make no sense. I'm in high stress env. reading low feeling the pain in my chest I get with stress. yet sitting on the couch relaxing and watching TV I end up in the red..... then the sleep monitor wants me to go to bed 10 minutes after I get home from work. I'd like to at least have supper 1st.,5.450.1
Whoop,google_play,us,bf6dba1a-a881-459c-84ce-0a4fc9efae61,2026-05-14 23:39:08+00:00,4,,"I have samsung fold and the app often needs me either to open the fold to resize or does not cooperate and I have to restart app to continue. I have updated the app many times, I do not believe development has created a fix for this in mobile view for either screen. very basic just like a website that is in full desktop browser layout being viewed on a smartphone(not in mobile version) it does not look right or operate to its full capacity.",5.451.0
Whoop,google_play,us,2a3b1628-9c0b-448c-8503-ce48f2a88a4e,2026-05-14 20:37:37+00:00,4,,Please remove the slide to indicate the time of last serving of caffeine. It is a struggle to select the correct half hour time interval. Please update to entering a time manually closer to the Android Clock app. The current setup is horrific to use for people with bigger fingers.,5.450.1
Whoop,google_play,us,21a53b60-64a7-423f-9056-a2e8208f730d,2026-05-14 20:23:14+00:00,5,,I'm loving Whoop and all the metrics available to me. highly recommend!,5.450.1
Whoop,google_play,us,cbc8be8b-8434-4064-aecd-f16cb76a4ca3,2026-05-14 14:04:47+00:00,5,,Simply Brilliant and addictive.,5.450.1
Whoop,google_play,us,ed5b39e1-fc12-4bf5-b1d2-08992d89ac24,2026-05-14 11:06:52+00:00,4,,"it's a good app, but not amazing. not totally intuitive, some activities require several steps. sometimes difficult to navigate.",5.450.1
Whoop,google_play,us,cdd5d06b-013a-47ca-a9ee-b715d5792887,2026-05-14 10:38:42+00:00,5,,This is a great health and fitness tracker.,5.450.1
Whoop,google_play,us,915562de-2ea6-49ff-9e06-6b8100a77875,2026-05-14 10:30:34+00:00,4,,the time pickers are nightmare. the add activity bottom sheet can be too easily swiped down. it should be a separate full screen view. also the latest (or favorite) types of activity should be directly in the screen applicable with one tap instead of going to the combo list. I'm missing landscape for stress graph and other metrics. i cannot check at what times exactly were my wake up events. i wanna be able to set alarm from the main screen. there are so many improvements to be done!,5.450.1
Whoop,google_play,us,1ad1681a-9bec-4e8e-8955-89440db1fa9d,2026-05-14 04:50:40+00:00,5,,really feeling improving in all aspects of healthy life style,5.450.1
Whoop,google_play,us,46a0489b-72b8-4e2a-9e59-81fe1e938378,2026-05-13 10:49:20+00:00,5,,"Life changing Device- the information offered, the interaction with the platform and the advancement of my health is unparalleled",5.450.1
Whoop,google_play,us,7d0d4d2d-b5b5-48b1-86c2-1d14b8df4382,2026-05-13 10:25:26+00:00,5,,"you want to make your workouts better, this is the way to go, you want to track your recovery with your hrv, this is the way to go, want to track your sleep patterns with accuracy and try to level up your quality of sleep, this is definitely the way to go!",5.450.1
Whoop,google_play,us,8c04ee69-6f2d-4a43-8ab6-180b85da8c9f,2026-05-13 05:43:52+00:00,1,,too expensive,
Whoop,google_play,us,ff014b32-2780-4c83-9467-79fb6b8ab879,2026-05-12 14:44:24+00:00,1,,copied bevel and then sued bevel claiming they copied you 😂,5.450.1
Whoop,google_play,us,5a9bd7a4-179e-42a9-b816-7825b5d1abed,2026-05-12 10:24:40+00:00,5,,"I LOVE Whoop!!! The app ties to my Whoop Band, and has been a game changer in my health & fitness journey!!! It has helped me to have a better understanding of my body in more ways than I could have ever imagined!!!",5.450.1
Whoop,google_play,us,29d27368-9f73-4f1f-bc3a-71ea07449365,2026-05-12 08:10:29+00:00,3,,"Not a huge fan of the app. Is always a big somewhere that annoys you. And now there is AI, which adds no value, and I can't turn it off.",5.450.1
Whoop,google_play,us,25d18cfc-6370-4096-b62f-f511c10cfca4,2026-05-12 02:31:41+00:00,5,,osm small machine to track your all activities,5.450.1
Whoop,google_play,us,baf3b7d2-24cd-49c7-a420-f639d4cf9846,2026-05-11 16:16:03+00:00,3,,very glitchy last 10 days. Their Ai. sucks,5.450.1
Whoop,google_play,us,75243f87-6888-4d65-90b8-ffcc24420b65,2026-05-11 11:57:35+00:00,5,,On graphene OS runs flawlessly. No connection issues.,5.450.1
Whoop,google_play,us,505a5d37-ef47-4e98-8c9a-0f4c76fc6f2b,2026-05-11 10:48:30+00:00,5,,exceptionally helpful for tracking and managing chronic pain and fatigue flares,5.450.1
Whoop,google_play,us,a35da206-7333-447e-840c-4665a3989fc8,2026-05-11 10:15:15+00:00,5,,Changed my life,5.450.1
Whoop,google_play,us,4305800f-9ea3-404d-9292-62ce86ddc2d8,2026-05-11 09:00:42+00:00,1,,"ordered new version, 6 months yet not received.",5.448.0
Whoop,google_play,us,71cc55ff-a55a-4209-9128-8450b9d070a6,2026-05-10 21:02:01+00:00,2,,"Buggy as hell. I don't think they tested it on Android before releasing. 1 the sleep planner can't be adjusted 2 can't edit a functional fitness workout you have to delete the whole thing and start over plus there is no reasonable way to adjust the start and end times other than to keep guessing until it looks right 3 overlapping text on the device settings page, no way to see when last synced",5.450.1
Whoop,google_play,us,7ffb39c9-b524-4206-9ea3-9602cbd35362,2026-05-10 19:55:35+00:00,1,,"Do not recommend. signed up for the annual plan for 3 people, not user friendly at all! They used to have great customer service but that disappeared & was replaced by AI. cant cancel, they keep billing you, When I signed us up for annual plans the upgrades were ""supposed"" to be included but that was not what happened. Loved the product and app but everything else was not worth the hassle. Looking forward to the fitbit air.",
Whoop,google_play,us,c8f874f4-badf-464a-8f43-16f745385ec0,2026-05-10 14:38:02+00:00,1,,for $350 you will constantly be asked to make sales for them. this is the Herbalife of fitness tracking.,5.450.1
Whoop,google_play,us,3f80045e-19f9-48f1-891a-54fb1f17a6d9,2026-05-10 13:03:15+00:00,5,,"Changed my life entirely, from watching my diet to increasing my overall sleep and recovery.",5.450.1
Whoop,google_play,us,40d8eb20-5882-46ba-8107-3fb444645744,2026-05-10 05:52:39+00:00,1,,"App is decent, the heart rate tracker and YEARLY $200 SUBSCRIPTION is an overpriced piece of garbage that can't track heart rate properly.",5.450.1
Whoop,google_play,us,7c00b057-b01c-4df5-9d08-28a6fa80e99a,2026-05-09 17:08:53+00:00,2,,love the device... but constantly have to force close the app and restart my phone. no other app on my phone has this issue.,5.450.1
Whoop,google_play,us,68b791dd-c50e-4a84-9ad6-483a26dd21ee,2026-05-09 12:26:52+00:00,5,,"I love getting all the details, trends and insights.",5.450.1
Whoop,google_play,us,9d0577b0-b512-4dff-bb31-fe92c8b95a0c,2026-05-09 07:21:02+00:00,5,,Must have device,5.449.0
Whoop,google_play,us,549cba96-e5dd-4ef3-ab11-ea536f3e8292,2026-05-09 05:35:39+00:00,5,,"Whoop is an excellent instrument for managing my fitness, daily recovery and overall health and wellbeing. But there are still (in my view, which I have expressed in my interactions from time to time) some shortcomings that need to be addressed by the technical team.",5.450.1
Whoop,google_play,us,bcff32b0-9129-4098-81b1-2ff225c07638,2026-05-08 20:47:45+00:00,5,,exceptional experience with peak will definitely upgrade to life,5.450.1
Whoop,google_play,us,b5dd385a-b22c-4404-9368-7a710aa07a06,2026-05-08 17:14:16+00:00,5,,Easy use overall and great analytics,5.450.1
Whoop,google_play,us,218b9241-6d81-497b-a2aa-e3f65d79b758,2026-05-08 11:51:36+00:00,5,,"The best health tracker on the market. Resilient, accurate and a lot of fun to use. Once you give it some time to know your lifestyle, it becomes a crucial part of your fitness life. Tracking metrics begins to give you strong insights of what you need to change, balance or improve upon in your everyday life. The AI component really gives you helpful information on your lifestyle and provides workout tips, as well as nutrition advice.",5.450.1
Whoop,google_play,us,e3bb7687-40e6-47cf-94fe-7cf80359cff4,2026-05-08 02:39:46+00:00,5,,very thorough and precise,5.450.1
Whoop,google_play,us,4ef2471a-a05b-4dc3-93d2-63a8a09e0f68,2026-05-07 20:35:13+00:00,5,,accurate and good insights,5.449.0
Whoop,google_play,us,9a6fe44c-ff2c-4c41-8611-222f2dbb13eb,2026-05-07 08:06:59+00:00,1,,not pairing,5.449.0
Whoop,google_play,us,309773a0-df07-4db5-8c95-a162cb62ec7d,2026-05-06 23:34:43+00:00,1,,after purchase and use of 2 weeks it stopped sync. support is only AI no human can be reached. they keep sending reset instructions and still after every try it will go back to stop sync.,5.450.1
Whoop,google_play,us,72fe6c27-02a2-4dae-8b2d-c34654de4475,2026-05-06 23:26:20+00:00,5,,I've had no issues with the app. it does exactly what I expect.,5.449.0
Whoop,google_play,us,6b23452e-16f6-400d-97bd-b554a0959a0f,2026-05-06 23:02:37+00:00,5,,มี ai ช่วยวิเคราะห์ ดีมากๆ,5.449.0
Whoop,google_play,us,a8df3fa9-054e-4d65-96e5-c0cda4081b47,2026-05-06 12:07:55+00:00,5,,"I loved this when I was using it, loat my charger and stopped but im back",5.444.1
Whoop,google_play,us,72505c64-0995-448f-ac64-ceed0c6cb4c3,2026-05-06 05:26:51+00:00,5,,"love the data insights and the daily outlook. The journal helps keep me accountable. Tonight's sleep, helps me wake up refreshed. There is so much to this app and can be a little confusing to navigate. Especially workouts. But the overall app and ai functions are fantastic. Keep it up.",5.449.0
Whoop,google_play,us,b4a2a429-9f62-430c-8492-f1f36d9dcf09,2026-05-06 03:22:52+00:00,4,,It does exactly what it's supposed to do.,5.449.0
Whoop,google_play,us,ca6417cb-9954-4677-859c-858d16b51a79,2026-05-06 02:35:31+00:00,3,,"I like the app overall, but the messaging feature has a serious issue. It often shows “failed to send” when I try to message friends in the community. This makes it frustrating to communicate and affects the overall experience. I hope this problem gets fixed soon.",5.449.0
Whoop,google_play,us,6d4e24c3-81e7-4bd6-a15d-d6ad1c1b2145,2026-05-05 20:03:10+00:00,1,,"The Whoop Coach is useless. It provides inaccurate info. After I raised a number of issues and incidents, it deleted the incident log to hide the evidence. It provided incorrect calculations for weight, calories and water intake which would have been harmful if someone followed them. When I raised issues to the Membership Services, they ignored me.",5.449.0
Whoop,google_play,us,0446443a-1667-474c-b9e7-bd33e7891981,2026-05-05 12:34:25+00:00,4,,I really enjoy using this app. It has been a great companion to help me achieve my fitness goals. However there's one feature that just doesn't seem to work. My friends and I compete with each other within a community but the messaging for the community is simply broken. I receive notifications from my friends' messages but I can never see their messages in the chat and any attempt to send a message simply fails.,5.449.0
Whoop,google_play,us,9953cdbd-cb55-4331-b68a-44c119d72253,2026-05-05 04:38:07+00:00,3,,community screen cannot load. pls fix.,5.449.0
Whoop,google_play,us,4edbebd1-b272-48be-add1-cc37567adcfd,2026-05-04 14:13:22+00:00,1,,"Poor iOS port to Android. UX is very iOS like, needless screen transitions, no inline task completion for efficiency. No integration with SMS intents to auto populate two-factor challenges (there's literally an Android developer code lab for this) and persistent issues with Community Chats being broken. Extremely disappointed.",5.449.0
Whoop,google_play,us,b70a3c5f-939d-4d92-a368-c4ab3d5d0c6c,2026-05-04 13:42:35+00:00,1,,total garbage. made impossible by some idiots. I tried again on 5-4-26 with same results. Someone went out of their way to make this app user unfriendly.,5.449.0
Whoop,google_play,us,dc7c1a16-375f-4b16-b28d-e5fa721f5741,2026-05-02 06:07:38+00:00,1,,Very high membership cost for the product,5.449.0
Whoop,google_play,us,f771bd96-1dfd-4e70-98d2-7336c226614e,2026-05-01 13:37:24+00:00,2,,"What happened to the Blood pressure tracking im Whoop app? Woke up one morning and it simply had disappeared. Jury is still out on whoop. Wish that I could see more metrics on temp, HRV, O2 sat, etc like other data graphs vs just a average of the data. My 3 year Samsung watch at least gives me this data (and not $349 a yr). Whoop does this for all other metrics (almost in overload.",5.447.0
Whoop,google_play,us,05683221-3846-47a6-929a-a66a2fbddc3d,2026-05-01 05:18:08+00:00,1,,I can't use it on my Samsung Galaxy S25 Ultra. Android Version 16 OneUi 8.0 Please help me.,5.449.0
Whoop,google_play,us,8de015d8-0be8-4025-bcaf-76bcb48852e1,2026-05-01 04:32:34+00:00,5,,Best fitness app ever,
Whoop,google_play,us,0b2ffe70-2079-4f9b-bf49-962e9e558310,2026-04-30 18:41:17+00:00,5,,Great app that provides actionable insights!,5.448.0
Whoop,google_play,us,46054602-b1dd-4f0e-92e4-1efb9814e5b5,2026-04-29 01:02:41+00:00,1,,new way to steal money,
Whoop,google_play,us,05707a70-128b-4784-b8e7-05ace00a50cd,2026-04-27 17:56:35+00:00,1,,lots of issues. keeps closing and data provided is not precise.. unable to detect exercises precisely...,
Whoop,google_play,us,2ff047a8-409d-409f-b704-f5b0a194bf9c,2026-04-25 18:13:25+00:00,1,,terrible,
Whoop,google_play,us,d469c56f-5ac5-4ece-a927-39689a92838c,2026-04-23 07:11:28+00:00,3,,Why even have a stepcount if it's beyond inaccurate?,5.448.0
Whoop,google_play,us,e24279ea-a8a7-43ad-ab98-8de4198b7c2d,2026-04-23 05:58:55+00:00,1,,The app or device is very inaccurate and the app is overall fairly cluttered and over explained.,5.447.0
Whoop,google_play,us,266d57fd-551a-4d70-b9ec-19cfbd94494d,2026-04-22 16:45:54+00:00,2,,Missing some basic features that would be nice. Please add a timer/multiple alarm system so that rests between working out can be tracked,5.447.0
Whoop,google_play,us,13f70ac8-cf54-4f40-b855-83e4be85850a,2026-04-21 03:46:21+00:00,1,,"Re Sleep Detection is horrible. You wake up 5mins at night and then back to sleep for 4hours. Whoop won't detect the additional 4hours. It is super frustrating, my cheap Fitbit was better than this. This is becoming more of a fashion statement than actual health tracking. This gap effects my bio age and recovery. it's practically useless. I'm switching to Oura ring",5.447.0
Whoop,google_play,us,f7267e03-3c59-4cd2-b52e-7b2a97ce6c45,2026-04-21 02:44:29+00:00,5,,Amazing experience,5.447.0
Whoop,google_play,us,7606b54c-f05d-400a-8459-ff3ba393f119,2026-04-20 16:51:41+00:00,5,,"This device has been very helpful in learning my sleep deficiencies. I can see at a glance how long I was awake, in deep sleep, REM and light sleep. This singular thing has helped me feel better. I can also see progress in my stamina and it tells me when I need to have a light day because I'm pushing myself too hard. It has really helped me to take better care of myself!",5.447.0
Whoop,google_play,us,75a6be21-2aad-4257-8007-1ef4cc986829,2026-04-20 11:18:11+00:00,1,,why in activity section DJ indefined and identified as an activity but no option for speed skating? or simple roller skating???,5.447.0
Whoop,google_play,us,bfb940fc-1ba6-4afc-8d8c-6af686dfbb71,2026-04-19 14:59:52+00:00,5,,بتاعت منظرة حلوة اوي,5.445.0
Whoop,google_play,us,5c87361d-7350-4b45-8beb-5aebbc8d8697,2026-04-19 13:00:53+00:00,4,,expensive,5.447.0
Whoop,google_play,us,88fb62e4-518e-4964-9c96-0551a99335f5,2026-04-19 12:11:56+00:00,5,,A really data-heavy but still aesthetically pleasing app design and great features.,5.447.0
Whoop,google_play,us,5a99a849-5177-490a-b3f4-c84d27408314,2026-04-18 16:39:44+00:00,5,,"Whoop is amazing, love the sleep data and daily stress data. Really helps me understand what's impacting my life!",5.447.0
Whoop,google_play,us,fa97efe8-4eba-45c3-973c-4bd491ae3f1e,2026-04-18 11:55:48+00:00,5,,awesome app... very informative,5.447.0
Whoop,google_play,us,8d7fac0a-5ee5-49bc-a408-43d468749a9f,2026-04-18 04:46:24+00:00,5,,Very good tool to keep us on track,5.446.0
Whoop,google_play,us,87175cce-eb65-4b5f-b2c0-27b9a6c628a2,2026-04-17 22:11:10+00:00,1,,not tracking steps,5.447.0
Whoop,google_play,us,f4fede63-8e23-4b8f-a307-339e6c6b5d55,2026-04-17 19:18:00+00:00,4,,"4 stars because there is a significant amount of things that are common activities missing from the activities such as mowing the lawn, physical therapy, or doing the deed.",5.447.0
Whoop,google_play,us,e5667807-001f-4e29-ac2e-5b4dd4283dbc,2026-04-17 11:58:20+00:00,5,,Absolutely LOVE this app. It's my personal health coach in Real time. Definitely a game changer!! 💪🔥🥳,5.447.0
Whoop,google_play,us,9db3b049-c7e4-49a4-83f2-e541052b30e5,2026-04-17 11:02:17+00:00,4,,"Just 30 days so far and really enjoy the back and forth dialog with the AI assistant. 67 years old and I play singles picklball three times a week along with training 2-3 times to maintain my physical ability to perform playing a sport I enjoy. Whoop helps with my recovery advising me on several points along the way. I also play in tournaments and its helpful in my preparation in day's leading up to it. Diet, sleep, training intensity, recovery, etc.",5.446.0
Whoop,google_play,us,ac1577da-5ccb-4e89-87fe-721ee43c17f8,2026-04-17 02:39:33+00:00,5,,very good,5.446.0
Whoop,google_play,us,33d4176f-d357-4007-ad12-0feca8dedc69,2026-04-16 22:59:55+00:00,5,,"I bought it to watch my strain/recovery, as I train many hours most days. So far really happy, even though I was always quite mindful of sleep, it makes me more vigilant, not just with sleep, but more so with restorative activities, as I want to try and be in green recivery as much as possible.",5.445.0
Whoop,google_play,us,ca708eba-ee1f-4b1f-b5d0-4e3a2738dc69,2026-04-16 22:35:57+00:00,1,,absolutely the worst a function,
Whoop,google_play,us,5c7a2090-3127-42cd-a4e0-707072f601b5,2026-04-16 21:49:22+00:00,1,,(sleep) Accuracy is bad. The pricing is also way too high. If the subscription would be cheaper maybe I would become a member again.,5.446.0
Whoop,google_play,us,9ae8af36-d238-44e1-813c-2b839c5967b4,2026-04-16 12:26:33+00:00,5,,"The best tool for anyone setting fitness goals, or building habits to be healthier. Second year using it, and have help me to track my goals quite nicely. One of the best features is the in built AI which checks on how you are feeling or how you can amend your training goals for the day based on recovery. It has helped me a lot. Highly recommended.",5.446.0
Whoop,google_play,us,eec2d3cc-5bfd-4593-8b7d-5709a9d57e97,2026-04-16 04:43:32+00:00,5,,Works like a song!!,5.446.0
Whoop,google_play,us,9cf68e4e-5499-42e2-9cbd-3f125357d844,2026-04-15 13:26:49+00:00,5,,great app,5.446.0
Whoop,google_play,us,3f440e6a-2bda-4f7b-a40a-2d4f4eb25696,2026-04-14 10:54:59+00:00,5,,its a daily obsession that is making me healthier,5.446.0
Whoop,google_play,us,1f454b4a-cf42-4ae2-9000-0b45efcae85f,2026-04-14 08:34:59+00:00,1,,"I've tried to accept this product for two years. Either my hrv is broken or whoop can't make the right decisions, but it doesn't give me the correct advice. The AI has been very helpful though, and agreed that I should move on! Get a free to use product, not a subscription model. If I was an athlete, this would have been useless. It's funny, because my experience is actually mentioned in an advert for a competitive product, so I'm not the only one with this experience.",5.446.0
Whoop,google_play,us,d26843b5-3a7c-4291-93b6-1609f270c87c,2026-04-13 22:31:44+00:00,1,,stealing money without permission. The month free trail is a scam.,5.446.0
Whoop,google_play,us,1922dbdd-8cfc-445f-bb6c-38bddac4d5bd,2026-04-13 14:08:52+00:00,1,,"It's logging out automatically since the new update. seriously what's going on. edit: last update after Dec 23 2025. does not logging my hicking activity. the battery is ok. spent all my day with the whoop on my wrist, and nothing. update Apr 2026: sync data runs forever. can't see my sleep because still syncing, and I always have my BT ON. guys, fix this.",5.446.0
Whoop,google_play,us,67ae7502-4a9a-4cb0-91f3-833797688923,2026-04-13 05:35:45+00:00,5,,Just fantastic device helps increidably to track health. Thank you,5.446.0
Whoop,google_play,us,efbb0685-69cc-4b89-aa48-1a655d3c6986,2026-04-12 18:51:02+00:00,5,,"life changer. this is my information, data, coach and adviser",5.446.0
Whoop,google_play,us,694ff8f9-d67f-42d8-ad57-13f66b54c864,2026-04-12 17:50:42+00:00,2,,"updated review: If you are a strength and conditioning athlete, this is not for you. It is not good with how it applies your strength training to your strain nor is it effective at tracking your heart rate if you do anything other than walk, run, or row. I just finished a burpee HIIT session where it logged it as zone 0, which of course make zero sense. I paid too much money to only use a few of its features.",5.446.0
Whoop,google_play,us,0c521319-1d20-4814-ac6a-a324bb2473d3,2026-04-12 17:13:43+00:00,1,,do not buy. it can't keep connected to your phone .. pretty sure this is just a scam just got one with a 1 year subscription off the site and they knew that on my log in but they still require a credit card. dark patterns aren't customer friendly. shows weak product lead growth if they assume their product doesn't have the kind of stickiness it needs to earn my credit card. now I can't log in because they stored my user name... low quality app here,5.446.0
Whoop,google_play,us,e4e98edb-8af6-4d35-b5c3-bf9c4c0207ce,2026-04-12 16:52:48+00:00,5,,gets you Heathier by showing the importance of 7 to 9 his of sleep,5.446.0
Whoop,google_play,us,79030e91-5dde-4402-9ac3-c1be085f99c0,2026-04-12 14:26:44+00:00,5,,"My Whoop keeps me aware of how sleep, supplements, exercise, and lifestyle affect my wellbeing.",5.446.0
Whoop,google_play,us,f39e52ad-6281-49ed-ad7a-0928843d302a,2026-04-11 21:09:10+00:00,5,,amazing app. love the features especially the recovery insights and healthspan. super insightful with a significant impact on daily habits.,5.446.0
Whoop,google_play,us,79173287-58bb-4a71-a31c-3e5452b366b8,2026-04-11 18:01:51+00:00,5,,Best app I've ever had the opportunity to use.,5.446.0
Whoop,google_play,us,037a728f-b023-4a29-b5d0-db3cc7282379,2026-04-11 14:50:00+00:00,5,,changed my life and keeps me accountable for the goals I set,5.446.0
Whoop,google_play,us,50f5fb2c-bb32-4df6-9f73-c12584c3c711,2026-04-11 12:40:34+00:00,1,,no one off alarm,5.446.0
Whoop,google_play,us,22fcd3aa-b0db-458e-b27a-3e858968c7b1,2026-04-11 11:16:14+00:00,4,,"Great functions, good software, just the community feature has a bug that didn't get fixed for me yet so I can't see the chat.",5.446.0
Whoop,google_play,us,16e9ec7a-5408-457f-89c0-05cef988ba5f,2026-04-11 04:39:16+00:00,5,,"I love the fact the can not only monitor my body but can see results from my healthy suggestions from the WHOOP (Short for DUB, and my health coach the AI both together C-Dub) have assisted me in losing 10lbs in the very short time we've been together. LOVE IT!!!",5.446.0
Whoop,google_play,us,c9d5f8bc-3b85-48ed-aae0-f28edec436f4,2026-04-10 19:27:11+00:00,1,,absolute junk. heart rate tracking is trash and strength straining on this is an absolute chore with you needing to start and stop each set on the phone no way to tap the damn device and do that. already cancelled the sub and will check out Bevel instead.,5.446.0
Whoop,google_play,us,d9748c67-b3f9-44a9-98d7-051c060803b5,2026-04-10 09:58:33+00:00,5,,The info it gives u is super insightful especially with sleep 😴 for me!,5.445.0
Whoop,google_play,us,4a561a32-0e38-4546-9e41-5a3454b5748e,2026-04-10 01:58:19+00:00,5,,I get tingly in my special places every time I use this app.,5.446.0
Whoop,google_play,us,36182755-69ba-4008-ab0c-c4d20104e724,2026-04-09 18:44:09+00:00,1,,This app is not working since 2 months i can't see my sleep recovery and all that stuff and the device is not syncing data,5.446.0
Whoop,google_play,us,ae7aa442-1995-40b3-83de-5ab5218a933b,2026-04-09 14:15:57+00:00,5,,Awesome!,5.445.0
Whoop,google_play,us,4b804545-0d2d-486e-9cd8-fabb4ca6696c,2026-04-09 06:46:42+00:00,1,,awful device/app. at least once a week it doesn't register a whole nights sleep. compared to my garmin this is extremely poor. Will be returning for full refund.,5.446.0
Whoop,google_play,us,7ccd666f-8a80-4ccb-a24e-1575d827c99e,2026-04-09 04:17:22+00:00,1,,"it's nice , but the problem not supporting the Arabic language, and we spoke with them more than 1 years and they promised to work on it !! it's major markets , and the ai do all the work for translation the apo easy, why not do it ?",5.445.0
Whoop,google_play,us,649430df-414f-49e8-ac60-17facbdb1378,2026-04-09 02:06:21+00:00,5,,"whoop, I love you, I really do, I use it every day, but can you guys please, for the love of god, decrease the sensitivity for tilt mode? I cannot use the app without disabling ""auto-rotate"" on my device. no other app does that, it's driving me crazy.",5.446.0
Whoop,google_play,us,60d90e03-2c5b-4b4b-9a25-c8d8814e94c4,2026-04-09 00:37:47+00:00,5,,works. useful for sleep and strain tracking. 3 years and counting.,5.445.0
Whoop,google_play,us,6f18c1bb-b9f6-4235-93cf-1f83ac5333b3,2026-04-08 12:51:36+00:00,5,,very good,5.445.0
Whoop,google_play,us,461c86e0-4945-4767-a250-83e127faa2a3,2026-04-08 04:56:07+00:00,3,,"Love the app overall, but the activity entry screen UX is so incredibly frustrating. It needs to be a full screen view, otherwise how it is now I always accidentally dismiss the activity entry when cycling through the start or end time entry. Will update to 5 stars if the activity entry screen is fixed.",5.445.0
Whoop,google_play,us,fd5e2533-f429-4bfe-b92a-3091b3b5fa7e,2026-04-07 16:00:31+00:00,4,,"I like it very much, but after less than 6 months of use, the battery only lasts 2 days.",5.445.0
Whoop,google_play,us,0886b5f6-074d-4529-ba3d-0b4576b8bdae,2026-04-07 15:00:35+00:00,1,,refuses to process my sleep,
Whoop,google_play,us,7bc4a29c-a9a2-4f5b-bb21-4eb9a01bc6d0,2026-04-07 01:20:08+00:00,5,,it really help me to track my sleep consistency,5.444.1
Whoop,google_play,us,54babc3d-2d30-44be-bc78-6a9d390545dd,2026-04-07 00:17:08+00:00,5,,Love the insights i get.,5.445.0
Whoop,google_play,us,d2f369cb-7870-47b7-819b-708b4f5921c9,2026-04-06 19:42:49+00:00,5,,"I have been a Whoop member since 2022. I love it, gives me all the data I am looking for. soon I will upgrade from a 4 to the 5.",5.445.0
Whoop,google_play,us,d4d1a035-9dc3-445a-ba81-2590a852a235,2026-04-06 18:53:12+00:00,1,,"Overall, the app might be good, but it breaks with team conversations on the android version. it will stop loading any new messages. and I can see the notifications, but the messages don't show up. I've tried uninstalling and reinstalling, That works for a while, but then it immediately breaks again. I've also tried clearing the cache and clearing all stories. nothing works.",5.445.0
Whoop,google_play,us,e276a482-592c-4d7d-9909-e73d079d3ce6,2026-04-06 14:55:42+00:00,5,,changes your health...,5.445.0
Whoop,google_play,us,c3101cbf-377d-4970-80d7-848c5d6cf9a7,2026-04-06 14:34:27+00:00,1,,customer support doesn't work. you open a ticket and it takes ages. The whoop itself looks like it has a glitch not capturing events,5.445.0
Whoop,google_play,us,6e2eaebc-153d-4502-926a-f9e955ea4996,2026-04-06 09:59:37+00:00,5,,used for 3 years now and it is a game changer.. worth ever penny...,5.445.0
Whoop,google_play,us,c2e276d5-26be-4b55-aa4c-d9964d15a388,2026-04-06 07:01:02+00:00,4,,"I love Whoop. I can see how different behaviours - getting enough sleep, caffeine, alcohol or eating a late meal affects how my body reacts. I can track many things & see their impact over time. I love Whoop coach that interprets the data on my behalf & I can ask it questions. A 60 year old woman & not sporty at all but I have found Whoop so valuable for monitoring what impacts me. It is a really valuable tool in keeping track of my health. The HR monitor when exercising isn't accurate enough.",5.445.0
Whoop,google_play,us,caf013f3-85d0-4819-b8a6-786a33fa316e,2026-04-05 19:40:02+00:00,4,,"The app is generally good except when it comes to adding an activity after the fact, or updating the start and end times on an an activity it assumes. It is terrible with setting start and end times, particularly when crossing the noon hour.",5.444.1
Whoop,google_play,us,411d312a-42e4-4753-ba58-91b1d12ebc73,2026-04-05 10:50:42+00:00,1,,"Whoop is suing Bevel while at the same time copying from them, which just feels off. It says a lot about the company and its culture. The Android app feels like a copy too - it’s not really native, and the UI/UX keeps getting worse. On top of that, the pricing is crazy for data that isn’t even reliable. I’m going to cancel my subscription and won’t support this company anymore.",5.444.1
Whoop,google_play,us,ef4d7c4f-5238-4031-b319-7af06afd07a9,2026-04-04 13:43:08+00:00,1,,Not being able to use the app without an Internet connection is simply bad. Doesn't import nutrition data from Android Health nor activities from Strava. Having to enter data manually and answer daily questions that can be automatically filled from its own workout data makes it a grind. Graphs look good but you can't use them to edit mistakes the device often makes for sleep time. Already cancelled my subscription just two months into the annual plan. What a waste of money.,5.445.0
Whoop,google_play,us,80a23098-7665-4883-a4a5-310f8da4a000,2026-04-04 13:07:07+00:00,5,,Love my WHOOP! Helps and keeps me motivated to stay fit and track what's important to me maintain a healthy lifestyle.,5.445.0
Whoop,google_play,us,243aee2e-1e2c-4f4b-aef6-d660c0b7a411,2026-04-04 09:23:24+00:00,1,,"Apparently need to be connected to Bluetooth all the time. if you switch Bluetooth off, you need to pair the device each time. makes no sense.",5.445.0
Whoop,google_play,us,f44d0173-1813-4d45-bea4-ce2e2e368e3b,2026-04-04 01:23:59+00:00,2,,"The apps connectivity and syncing messes up especially if it is after business hours. It will not show readings for days that I wore my device or not sync until the next day, even though it states it is all caught up. Does not stay synced up with outside apps to update metrics consistently. Step counting is still in beta, and is getting better, but is not accurate yet. The accuracy is great with everything else. I gave two stars because I am frustrated I spent so much $ for inconsistent sync",
Whoop,google_play,us,25e6a404-279f-4e5b-9f18-d4ad4151a90b,2026-04-03 22:38:51+00:00,1,,"Absolute trash, don't buy a whoop, such garbage. Locking people into a 1 year subscription is super shady too.",5.445.0
Whoop,google_play,us,f0d031a1-d0dd-4ab5-a84a-3ae4b0f1a244,2026-04-03 20:02:37+00:00,2,,"nagivating through the app is confusing, and it tries to upsell you constantly to the higher-priced whoop subscription. the community chat feature doesn't work reliably, oftentimes incoming messages will appear in the phone notifications but the messages aren't visible at all when inside the app.",5.445.0
Whoop,google_play,us,b63f9acc-bfaa-4c82-82d3-4c87f0eb0b7c,2026-04-03 13:23:29+00:00,5,,Great product and very in depth app with excellent AI. At this price point though it ought to be!,5.444.1
Whoop,google_play,us,a9d3e739-82ce-44ab-bd85-5f38532ac640,2026-04-03 08:24:58+00:00,1,,"im sick and tired of this app -randomly disables gps tracking for runs -lets activity run for infinite if you forget to stop it, even if u go to sleep during that time, like sure, Ive been playing volleyball while asleep, what a joke of an ""AI data analytics"" -if you do forget to disable activity tracking overnight it legit merges two days into one because f u, even if you remove the activity, add both activity and sleep manually, its still one big day bro... ... and many many more issues",5.444.1
Whoop,google_play,us,34b10f5b-8082-40b0-a791-1e2e795d2f34,2026-04-03 04:35:40+00:00,4,,"could use a calorie counter function. should also have more connected apps available. other than that, it's excellent.",5.444.1
Whoop,google_play,us,619fb22d-4b85-4875-a73e-631041535b2f,2026-04-03 00:29:06+00:00,5,,very good,5.445.0
Whoop,google_play,us,206f1194-555f-4a65-a710-54b314733b01,2026-04-02 21:01:40+00:00,2,,"u pay 200 a year, but it doesnt consider diet and other data if not pre set...so its an incomplete app",5.445.0
Whoop,google_play,us,c0f53c9b-ae88-436f-b5a2-eaad3b87070f,2026-04-02 20:28:46+00:00,4,,I love everything about my whoop. One star off because my goodness... I see all these chat notifications for the communities I'm in but I don't get to see them in the chat when I open the app. 😢,5.445.0
Whoop,google_play,us,2ae8bbe9-c433-4c28-ad00-52158ae0e4f7,2026-04-02 17:52:01+00:00,3,,"on galaxy 23S Ultra and though the device and monitoring is fantastic!! there must be a bug on this phone and the app, because I am in a group with other friends and Im the only one who can't send messages and or see messages 90% of the time. as well am about 2-3 weeks behind before the winners of the week shows up on my end. I do see a phone notification that there is something there, but once I go into the app, nothing is in the team chat. EDIT: no word from support on why I am having issues.",5.445.0
Whoop,google_play,us,540a6df9-60d2-4059-8658-f3f406a81ff4,2026-04-02 14:00:41+00:00,5,,"Love this wearable tech. It gives great insight on what's happening with my body and let's me know where I'm falling off from my fitness journey and how to get back on track. I personally recommend this to athletes, people who used to be athletes in their Prime, and other people who are just trying to improve the quality of their life. If you're just looking for a tool to count your steps, this isn't it. This is definitely a lot more!",5.444.1
Whoop,google_play,us,6de4cdd9-c1db-469e-90f9-f53411f7db6b,2026-04-02 10:52:27+00:00,1,,"Fix your Community Chat!!! Seriously, this is a stupid problem and a very common problem for many users. FIX IT!!!",5.444.1
Whoop,google_play,us,8b5396eb-bb1f-4d07-8bda-34956f69a40e,2026-04-02 09:42:59+00:00,5,,"love it, I have both bicept and wrist. I use the bicept for when I workout. very comfortable.",5.444.1
Whoop,google_play,us,aaef2b3a-3b84-4105-bda6-023bcd94e8d7,2026-04-02 01:18:04+00:00,5,,I am loving my Whoop. It encourages me to get up and move more. It forces me to focus on Sleep which I know is so important for my health and well being. I have no complaints so far.,5.444.1
Whoop,google_play,us,4297c59c-66ef-40c6-bd34-2e32e3897db1,2026-04-01 19:20:57+00:00,5,,amaze,5.444.1
Whoop,google_play,us,ede4f204-8c93-4bd2-8d49-40a6ea5ba62a,2026-04-01 12:58:43+00:00,5,,I know more about what is going on with my body than ever before.,5.444.1
Whoop,google_play,us,54d16c28-1439-4c56-9c1e-b88c2446b1f3,2026-04-01 11:07:46+00:00,4,,device is cheap but app is very strong. Customer service is very challenging.,5.445.0
Whoop,google_play,us,eac0184a-7e57-4717-80b3-4a1ff5e4368b,2026-03-31 15:12:45+00:00,1,,everything in the app is under beta for the most part and under a weird low budget AI experience,5.444.1
Whoop,google_play,us,14fe7a25-481c-4df6-ab62-6675fabbeb3d,2026-03-30 21:25:54+00:00,4,,not a 5 start because experience amd integration with Samsung health is severely lacking,5.444.1
Whoop,google_play,us,90e96999-1982-4bce-bebb-c5e04545576c,2026-03-30 09:05:29+00:00,3,,"battery runs out too fast, recording activities could be simpler",5.444.1
Whoop,google_play,us,f819c0ed-c3fd-479e-876d-12820b48eec9,2026-03-30 08:55:43+00:00,5,,Best App for checking everything about yourself,5.444.1
Whoop,google_play,us,977fbcd9-1146-4fd0-9bc4-970a36523d3d,2026-03-30 08:22:48+00:00,3,,Questioning if Whoop data is as helpful as some other similar products for less amounts.,5.444.1
Whoop,google_play,us,9a8c0733-516d-42f7-8233-93b6e6f2a86e,2026-03-30 07:01:51+00:00,5,,it gives me almost everything I need as a professional footballer. I'm happy with it,5.443.0
Whoop,google_play,us,73a585b1-7a83-4672-a594-7b360d786789,2026-03-30 00:30:29+00:00,5,,"Amazing device with highest accuracy compare to any available devices in market. keep track of your overall health and provide deep statistics of your body. Been using from last 2 years, must recommend.",5.444.1
Whoop,google_play,us,458f244b-5fe7-494d-b4fa-ac185b6cc16e,2026-03-29 14:22:46+00:00,4,,The AI can be a bit confused with time and date which give inaccurate recommendations. lots of correcting.,5.444.1
Whoop,google_play,us,106e3481-1893-4da9-bbf0-816dfc763f4d,2026-03-29 13:42:46+00:00,1,,"Awful company, horrible customer service. Return your whoop if you still can!",5.444.1
Whoop,google_play,us,7f860991-9c55-45ff-8359-19924db55de0,2026-03-28 13:42:11+00:00,4,,Keeps me on track for consistent sleep and exercising. Helping with my recovery from a broken leg by recommending different non-weigh bearing exercises,5.444.1
Whoop,google_play,us,d0515370-6913-4932-a3a7-71b72a7e6b97,2026-03-28 11:36:14+00:00,5,,great way to view and monitor your recovery,5.444.1
Whoop,google_play,us,bb424540-e03e-4041-b62a-5432563ae1af,2026-03-27 02:13:19+00:00,1,,low quality product and expensive plan,
Whoop,google_play,us,27a7e67a-227b-4c4e-8bb2-36fd3f772cb4,2026-03-26 00:14:42+00:00,5,,This is a great tool for anyone who needs to know how to get your body covered and recheck your health 👍,5.443.0
Whoop,google_play,us,a0422ec2-61b9-426b-acd0-8aab9b9fa46a,2026-03-25 21:46:04+00:00,4,,group chat doesn't update on my android,5.443.0
Whoop,google_play,us,d4af197e-781e-4391-b1ac-c701e142dc64,2026-03-25 21:16:37+00:00,5,,"The WHOOP has changed my life for the better. I can highly recommend it to anyone who is serious about their health and wellness journey. Discipline is required, but the personal insights into your unique health situation are unmatched. I am grateful for how it has impacted and improved my overall well-being and quality of life.",5.443.0
Whoop,google_play,us,ff39c9ca-7ea5-47ec-8b7a-97b202675aa4,2026-03-25 20:32:02+00:00,5,,"life changing. what first started off as a journey to play ice hockey turned into what feels like 10 years of subscription already.... I feel like I'll be a lifelong member of Whoop, bringing the comfort of the gym right at home in my pocket.",5.443.0
Whoop,google_play,us,2c2f4804-68e1-4f4a-829a-47af2f71a409,2026-03-25 15:37:39+00:00,5,,It is great,
Whoop,google_play,us,0ddae056-671d-4eca-94e2-f0375ff8795f,2026-03-25 12:47:52+00:00,5,,"I find the Whoop very useful, and I've been using it since 2017. They keep making it better and better. I love the health goals in the app and how they are personalized.",5.441.0
Whoop,google_play,us,2e7f9a70-d39d-45bb-8885-7f1010c787af,2026-03-25 11:08:15+00:00,5,,better than Ours,5.443.0
Whoop,google_play,us,ea598e54-ec0e-4408-963e-525fbc8b1531,2026-03-25 10:42:35+00:00,5,,Awesome! Everyone needs one!,5.443.0
Whoop,google_play,us,62592c24-7899-4496-97d1-5a2b2b498382,2026-03-25 04:28:22+00:00,3,,"if you're planning on getting the whoop just bare in mind the service team takes 1-2 days to get back to you, and within the first year in itself you app will start glitching, I am two months short of my first year and the app is glitching with no way to fix it whatsoever.",5.443.0
Whoop,google_play,us,313996f8-ac70-4174-8518-3c2b60e2176a,2026-03-25 02:30:29+00:00,5,,the best way to inspect your daily body routine.,5.443.0
Whoop,google_play,us,3cbc3381-de2c-49bc-9607-baa845f23308,2026-03-25 02:10:54+00:00,2,,"the diary is annoying. the strain for weightlifting is NOT factored. other brands have something, although not accurate, whoop tends to be less of the other brands. yearly subscription is a pay, canceling when it's over",5.409.1
Whoop,google_play,us,80cfd745-b71e-4d42-82d6-bf26d21cce53,2026-03-23 11:28:28+00:00,5,,brilliant .. after using Whoop .. i don't feel like using any other fitness band or ring..,5.443.0
Whoop,google_play,us,17865658-3ee2-431a-abd4-5dcfaca5b8dd,2026-03-22 18:14:21+00:00,1,,doesn't track sleep lol update: whoop device burned my skin. their support is also non-existent. disappointed.,5.443.0
Whoop,google_play,us,4d179eda-6cf1-45d8-9656-8ede9661eacb,2026-03-22 09:18:49+00:00,5,,3 years in... love it.,5.443.0
Whoop,google_play,us,912369da-0a4c-4dd7-a48a-c0f6175aaae4,2026-03-21 20:00:25+00:00,5,,"I have many rare and overlapping conditions. I'm not the elite athlete this device is built for, which can be frustrating. But the quality of the data and the focus on training/rest have been really helpful in getting me from an HRV in the teens to the high 30s, and to average strains in the 9s to the 13s. I could also compare the gains from 1 yr physical therapy (10x) to that from 1 yr LDN (for pain) with PT (1000x). If I could customize and track activities that suit me, it would be perfect.",5.443.0
Whoop,google_play,us,2d02f9b5-3845-4165-a3be-6a60d6a9ae1b,2026-03-21 19:59:57+00:00,5,,Love the app.,5.443.0
Whoop,google_play,us,7f98b0ee-e6f4-461e-aabd-c48f0ce4fd13,2026-03-21 16:54:15+00:00,3,,App keeps on crashing and needs to uninstall and re install every time,5.442.1
Whoop,google_play,us,6e8834ce-019a-4c2b-a9e3-231de9cb840a,2026-03-21 16:11:52+00:00,1,,when I turn on activity detection it immediately turns off. talked to support who made me try a dozen things then eventually said wait for an app update where it'll eventually get fixed. Unacceptable at this membership price point,5.443.0
Whoop,google_play,us,5a4939fc-fe23-4fce-967b-8d33e89c15ca,2026-03-21 11:25:18+00:00,5,,"whoop is a good investment for people who value their fitness and wellness. whoop provide accurate sleep,fitness etc;",5.443.0
Whoop,google_play,us,b64627c6-d42e-4c38-95a6-75f39c80aa25,2026-03-20 19:38:58+00:00,5,,It's one of the best investment that I did this year!,
Whoop,google_play,us,5fc07e53-daab-46ec-92f5-312a259abe2d,2026-03-20 13:11:45+00:00,5,,bugs in Journal time selection ranges especially with off sleep hours and difficult to select times,5.442.1
Whoop,google_play,us,17129c96-4d51-4484-b876-ae026a31ce5a,2026-03-20 08:53:32+00:00,5,,gud 😌,5.442.1
Whoop,google_play,us,4e38f0b5-1909-4c3b-8bf2-632448e06e3f,2026-03-19 19:04:41+00:00,5,,"Great product, delighted with it",5.442.1
Whoop,google_play,us,70383f9b-c924-4371-b6fd-65670313db1c,2026-03-19 18:21:12+00:00,2,,this version of the app and the previous version will NOT open on my Google Pixel 10 Fold and I get popups all day saying it's crashing.,5.443.0
Whoop,google_play,us,70fbae91-05f5-44f7-833a-a6a5e64715c2,2026-03-19 15:14:50+00:00,5,,Solid app that's improved over the years.,5.442.1
Whoop,google_play,us,36bc233e-c2d6-449b-9be6-b6f1b5c58d3a,2026-03-19 13:18:15+00:00,5,,good to hear the data,5.442.1
Whoop,google_play,us,3d034b9a-f6f9-4696-ace0-dcaad3675218,2026-03-19 11:36:07+00:00,1,,"why has the app suddenly stopped working for me? it keeps popping up a message showing ""Whoop keeps stopping"". Forcing it to quit does not help.",5.443.0
Whoop,google_play,us,9ef668d0-e2df-4f54-914e-8c1fdb7098c3,2026-03-19 03:47:05+00:00,1,,"dear whoop very bad service I’m following up on my pending refund of 919 AED for the duplicate membership on my unused account. The charge was made on January #06102917, but I still haven’t received the refund or any update since February 9, 2026.Please confirm the status of this refund and when I can expect it to be processes its been 2 months since then",5.442.1
Whoop,google_play,us,d6a1c7fe-a13f-4e4e-b9ce-0245f454ffa4,2026-03-18 19:15:56+00:00,1,,If I could rate zero I would Simply not worth the money It doesn't tell time or have another function than a fitness tracker And it is consistently failing at that One job Save your money,5.442.1
Whoop,google_play,us,9d586ab6-b6a2-4d51-b6c5-481c4e34651d,2026-03-18 15:52:52+00:00,5,,Really very useful for athletes and health coaches. Also for normal fitness focused persons. More insight more accurate. Very helpful for programming your exercise and planning your sleep and recovery activities,5.443.0
Whoop,google_play,us,195be642-b781-406a-b8ee-a96239b6aec9,2026-03-18 12:38:37+00:00,2,,"Activity detection not working. Since there is no way to interact with the device then through the phone, this is problematic...",5.443.0
Whoop,google_play,us,c5cc5f97-5076-47a1-b218-79337d2d1553,2026-03-18 03:42:43+00:00,2,,constantly crashing on pixel 10 pro xl. fixed with a reinstall.,5.442.1
Whoop,google_play,us,fd28b454-d989-44c8-a830-61d1b2f65962,2026-03-17 14:18:11+00:00,5,,The AI guidance has been amazing for me.,5.442.1
Whoop,google_play,us,bdbe0d2f-e2c7-4e0c-b9f4-768442e1e953,2026-03-17 10:40:36+00:00,4,,"Had some issues when first setting up, but ever since then, no troubles and excellent, time-relevent information pertaining to the quality of my sleep, workouts, and recovery times.",5.442.1
Whoop,google_play,us,cfca9e0d-d6a7-43a5-8e17-6557e09d85d2,2026-03-17 04:12:39+00:00,2,,the data is accurate ( hopefully) but customer service sucks. ive joined communities with friends but i dont receive the messages sent. technical support is of no help either. all troubleshooting steps dont seem to work.,5.442.1
Whoop,google_play,us,38f94324-9b60-4cf6-ac0a-3e379e8127c7,2026-03-17 03:37:19+00:00,5,,excellent,5.440.0
Whoop,google_play,us,f2f2d043-71d5-4166-b9f5-ac0fecbaf1c7,2026-03-17 01:21:42+00:00,1,,not connecting,5.442.1
Whoop,google_play,us,281f95f2-29a0-42b9-9433-9d16ecfbba8a,2026-03-16 15:36:09+00:00,1,,continuously crashing on my Pixel 10 pro XL from yesterday.,5.442.1
Whoop,google_play,us,1877d2a9-21fe-4ec0-b8f1-cbcbbcc2127e,2026-03-16 15:09:09+00:00,1,,"community chat doesn't work, can only see my own messages, half the time my own messages don't even send. I get chat message notifications but can't see anything when I load in.",
Whoop,google_play,us,a49b07ba-f80b-49de-a18c-71af11683e13,2026-03-16 14:28:18+00:00,1,,auto detect is not working...tried everything customer support gave....problem still persist.,5.442.1
Whoop,google_play,us,763bb8c2-786b-4277-ac37-a115cd820fef,2026-03-16 06:52:57+00:00,1,,this is a subscription only app. nothing on the band or app will work unless you are paying for it,5.442.1
Whoop,google_play,us,9820d441-ab2c-4ae3-8569-31b62e85db7b,2026-03-16 02:49:03+00:00,5,,useful information,5.442.1
Whoop,google_play,us,19802a36-1bfb-43fe-b130-a16d6502072b,2026-03-15 15:50:48+00:00,2,,"Not being able to take my data when I cancel, it was very hard to cancel my membership. I am not sure the data provided was super accurate, it was helpful but I wanted to take a break from the whoop which led to a pause and overall cancel of my membership. It was very difficult to cancel, had to unpause then cancel and fill out a survey before being able to cancel. I no longer feel the whoop provided useful information for the cost of it.",
Whoop,google_play,us,ad47b003-52fc-4acb-b13d-7c4edc6587aa,2026-03-15 13:35:47+00:00,2,,AI button overlay is blocking the broadcast heart rate toggle so I cannot enable that. very frustrating.,5.442.1
Whoop,google_play,us,88923dd0-6139-45eb-a573-4a2edd508b1d,2026-03-15 10:49:02+00:00,5,,Really interesting data and trends. My sleep trends have slowly improved over 30 days as a result of being more aware,5.442.1
Whoop,google_play,us,16d70a65-8ab6-42aa-af8d-fa1f1a0cca7d,2026-03-15 10:09:10+00:00,5,,I like the coaching,5.442.1
Whoop,google_play,us,543f17a6-f54c-4fc3-9090-07e4b26439f6,2026-03-15 03:21:38+00:00,1,,the app crashes to the point that I have to keep clearing the cache. this is the second time it's happened in the last 30 days.,5.442.1
Whoop,google_play,us,c115cb66-8ab6-433f-8f88-0933a0758b19,2026-03-13 13:06:47+00:00,5,,"sleep tracking really good, same with recovery",5.442.1
Whoop,google_play,us,4a5fbc74-856d-4cef-b1b4-f4b84ba14239,2026-03-13 04:28:41+00:00,1,,experience is getting worse with every update having a wait over 15 minutes to synchronise and having to reset the whoop every time to synch. support is useless with an automated AI response which is basically chatGPT.,5.442.1
Whoop,google_play,us,0799c2f5-64a1-4143-801e-7404b7eb12e6,2026-03-12 21:24:47+00:00,1,,"Android user and auto activity detect has stopped working. I can also no longer access health monitor w/o doing a ridiculous work around. Support has been useless. I have followed their instructions with no success and all they can do is repeat themselves or ask me to keep sending them videos of my interactions with their app. Seems like Android users are second class citizens. The native Samsung Health and Google Fit apps, which are free do a far better job. Premium price for 💩",5.441.0
Whoop,google_play,us,49bc1d8d-2b1e-4191-9c1a-3749ea3edc88,2026-03-12 18:46:47+00:00,1,,won't connect. paying for a subscription when I can't access the app because it won't connect to my whoop. doesn't pick up my steps or sleep accurately,5.441.0
Whoop,google_play,us,dee6fdc1-899d-42ba-baee-d4024478a2a1,2026-03-12 18:06:54+00:00,5,,good,5.442.1
Whoop,google_play,us,3e7d936a-f079-4d59-994c-8e1d438f4f36,2026-03-12 03:55:58+00:00,5,,"If you are serious about your health then Whoop is for you, it provides great insight and assistance in managing your wellbeing.",5.441.0
Whoop,google_play,us,6bc7aeeb-b9cd-4602-8784-c2b468bdaa91,2026-03-12 03:17:24+00:00,5,,Alarm is not working since last update and its impossible to setup any other alarm because it frezze on loading screen,5.441.0
Whoop,google_play,us,14407f04-bec2-49a5-82bf-c2452d3056bc,2026-03-11 20:49:04+00:00,1,,The app is not working today. i am using galaxy s23. the app is not opening,5.441.0
Whoop,google_play,us,d2b059a8-81e0-47a0-98de-1cb91bbfd64b,2026-03-11 13:57:19+00:00,5,,best fitness tracker on the market.,5.441.0
Whoop,google_play,us,b5785ea2-c1b5-4c5f-9f1d-3f0e9e6e6ea6,2026-03-11 12:49:48+00:00,3,,crashes almost Everytime,5.441.0
Whoop,google_play,us,9d1a2a6e-52d4-4ab4-911a-fc3ac7ff3cf8,2026-03-11 11:17:25+00:00,5,,it is awesome to have and track inputs related to physical and psychological status,5.441.0
Whoop,google_play,us,c277e10a-f3c9-4468-83b0-ad653fad9148,2026-03-11 09:53:16+00:00,1,,"its stopped working after 5 months, and support team is not providing any help. no replacement, no refund (for the next prepaid months).",
Whoop,google_play,us,dc3fac41-8a57-4fd2-a290-b763b2731777,2026-03-11 02:30:48+00:00,5,,awesome!!!!,5.441.0
Whoop,google_play,us,481a1415-2614-4039-8ad0-d15954ad3520,2026-03-10 20:49:55+00:00,3,,it's okay,5.441.0
Whoop,google_play,us,68761abd-7222-43f2-a428-599fc4e1f9b4,2026-03-10 15:57:35+00:00,4,,"great. but I dislike the handling of the journal enty. if you hit the wrong place and get to the description, when you go back to the journal you have to scroll and scroll down to item. also, the coach is very repetitive and you can't see previous ""conversations"".",5.441.0
Whoop,google_play,us,f3667de9-4a8a-4c3b-b594-e590972208b9,2026-03-10 12:00:00+00:00,2,,"It told me that I could get it for a month for free, and only pay £8.00 for shipping. I go to pay the £8.00, and my bank tells me that £100 was declined. Why is it telling me 'get 1 month free' then makes me pay £100? Make that makes sense.",5.441.0
Whoop,google_play,us,f6afba26-1d2c-4860-878d-dd9a8530f46b,2026-03-10 10:56:46+00:00,5,,awesome piece of health technology,5.441.0
Whoop,google_play,us,96faf178-833f-498e-a9f9-375d8a505002,2026-03-09 23:43:58+00:00,5,,app has worked flawlessly and has served as a great way to keep track of my body and it's recovery from exercise.,5.441.0
Whoop,google_play,us,6dbcfcc6-68a8-41ea-897f-19ecf77a9da4,2026-03-09 21:34:17+00:00,1,,the support team is really bad at responding and could fix my problems first problem I had was with my account there's a error that caused a an extra account to appear that I couldn't get rid of after calling they said to email after 3 days of trying to talk and them responding every 6 hours or more I called again just for them to say that it was a glitch and that I wouldn't get billed for it then I was billed for it I then emailed they then gave me a refund for less so I emailed them had tocall,5.441.0
Whoop,google_play,us,a869d4ae-e03c-4c5a-a927-e7ddc01920a9,2026-03-09 20:02:57+00:00,3,,After update the whoop app crashes and closes when I click community. For the rest 5* but making lower review to attract dev attention,5.441.0
Whoop,google_play,us,05b69ca4-cf83-4c69-99b8-5215805d5fbe,2026-03-09 18:30:32+00:00,3,,- No notifications at all for some reason since upgrade to 5.0 - no reminders to log the previous day - no notification on detecting activity - Activity tracking toggle switches off on its own - app crashes when you go to the community tab,5.441.0
Whoop,google_play,us,331d7398-d871-410e-a111-71fe7687d500,2026-03-09 08:53:50+00:00,2,,Do not use it as a training tool as it's not accurate. I'd stick to RPE... I'm sure it can have some benefits for certain people.,5.440.0
Whoop,google_play,us,635a42bd-b85c-4c79-8c87-e2d6b31bb19c,2026-03-07 16:15:41+00:00,2,,"data insights are good, but under free trial, I hate how aggressive you are in trying to upsell me. I noticed the navigation is so confusing, especially the ""more"" section because the whole top page is covered by modules to upsell me. I have to scroll much lower to actually find what I was looking for like ""journal"". I thought I couldn't find it",5.441.0
Whoop,google_play,us,98902c8e-7493-4c28-ba3d-a3236a7c3e3a,2026-03-07 06:18:14+00:00,5,,I have been using WHOOP for nearly a year now and honestly can't see me changing to anything else or being without it. incredible amounts of data and fitness tracking like no other. well worth the price,5.441.0
Whoop,google_play,us,6f35694e-6d72-4e14-8b5d-eb3bc4982ea3,2026-03-07 00:56:19+00:00,1,,"Used for several years. App UI continues to get worse. Latest versions of the UI have gotten less intuitive, requiring more work to find what you want. They now push engagement of their community and AI features on you that I never wanted. There's no way to send feedback. * Update several months later: Still really hate this interface, now with annoying cards on the main page) *Update: Even worse now *Update: Worse AGAIN! *Update they changed it again?! ugh",5.441.0
Whoop,google_play,us,6fd3caf1-74e9-49a8-be10-80fce4089cc0,2026-03-06 20:16:28+00:00,2,,"Unreliable data. too slow to sync, Expensive subscription. Great marketing.",5.440.0
Whoop,google_play,us,771ffdcc-3caa-4a11-a1df-bbb98f187db1,2026-03-06 17:42:53+00:00,1,,data keeps lagging,5.439.0
Whoop,google_play,us,cdf896b8-a16f-4438-9173-161744c6092d,2026-03-06 08:32:52+00:00,5,,awesome app for the health conscious,5.440.0
Whoop,google_play,us,4056d825-4f7c-4d1c-be56-0585782643bc,2026-03-06 03:40:24+00:00,2,,Average benefit and usage experience,5.441.0
Whoop,google_play,us,7f7e166c-9887-4564-999a-8754b3fd6305,2026-03-05 13:14:16+00:00,3,,it's okay but not sure its worth the subscription fee yet,5.440.0
Whoop,google_play,us,8da0083b-795c-459a-ba9b-7717c362be47,2026-03-05 06:41:37+00:00,1,,app is crashing instantly as of recently,5.440.0
Whoop,google_play,us,a9c42c7a-7d56-4b2f-9995-e986997dba71,2026-03-05 01:09:59+00:00,4,,"I am sure that there is a lot of good data populated from this, but I just don't have the time right now to analyze it. Being a public school teacher is not an occupation that allows for one to spend much time doing self care things.",5.440.0
Whoop,google_play,us,1cee5191-94db-4ac1-aeaf-0d6df48a4874,2026-03-04 12:08:49+00:00,5,,I have narcolepsy and a long commute. Whoop forces me to pay attention to my body. I don't doubt that it has saved my life on the drive several times over. Even if it is inaccurate at the start it just keeps getting better.,5.440.0
Whoop,google_play,us,2c4ee8da-8d4d-43d9-af2c-9306842b456e,2026-03-04 07:10:54+00:00,5,,👍,5.440.0
Whoop,google_play,us,ef2efdd7-5cec-43ad-b003-8f1635629f2a,2026-03-03 22:01:17+00:00,1,,Whoop does not work. Horrible customer service! I would not purchase even if I was paid.,5.440.0
Whoop,google_play,us,d5b922ab-8e45-47c5-9456-ccdda8212d4a,2026-03-03 21:26:38+00:00,1,,"when you reached the shipment and choose the address,every time it just stuck and the cycle keep rolling, so you have to start over again, iv been trying for 2 days now!!!",5.440.0
Whoop,google_play,us,e3f28e43-4c49-4fa3-bc80-7741fa6c56b9,2026-03-03 11:49:10+00:00,5,,"this got my sleep, workouts, stress balanced and actually losing weight",5.440.0
Whoop,google_play,us,e966a2fd-cc32-478a-aabe-88a38baf3921,2026-03-03 11:18:19+00:00,1,,app crashing during strenght training after the new update. FIX THE APP. Charges $300 for subscription and app keeps crashing. waste,5.440.0
Whoop,google_play,us,1eaeb816-718f-40ee-9e86-663eac675594,2026-03-03 10:50:30+00:00,1,,constantly crashes on pixel pro 8,
Whoop,google_play,us,7d200582-e5cf-4f7c-b92f-48feef31f97e,2026-03-02 20:44:19+00:00,5,,fantastic training and health tool,5.440.0
Whoop,google_play,us,566e1375-59b5-43a3-aa7c-6e543dff458f,2026-03-02 20:40:15+00:00,4,,Please add custom stride length to your model. Currently individuals with longer strides are punished in healthspan citing less steps while I am covering similar distances an average person with 10k steps will cover.,5.440.0
Whoop,google_play,us,da172b5a-8547-4e58-9c90-d5391feeeb44,2026-03-02 18:28:01+00:00,1,,Barely functions,
Whoop,google_play,us,c18dfb38-1cc6-4116-a38d-dd587bffc3a7,2026-03-02 17:58:35+00:00,1,,"Since switching from iPhone to Pixel, I've had a terrible experience with the Whoop app. Notifications are delayed, syncs and activity processing are slow, and there's no search option to start an activity. Plus, messages in the community groups often show up hours later. Disappointed to see how the Android version of the app is not as refined as IOS. Hope they fix it soon.",5.440.0
Whoop,google_play,us,17b3ae2c-8279-47f2-875b-b1fdfbfc3d3f,2026-03-02 08:07:54+00:00,5,,"absolute life changer. so glad I got this, also the annual fee works out at £20 per month which is miles cheaper than I thought it would be :D",5.439.0
Whoop,google_play,us,9a9f8373-be2b-41db-a2f0-12f94923f95b,2026-03-02 07:00:58+00:00,5,,Worst experience ever with any fitness app/device. Heart rate monitor is useless completely inaccurate 90% of the time. Tried cancelling my subscription and they have charged me twice. 2nd time they charged me after i deleted my card details and now they refuse to answer my support emails and refuse to give me a refund. make sure you cancel your credit/debit card if you unsubscribe they will steal your money and ignore all requests to get a refund back. Absolute disgrace of a support team.,5.440.0
Whoop,google_play,us,b4d45dab-3353-4506-8bce-b262ce67c608,2026-03-02 00:04:48+00:00,1,,"team chat is completely broken, I get notifications but I can only see my messages no one else's. Ridiculous and this bug has existed for well over a year.",5.440.0
Whoop,google_play,us,3aadae42-b388-456e-aa32-1a3b57e05acc,2026-03-01 15:41:20+00:00,5,,always whoop 😄,5.440.0
Whoop,google_play,us,85e179a8-c033-4c07-99eb-f87ddb81193d,2026-03-01 03:19:41+00:00,5,,very useful foe every person,5.440.0
Whoop,google_play,us,8d585333-88de-41a9-9613-b34904600a26,2026-02-28 13:21:26+00:00,5,,This app is excellent.,5.440.0
Whoop,google_play,us,f8c999cd-cfb0-4210-9652-927aaae29028,2026-02-28 04:46:18+00:00,1,,Whoop has become such a scam. They had always promised a free upgraded device when you renew your subscription. You now only get that with certain memberships. They also charge you an upgrade fee on top of the subscription renewal price. It is such BS now - there are enough highly rated fitness trackers on the market that there is absolutely no reason to stick with whoop. They also STILL cannot get the step tracking right. Don't waste your money on this one.,5.439.0
Whoop,google_play,us,cb2e56ec-4592-4619-bc1d-a08604cb8471,2026-02-27 19:53:38+00:00,1,,"HR accuracy is getting worse. Really want to like this. The concept is great, the information is awesome, but the hardware just can't make it happen. Was good initially but seemed to get worse with every firmware update. Really unfortunate. Truly hope it gets better. Will update if it does. Edit: reducing to 1 star. The data is getting worse and worse. The hardware is very finicky and erratic. Edit: Wish it would import gps data instead of needing to track itself. Causes large battery drain.",5.440.0
Whoop,google_play,us,f1cc38eb-3ec6-47e5-8972-bb17887d3a12,2026-02-27 19:06:14+00:00,2,,app keeps crashing and it won't start again unless I reinstall it. what kind of experience is that for an expensive subscription?!,5.439.0
Whoop,google_play,us,13b4cf89-95db-4ed9-9f26-a52a4e2205f6,2026-02-27 05:39:28+00:00,1,,Doesn't work offline,5.440.0
Whoop,google_play,us,55363a39-b5e4-4ec9-aec1-3a21f1aebb48,2026-02-27 01:48:57+00:00,5,,"very informative, my life has became much more vibrant and clear because of all the information I've gotten from this app. super cool, highly recommended",5.439.0
Whoop,google_play,us,85dffbcf-c321-4860-b28d-b5ff976ec5b6,2026-02-26 14:18:00+00:00,5,,best wearable tech yet for the price,5.440.0
Whoop,google_play,us,a0daee52-e9a8-4ab1-a858-776b61f90057,2026-02-26 11:22:37+00:00,5,,android version does not allow me to end activity good app overall,5.439.0
Whoop,google_play,us,3875f0eb-c71f-4fe9-bdcc-78844f181561,2026-02-25 14:14:25+00:00,5,,great device 👍 👌 all the data is very interesting and informative,5.439.0
Whoop,google_play,us,ecc64f8b-a3b4-47ae-ac02-f59fb86d2345,2026-02-25 10:40:31+00:00,3,,whoop was ok gives insight to health wasn't for me said FREE TRIAL had to pay to return so not free trial,5.439.0
Whoop,google_play,us,939731a6-f414-4d0f-a98c-a02a43cb24e7,2026-02-25 09:27:47+00:00,5,,great device,5.439.0
Whoop,google_play,us,9f441f50-fe2c-4aa4-9493-4ccbfbe06251,2026-02-24 21:03:04+00:00,5,,Great app to look at my daily sleep patterns,5.439.0
Whoop,google_play,us,e12f4c87-bab7-4dfc-9f8c-c0ece667fe86,2026-02-24 13:02:26+00:00,5,,"i love my whoop. i just lost ny son a few months ago, and it helps me take care of my body through grief. when to take it easy and days i am good to put more effort in my recovery.",5.439.0
Whoop,google_play,us,66649bb5-c5c6-4a76-b92c-65912292fcc0,2026-02-23 19:25:46+00:00,1,,"app regularly losses my workouts, especially the long ones. it messed up my averages. tech support is non-existent or doesn't really care. it is only a workout, no?",5.439.0
Whoop,google_play,us,5ffb4fbf-8772-420a-997e-53a5df6b415c,2026-02-23 16:48:28+00:00,1,,"I'm not sure what update it started with, but I regularly have to force close and delete the data and cache for the app after it repeatedly stops and refuses to open.",5.439.0
Whoop,google_play,us,1d8b16ca-d6a2-4ef2-81e5-109b4affde22,2026-02-22 14:07:25+00:00,1,,The app keep crashing during working out,5.439.0
Whoop,google_play,us,25d9d63b-ecb1-4736-a097-edda51cf237a,2026-02-22 12:05:54+00:00,4,,"everything is great in this app, but I'm from India and in this app when your sign-in up the app ask where do you live and most of the country's are missing from that please add more country's option",5.439.0
Whoop,google_play,us,82a17e72-07e6-4ca8-bf02-e0f8b6f808d4,2026-02-22 01:48:40+00:00,4,,please enhance your app interface,5.439.0
Whoop,google_play,us,4fa03eef-51d6-49bd-b737-d8fa0e14de89,2026-02-21 14:08:27+00:00,5,,This is an Excellent App. You will definitely be able to track your personal health and health life goals.,5.439.0
Whoop,google_play,us,ddd64122-3eee-4d9a-bf02-e10cf9e92172,2026-02-21 13:10:02+00:00,5,,whoop whoop is awesome. learning a lot that is taking me to the next level in my health!!,5.433.0
Whoop,google_play,us,67a8e6fd-7400-4631-a60a-508d3c733a17,2026-02-20 22:28:16+00:00,5,,motivates me to move,5.439.0
Whoop,google_play,us,dba8b3da-133c-402e-9972-589b587ca2ec,2026-02-20 17:10:52+00:00,1,,crashing app,5.439.0
Whoop,google_play,us,9bded768-b85f-4376-8d43-265330a36867,2026-02-20 16:31:00+00:00,2,,Spammy UI/ Ai chat should be removed,5.439.0
Whoop,google_play,us,6989b2d0-f0ab-4bf0-a0d1-51f1fc3e7466,2026-02-20 08:04:20+00:00,1,,"Buggy app, misleading subscriptions",5.438.0
Whoop,google_play,us,fd4cabd3-9617-43f6-b461-a2ca4351c6ac,2026-02-20 05:34:36+00:00,5,,the amazing lifestyle tracking algorithm keeps u on your toes and in check for your health.,5.438.0
Whoop,google_play,us,75d77224-9336-4dfa-88a6-3a809d5445db,2026-02-20 02:29:21+00:00,5,,good 💯,5.438.0
Whoop,google_play,us,890f6032-ac84-4c72-b185-d0091237a452,2026-02-19 17:48:43+00:00,1,,EKG Messung funktioniert nicht. Wird ewig kalibriert...,5.439.0
Whoop,google_play,us,12745844-d3d7-4d88-963f-08e04ad0a53f,2026-02-19 13:01:00+00:00,3,,can't really tell if it's helping.,5.438.0
Whoop,google_play,us,27fe2ac6-7847-46ae-87b8-315ed396116c,2026-02-19 07:45:07+00:00,3,,but glitchy and too much noise.,5.439.0
Whoop,google_play,us,83f23c76-e2e7-4257-894c-2b646641bb5e,2026-02-18 14:58:28+00:00,3,,I like most of this product. I have a few frustrations. (I bought the year long membership) 1) the period tracking deletes my data. 2) the sleep tracking can't tell when I'm awake. 3) there doesn't seem to be a support within the app for me to report issues or bugs.,5.438.0
Whoop,google_play,us,c7ea0f4e-1e47-4e75-876c-6040f74d415c,2026-02-18 13:34:23+00:00,5,,excellent,5.438.0
Whoop,google_play,us,e351124e-8218-47f3-8197-68b8c6e594ba,2026-02-18 13:20:20+00:00,5,,love it,5.438.0
Whoop,google_play,us,dfad845d-a755-402d-a680-91510d71eaf5,2026-02-18 05:21:41+00:00,5,,"I see a lot of negative reviews on reddit about Whoop, but I had great experiences with their customer support and the accuracy was on point for me (wrist band)",5.438.0
Whoop,google_play,us,329e3673-4fce-44ff-be67-e5dccc6fb171,2026-02-18 04:31:03+00:00,5,,nice,5.438.0
Whoop,google_play,us,13318e9a-412f-4ab2-833f-f698fcbe9ae1,2026-02-16 21:34:22+00:00,2,,absolutely useless for a person with irregular sleep patterns. if Ur a 10-5am sleep pattern person who do u need whoop in the fleet place. absolute waste of money and time 😭😔,5.438.0
Whoop,google_play,us,87a9e315-94e6-4671-a4b3-766a735e341a,2026-02-16 15:58:48+00:00,5,,Dedicated health devices are awesome. having a watch that is just a smart device with some health features is dumb. loving the whoop.,5.438.0
Whoop,google_play,us,257b75d3-65a4-4599-97db-0d46b8c50a5d,2026-02-15 22:03:19+00:00,5,,Love using this.,5.438.0
Whoop,google_play,us,3dfbe346-0392-44c9-994b-14c9b6c8aa55,2026-02-15 03:53:05+00:00,4,,i'll give 4/5 for android version... the chat in community didn't appear completely even forced stop. the search for activities are not user friendly compares to iOS.,5.438.0
Whoop,google_play,us,34100854-be6f-41ea-b5be-d7b7d4aa20cc,2026-02-14 23:13:53+00:00,2,,"it started great but as time has gone on the app takes longer to load the information, it's gotten less accurate with the timing if I wake up at around 7 am it records 15 20 minutes after and I constantly have to adjust it. even the AI feature is really slow. if I don't open the app often even with the blue tooth on it won't synch the data. seems to have just slowed with time the device is under a year old.",
Whoop,google_play,us,b019f44a-b022-4e5d-bd7a-5216ee07d81b,2026-02-14 12:19:28+00:00,1,,in india bp monitor is not working,5.438.0
Whoop,google_play,us,416ec35e-bd09-4bcf-884e-ab32646f0318,2026-02-13 13:53:41+00:00,5,,awesome,5.437.2
Whoop,google_play,us,7a290a7e-5682-4c14-a372-263a64a1f67f,2026-02-12 12:03:33+00:00,1,,"latest version is poor buggy,wont open, keeps stopping in the background",5.437.2
Whoop,google_play,us,6eb5bea2-c157-4a12-8979-2917f941d573,2026-02-12 07:38:20+00:00,5,,"A fantastic bit of tech that makes it super easy to understand more about how your body performs, when it needs rest and help you be at your best.",5.437.2
Whoop,google_play,us,a12af5b4-2162-4c8d-861d-07b7e5b0f431,2026-02-11 20:14:59+00:00,1,,Recieved a Whoop MG Life. Installed the app and registered an account but it crashed when I was doing my first ECG measurement. Now the app keeps crashing upon startup and remains unusable.,5.437.2
Whoop,google_play,us,cdfd3437-5384-45ee-8b4a-0538dd4c250f,2026-02-11 14:33:39+00:00,2,,"Feb 2026: Whoop team chat doesn't work, despite emails being sent promoting it. If you tell support about it you'll get an AI gaslighting you into thinking it's your phone's fault '25: It's a good app, but there have been so many regressions :( GPS tracking doesn't work, causing VO2max estimates to be inaccurate. Plus, they removed weekly and monthly performance assessments from the app, along with the really useful weekly charts (strain vs recovery, and sleep consistency vs sleep performance)",5.437.2
Whoop,google_play,us,31634683-3bf3-422c-b9b0-8e3c92e5a563,2026-02-10 21:27:42+00:00,5,,"Does not get any better learning about yourself than using one of these I have the mid-tier subscription with a 4.0 and completely satisfied with it. I've had it for about 4 years, I use a bicep band cuz I hate things around my wrists and definitely can't sleep with one on. If you're going to go bicep band my recommendation after years is get a second band so once a week when you charge the whoop swap bands and arms. Keeps smelling nice and manages your whoop tan line. 🤣",5.437.2
Whoop,google_play,us,8636c390-5ae7-4e67-be3a-005be2f3082f,2026-02-10 06:29:48+00:00,5,,i love my whoop. i had it a bit over 6 months and i am in the best shape of my life,5.437.2
Whoop,google_play,us,1d23d237-f664-49fa-90d2-ed83b21fedf2,2026-02-09 19:36:16+00:00,5,,life changing app and device!,5.437.2
Whoop,google_play,us,15bf2c34-ced8-48d9-b477-e1429c0c9e1a,2026-02-09 11:47:15+00:00,1,,"its been very glitchy causing all other open apps to shut down when im trying to ""finish"" a workout",5.437.2
Whoop,google_play,us,ffea078b-4dec-4078-ace3-8be7267d6d9f,2026-02-09 01:32:38+00:00,5,,very nice objerrve,5.431.0
Whoop,google_play,us,ed3885e5-fbdc-4f6b-93ff-65e36be5c0aa,2026-02-08 21:12:48+00:00,5,,works better when the whoop isn't being simulated to someone elses pace maker using your identity too.,5.437.2
Whoop,google_play,us,7660f78b-a15a-480e-b277-023217ffa8e2,2026-02-07 14:44:19+00:00,5,,Love my Whoop!,5.437.2
Whoop,google_play,us,066b45d2-9ed5-4f94-839f-db2c3a876a00,2026-02-07 06:14:52+00:00,2,,"I have been using WHOOP MG since October 24, 2025. The community chat feature is not working, and ECG reports sometimes take more than one day to process. These interruptions affect the service I paid for. Please address these issues as soon as possible.",5.437.2
Whoop,google_play,us,416a6db2-71ec-4835-bfb4-9cad1b1f9613,2026-02-06 18:20:36+00:00,1,,"The total cost of ownership in insanely high. They change their terms of use without notification or possibility of refund. I use it only, because I can't find any alternative. It's a great device, but terrible company and value. The support is just some cheap AI.",5.435.1
Whoop,google_play,us,6bf50eff-0feb-4746-bb7e-0d0bfd748fbf,2026-02-06 12:37:54+00:00,5,,"love it. easy to use, wearable is nice and has a long battery life.",5.433.0
Whoop,google_play,us,c17eb062-e4dc-415d-b369-13a2eef8312a,2026-02-06 10:12:00+00:00,4,,"User Interface takes a little bit of getting used to. otherwise, great app",5.437.2
Whoop,google_play,us,39717873-3e4e-4784-83c8-17d65000e40c,2026-02-06 07:58:44+00:00,5,,an extremely helpful heath monitor. Fun to use. Works well and easy to operate.,5.437.2
Whoop,google_play,us,321061ef-82e8-4a63-bf7a-0d2088998269,2026-02-06 04:05:43+00:00,1,,I do not want to interact with an LLM. Please stop trying to jam it down my throat. Especially when it auto pops up in the activity page and actively COVERS UP the key statistics section.,5.433.0
Whoop,google_play,us,5d00d570-64b3-4b7d-928b-3b25a28acd7a,2026-02-06 03:34:12+00:00,3,,The whoop AI button is right on top of the broadcast heartrate toggle...,5.435.1
Whoop,google_play,us,b49268d2-88f5-4159-80e6-33a0e084e281,2026-02-05 16:03:33+00:00,5,,I love what I'm learning about myself.,5.435.1
Whoop,google_play,us,927107a9-d533-48f4-8458-cbfa88f8cfb4,2026-02-05 12:18:18+00:00,5,,Great price and great information. Coaching is helpful and better than Garmin in my opinion. Free trial is great for assessment.,5.435.1
Whoop,google_play,us,36ae173d-9f34-4802-a673-472de199ab3c,2026-02-05 12:17:09+00:00,1,,should have Thai language or every language,5.435.1
Whoop,google_play,us,8d49ba46-1046-4586-aa3b-d5e108d7b21e,2026-02-04 23:27:06+00:00,5,,Great product.,5.435.1
Whoop,google_play,us,451fe576-826d-457a-a0b6-fd5192b9c9d4,2026-02-04 10:28:23+00:00,5,,best device and app I've ever owned,5.435.1
Whoop,google_play,us,9c9c7186-4b0b-4c03-bbd3-37954db0b1a9,2026-02-03 21:20:31+00:00,5,,i didn't know until i used it and its very good,5.435.1
Whoop,google_play,us,340e65bd-a772-4cc9-bbc6-2a7eca6b9512,2026-02-03 03:56:27+00:00,1,,just received the whoop in the mail.. absolutely the worst experience to try to figure how to put it on.. the basics.. videos don't help. wish it was like a Fitbit..,5.435.1
Whoop,google_play,us,07462ed1-252b-4a9b-b8ef-3d3deef9f725,2026-02-03 00:39:58+00:00,5,,WHOOP has really helped me focus on my health. monitoring what I do and holding myself accountable is a game changer.,5.435.1
Whoop,google_play,us,249b13c2-dd9a-412d-aebe-6c0ddfd4520f,2026-02-02 14:07:24+00:00,5,,"Great features!, some I have yet to use.",5.435.1
Whoop,google_play,us,d86a6d52-598b-4940-9ae6-2a389676f2aa,2026-02-02 06:27:12+00:00,1,,"updated 2026 Feb, whoop MG. still poor connection with the phone and the wearable. AI is amazing. The following happened about every two months, now several times a month, the mobile app and the wristband cannot be connected and I need to uninstall before I can use it again. It takes me 10 mins each time to get the connection.",5.435.1
Whoop,google_play,us,8df6cf8e-a53d-49db-afc2-6ba04e6a09d1,2026-02-02 02:57:20+00:00,4,,it could be better,5.435.1
Whoop,google_play,us,36a10016-1a2b-4f8f-8dc8-881017bfe54d,2026-01-31 21:23:02+00:00,1,,the app is continuously crashing after the latest update. i am using S24 ultra,5.435.1
Whoop,google_play,us,aa2053b5-e9d4-453f-861e-a94c6f43acb8,2026-01-31 07:42:02+00:00,5,,"Very useful tool to keep track of your health and fitness. It has its issues, but in general it is amazing.",5.433.0
Whoop,google_play,us,5cb3cb6c-a9e5-4ff3-96d0-381f863f1ea8,2026-01-30 17:11:07+00:00,2,,Good but over priced. Garmin offer similar but cheaper.,5.435.0
Whoop,google_play,us,d80914dd-5869-41fe-8c0e-4a57153bbf78,2026-01-30 14:51:53+00:00,1,,The worst customer service AI slop. Over two months of trying to get a human to fix an issue with a purchased blood test. I wish I could rate a zero.,
Whoop,google_play,us,74c73d13-920d-4fdf-ae71-851e444b1ec0,2026-01-29 17:53:07+00:00,1,,"The app shows lot of information. Most of which you don't understand or is of no use. I was surprised to see that even with top of the line membership, the first thing on Health tab is to pay for Advanced Labs. App is difficult to use. One time it logged my sleep as nap and nap later in the day as sleep. It messed up all the numbers. I had hard time discovering the issue. Customer support kept on giving different instructions to try and none of them worked. Never found the WHOOP Coach in the app",5.433.0
Whoop,google_play,us,ea1a9ff8-5860-45ce-ab83-6c6cbf4a989c,2026-01-29 12:49:44+00:00,5,,let's of info and some help to live better,5.433.0
Whoop,google_play,us,109e1069-489d-4539-8e05-dc2e15e19f2a,2026-01-29 07:00:35+00:00,3,,"Great product, ridiculously expensive.",5.433.0
Whoop,google_play,us,d6764263-db3c-4663-8bf0-e0ff3b433b79,2026-01-29 04:25:00+00:00,2,,Whoop keeps disconnecting from my Bluetooth and won't reconnect without manual assistance,5.433.0
Whoop,google_play,us,c6ded38b-5070-43b5-bcf9-9221d507f583,2026-01-29 02:15:47+00:00,5,,Worth every penny,5.433.0
Whoop,google_play,us,406d3fc0-2509-432d-ab83-86bfd855d87e,2026-01-28 09:19:35+00:00,2,,"Please add a notification when starting an activity that tracks the GPS location and the phone is in an energy saving mode, to disable the energy saving (I'm using a Samsung S21 ultra). Like Strava does. Another thing that is pretty annoying is that almost all featured require an internet connection. I was not even able to set an alarm for waking up without a connection. AND the landscape mode switching for viewing the heart rate is so janky.",5.432.1
Whoop,google_play,us,b80b8370-9028-4d55-8219-2651d3ac2043,2026-01-28 07:03:56+00:00,3,,"I only 200 days with Whoop and it disconnected 3 times, so I had to reinstall the app (tapping until the indicator is blue didn't help)",5.433.0
Whoop,google_play,us,39133211-dcd6-455e-b3b7-57023fc16a4b,2026-01-28 04:16:39+00:00,1,,app need more improvement,5.433.0
Whoop,google_play,us,b237ed5a-a182-4f79-9090-4378a95bf914,2026-01-27 19:18:54+00:00,5,,best best best,5.433.0
Whoop,google_play,us,a5a5aebb-7ccd-4047-b7df-e637cef0d222,2026-01-27 15:37:54+00:00,1,,software seems to be very unreliable,5.435.0
Whoop,google_play,us,e5c6c961-eeed-4ded-87ac-c2d87006e347,2026-01-27 04:40:37+00:00,5,,Exelent control,5.433.0
Whoop,google_play,us,665cb50e-70ab-4c28-bec5-796f3b385df4,2026-01-26 22:06:31+00:00,1,,last update makes app unstable keeps crashing and killing my battery,5.433.0
Whoop,google_play,us,23e11c4c-c7ce-4b7a-abd5-feedc6b756e1,2026-01-26 18:42:21+00:00,5,,absolutely yes. fantastic device,5.433.0
Whoop,google_play,us,65532748-daf8-4b72-be08-bd06532f99f1,2026-01-26 05:11:11+00:00,1,,"ill go elsewhere . i cant even use or see the app without putting my card.? also there have been issues refunding people. No thanks. i bought the device, i cant use it for anything wothou paying more? polar amazfit garmin apple google fitbit all these are free to see their app without a credit card",5.433.0
Whoop,google_play,us,c7f9094f-0c77-4aab-ac52-ae56ccb87382,2026-01-25 16:39:32+00:00,5,,The amount of information is very insightful. It has tips and helps you be accountable and sucessful.,5.433.0
Whoop,google_play,us,5cf81c99-76a3-48ac-9620-f7c11b4e15ca,2026-01-25 15:13:28+00:00,1,,Small misses for such an expensive subscription . Steps Data not syncing to Health Connect. Tried everything.,5.433.0
Whoop,google_play,us,3788ca7e-5a28-4d10-af27-901859139322,2026-01-25 09:56:25+00:00,3,,"Just started with Whoop Need time to review But, right now the most annoying thing is the permanent placement of the AI icon. Its blocking the basic functions like - Am not able to turn off 'Brocast Heart rate' Team could you do something 3 starts so far Will do the review again after few weeks",5.433.0
Whoop,google_play,us,16ef23c7-38f9-48eb-a105-750a7c685a68,2026-01-24 23:21:48+00:00,5,,"So far, Whoop has all the others looking useless. Even my doctor was impressed by the information on the Whoop. Not to mention, how very close it is to the expensive tests that doctors use.",5.432.1
Whoop,google_play,us,921b8d57-8ecc-458b-b663-fda6d814dc08,2026-01-24 21:35:53+00:00,1,,"Whoop’s app is cluttered with unnecessary text and feels overly commercial. It is simply not in the same league as Garmin. Anyone who has used a proper sports watch can see how annoying Whoop is by comparison. If this approach continues, it will make itself irrelevant. Its calorie measurements are way off. It is basically a gadget for people who are new to sports and get overly excited about trendy toys. Garmin app is way more super and professional.",5.433.0
Whoop,google_play,us,94d0cd31-f918-476a-97d8-ebc7ac214764,2026-01-24 13:51:43+00:00,5,,Whoop helped me change my life.,5.432.1
Whoop,google_play,us,5850d8cf-0bb2-4c40-8fd8-4e325902362d,2026-01-23 22:19:14+00:00,3,,"Great tech, but the pricing model is outdated and flat out unfair in EU region. I really like the product, but the subscription pricing isn't market-realistic for all of Europe. You can't just apply one ""EU rate"" across the board when there are such massive income gaps between regions. If you want to actually build and keep a subscriber base in the CSE area, you need to price more competitively for local markets. Other than the cost barrier, it’s a great product...",5.432.1
Whoop,google_play,us,3bfb29de-6ad8-401d-b4bc-d56a0cea604d,2026-01-23 15:29:54+00:00,4,,"very good app. gave it 4 stars because there are features i would expect a total wellness app, that are missing. - no glucose tracking (either manual log in journal or device syncing) - does not keep track of ketone levels (manual entries in journal)",5.432.1
Whoop,google_play,us,66b8dfed-e4bd-44a9-8c6d-28e6fbf1bea6,2026-01-23 14:51:18+00:00,5,,quality app easy to use and understand excellent product,5.432.1
Whoop,google_play,us,87fd3d6c-c8c3-459b-8373-76cf10f48703,2026-01-23 11:06:44+00:00,5,,"So far, so good. I am still trying to figure out why my step count is different on this device and my other",5.432.1
Whoop,google_play,us,1bd3e658-620c-4492-8e0f-fae322db54aa,2026-01-23 08:33:20+00:00,5,,Using it for two weeks and I am finding the recovery insights useful so far.,5.433.0
Whoop,google_play,us,c12aa9fa-b74c-450b-a165-73b18e01fc2c,2026-01-23 06:57:31+00:00,5,,Excellent piece of kit 👌,5.432.1
Whoop,google_play,us,6f90a7f5-11d0-4c40-bf5e-ef83da2c1029,2026-01-23 04:09:08+00:00,1,,"it keeps crashing and is so annoying to have to uninstall, then reinstall, then login and pair...this is 2026 why so many steps",5.432.1
Whoop,google_play,us,b63a098a-ae96-4eda-8a00-8e5ef5d21f42,2026-01-22 11:25:05+00:00,5,,very user friendly. great tool for fitness and health enthusiasts,5.432.1
Whoop,google_play,us,73892fbf-5c1a-44b3-b613-76ec9e3c2c69,2026-01-22 05:44:07+00:00,5,,best analytics. easy to use. lovely battery life.,5.432.1
Whoop,google_play,us,df02c6e9-f631-4a24-8053-3f565613c808,2026-01-21 22:36:30+00:00,1,,"Most recent update placed the stupid AI button DIRECTLY OVER the ""start activity/start set"" button. This is no doubt intentional, and incredibly unethical. If this is not removed in the next update, I will not be renewing my subscription.",5.432.1
Whoop,google_play,us,592d28c9-fff6-41da-a33e-28f192b1e2bc,2026-01-21 19:51:47+00:00,2,,"I love my whoop but I remember now. I stopped using whoop before because the workout tracking is atrocious. you can track your single workout, but then you can't go back easily. And look at them or see what you planned out next so once again I'm going to have to go use an external workout tracker. whats it gonna take for yall to add a workout tracking in with the mix. yes I know there's one there and its relatively ok if it was easily accessible and had a better ui. whoop is great other than tha",5.432.1
Whoop,google_play,us,7735e6ae-bca8-420f-b438-fb8fd7a95c41,2026-01-21 01:02:05+00:00,5,,"awesome app, it helped me organize myself and my habits",5.432.1
Whoop,google_play,us,ed6fe439-0f28-4c1f-a470-9269c0725a11,2026-01-20 14:51:14+00:00,3,,a little flakey. Time sliders for Journal app only show a limited time period so it's not possible to accurately indicate items,5.432.1
Whoop,google_play,us,d3e94eb5-1b0a-440f-8d2d-4c9018fc9dec,2026-01-20 14:16:34+00:00,5,,Love the health insights. When I follow the app's advice I feel much better.,5.432.1
Whoop,google_play,us,7447229a-684c-48d3-b662-662709e93a04,2026-01-20 11:40:46+00:00,4,,Share health report is currently broken on Pixel 10 Pro XL. Exit and share UI elements are off screen and can't be touched.,5.432.1
Whoop,google_play,us,9f55c4fc-0762-4bda-9305-7af6b6536bac,2026-01-19 04:40:37+00:00,1,,app not working,5.432.1
Whoop,google_play,us,560fa2c5-e809-4d8b-907b-729a77436ea1,2026-01-18 23:12:09+00:00,4,,what an investment 👌 . but the price is tooo high in comparison with other companies that delivers the same data,5.432.1
Whoop,google_play,us,4b44122c-a8e8-4980-86db-d64791dea22f,2026-01-18 14:31:16+00:00,3,,"The device needs to improve its sleep/wake detection. My sleep is almost always calculated incorrectly. It also continues to recommend I get 10 hours of sleep 😂 It has enough data to know how much I sleep, what's effective, and to update its silly recommendations. I have worn it consistently for 5 months and am losing interest. The app is great. It's the device that has me questioning longevity with the service.",5.432.1
Whoop,google_play,us,e2f11f42-9059-43f9-b208-adb839c48975,2026-01-18 14:19:48+00:00,1,,can't even open the app most times. it just crashes. I need to reinstall and sync again to make it work again. if it's working the UI and UX are very good. IF it works,5.432.1
Whoop,google_play,us,587423fd-37e7-4181-bfb4-7f7487a94413,2026-01-18 07:57:50+00:00,5,,amazing app and wonderful device,5.431.0
Whoop,google_play,us,d4460ff1-db20-40db-88df-c7dbfc72e48a,2026-01-18 03:09:28+00:00,5,,great investment even with the lowest plan. thinking of upgrading for the healthspan feature,5.432.1
Whoop,google_play,us,ad8c52ef-5a70-485f-86fc-673d38a5d3a1,2026-01-17 23:57:28+00:00,3,,generally like the whoop but the app keeps closing,5.432.1
Whoop,google_play,us,f9571dd4-e4a4-452e-ba56-943dd84da7f3,2026-01-17 18:17:24+00:00,5,,Helps me to keep my balance,5.432.1
Whoop,google_play,us,bcbbaf3f-ca6c-4f9e-9fd2-f9fd3ff2f718,2026-01-15 17:06:10+00:00,4,,I like being able to track my sleep and foot steps.,5.430.0
Whoop,google_play,us,8fee1841-f6a6-4a44-a1aa-48a058bd30c6,2026-01-15 03:24:55+00:00,5,,very good to map recovery and work outs,5.431.0
Whoop,google_play,us,17f17a92-0b62-455e-bfeb-e4a951a27e3b,2026-01-14 17:34:34+00:00,3,,"can't access conversation history, reported this glitch more than a month ago, support team instead of fixing it tried to bribe me with a few weeks of free app use. What's the point of using it if I can't access the AI couch in full capacity? please fix",5.431.0
Whoop,google_play,us,b98ffc39-e31a-423b-8eff-482e3cf95bf3,2026-01-14 11:00:07+00:00,5,,great for auto detecting workouts and sleep health,5.431.0
Whoop,google_play,us,d81f4e0c-9063-464d-b690-a2522b45426f,2026-01-14 08:06:26+00:00,5,,changed my life,5.431.0
Whoop,google_play,us,9ac9ed4c-f171-4a1c-be8f-fe1f00e51f7d,2026-01-14 07:23:47+00:00,3,,I seem to get huge strain variations. Some days I've done nothing but sit down and had a high strain. Other days I've done a decent gym session and it's significantly lower than the gym day. This happens once every 10 days or so. I've tried different straps and different strap tightness but it didn't help. Oh and it seems slow to pick up heart rate change in the gym. Other than that it's good.,5.431.0
Whoop,google_play,us,b6a8862a-0389-41cf-a8d4-8251ae6f3ae2,2026-01-14 07:05:42+00:00,5,,Great 👍🏻,5.431.0
Whoop,google_play,us,334984ae-edab-41f8-ba54-cee74233b29b,2026-01-14 06:09:24+00:00,5,,"Excellent data, great app & device",5.431.0
Whoop,google_play,us,1d58626e-5832-4c91-987f-4f1473d7fe4f,2026-01-14 05:25:03+00:00,5,,Good,5.431.0
Whoop,google_play,us,b8e77bf9-17e7-405c-be90-815806701f11,2026-01-14 04:41:43+00:00,1,,"App community chat stuck until now for over 2 months, app is slow in response.",5.431.0
Whoop,google_play,us,467d4a54-75ad-4392-8ddf-8ef2acd99a37,2026-01-14 02:59:28+00:00,1,,over hyped very expensive,5.431.0
Whoop,google_play,us,864f8647-2805-47a2-856b-3a7a7fd426f8,2026-01-14 02:22:17+00:00,5,,When saviour is in your hands... it's Just whoop,5.431.0
Whoop,google_play,us,45566757-b264-4e8d-bf1c-faeb62cc30c7,2026-01-14 00:40:03+00:00,5,,I think best app and geget for helth trecking an imprument.,5.431.0
Whoop,google_play,us,2ffe0533-55df-49aa-ba57-13a153764d12,2026-01-13 22:00:31+00:00,5,,worth it,5.431.0
Whoop,google_play,us,5fdce758-e262-443c-be91-e836bee6c816,2026-01-13 15:07:24+00:00,5,,incredible...,5.431.0
Whoop,google_play,us,3b7ee822-5ba3-4e8b-aebb-294f5917ac4d,2026-01-13 11:53:58+00:00,5,,good app. never any glitches.,5.431.0
Whoop,google_play,us,b9907933-c245-4a47-b7ed-7f8b08a5f5d1,2026-01-13 08:44:00+00:00,5,,Best purchase ever. Life changing/organising !,5.431.0
Whoop,google_play,us,67ba0a9d-3b71-489e-a403-3a259b0d8700,2026-01-13 07:29:57+00:00,5,,amazing 👏🏻,5.431.0
Whoop,google_play,us,60e7b92e-03a6-4442-af5a-730d82823c12,2026-01-13 07:06:01+00:00,5,,I use it on a daily basis as a guide. It has some brilliant insights once there is historical information.,5.431.0
Whoop,google_play,us,c641dee0-8dbb-4b97-a55a-8254fa2b5f5b,2026-01-13 01:21:28+00:00,5,,best insights,5.430.0
Whoop,google_play,us,b48797ea-0480-41d1-b4bf-6448efd21d6d,2026-01-12 19:55:10+00:00,1,,"Canceling your subscription is completely hidden - nowhere in the app nor on the normal website. You have to answer a survey of like 10 questions before you get to cancel. I signed up for a free trial and never agreed to an auto-renew, yet it was set to buy me a full year after the trial. ""Always wear your whoop"" notification whenever you take it off and it's impossible to disable in my app, even though I've seen screenshots of the option existing.",5.431.0
Whoop,google_play,us,5cab9a7d-d722-4f21-978c-221c54a565fe,2026-01-12 19:08:25+00:00,5,,This app is easily the best health related product I have ever used. The metrics and feedback along with actionable steps is improving the quality of my life and others around me. Thank you for creating a versatile and informative product.,5.431.0
Whoop,google_play,us,8bff2599-a0ab-4763-a9a4-fd42d8d05a6b,2026-01-12 16:47:49+00:00,5,,very helpful to keep track of self and also encourages you to make healthy lifestyle choices,5.431.0
Whoop,google_play,us,5aa6496b-c42d-4ac3-ab1d-9cbd8ecc7814,2026-01-12 14:29:21+00:00,5,,the app is constantly improving,5.431.0
Whoop,google_play,us,bf18e8f2-deef-438d-a9cf-5e84fdb808bb,2026-01-12 14:00:50+00:00,1,,"“Free” Trial That Isn’t Really Free (In My Experience) My experience with the “free” trial was not what I expected. When returning the device, there are shipping charges, and additional fees may apply that effectively offset the value of the free period. Also, if the return shipment is delayed, extra costs can be added, which in some cases may exceed $150. This is only my personal experience, but in my view the term “free” can be misleading for some users, as you may later discover costs",5.430.0
Whoop,google_play,us,babf2f38-3962-48c4-be89-be64899fccf1,2026-01-11 23:24:50+00:00,2,,ekg not functional blood pressure not accurate sleep metrics accuracy is questionable,5.431.0
Whoop,google_play,us,b30ac348-0b58-49bb-a7a9-59ff6650e937,2026-01-11 21:14:51+00:00,5,,"Insights, recommendations, and coaching are fantastic.",5.431.0
Whoop,google_play,us,b91b2151-950e-47f2-aa04-917d9d500c21,2026-01-11 19:49:29+00:00,2,,the messages in chat don't work,5.431.0
Whoop,google_play,us,25269118-d62d-4ec4-a3cd-c79cc2b072eb,2026-01-11 18:01:29+00:00,5,,"Honestly, Whoop is amazing.",5.427.1
Whoop,google_play,us,0fa0d6cb-9677-4648-b4b1-87ce2579c939,2026-01-11 17:17:36+00:00,1,,"The whoop stopped working and recording. Then I reached out support and they didnt support me. The Whoop started to work again, but it sporadically shuts down. I wouldn't recommend this device.",5.431.0
Whoop,google_play,us,9c73dfa9-c996-4b58-869f-984ef4cfa83d,2026-01-11 17:07:14+00:00,5,,love it,5.431.0
Whoop,google_play,us,8f784db6-6bb3-4d38-8052-d2e44e59e1ca,2026-01-11 16:50:42+00:00,3,,needs to work offline as well,5.431.0
Whoop,google_play,us,b066da3d-58e9-4546-a013-8dd1661b8dfd,2026-01-11 14:24:49+00:00,1,,"Unfortunately Garmin has much better and accurate results than whoop, I have bee comparing from the last 45 days daily my results and upload them to Gemini, even Gemini gives me better advice of how to improve my sleeping than Whoop, for the price you pay it is not worth it. I will change to aura ring since my brother has it and I think is way better. The one start is just because you need to improve you product I think you have a good idea but you have to work harder to improve accuracy",5.424.0
Whoop,google_play,us,86f95d79-88d8-4bcc-8994-edf927b67b17,2026-01-11 11:47:04+00:00,2,,"The app looks very professional for users who want to measure every metric of their own, but at the same time, the UX design feels very difficult for a normal user to understand. For the price paid, I think that after the subscription, there are better alternatives available.",5.431.0
Whoop,google_play,us,17d499be-8bbb-4eb0-9e9c-e120f80d7967,2026-01-11 10:52:34+00:00,5,,the app allows you to truly collaborate with how your body responds to behaviors YOU create. Whoop allows me to delegate my actions so I can live my best life.,5.430.0
Whoop,google_play,us,5c7d92f1-da3a-416b-a3ba-9811d587bbb7,2026-01-11 10:30:21+00:00,5,,"Great, easy to track progress. Insightful videos and info",5.431.0
Whoop,google_play,us,0317c145-a32e-47af-b832-f07f77a9b80d,2026-01-11 04:18:50+00:00,5,,Whoop is an excellent tool for monitoring rest and thus maintaining a balanced exercise program.,5.431.0
Whoop,google_play,us,75189b9e-8e68-4d51-8701-a6eada12cb6f,2026-01-11 04:10:07+00:00,5,,"It works and has helped me manage my fatigue issues. The tech support is great. For those having issues reconnecting, I found that if it does disconnect and not automatically reconnect, I turn my Bluetooth off and on again, and it soon finds it. I had to do it twice on one occasion, but that might have been my impatience",5.431.0
Whoop,google_play,us,e0baf59b-1ae6-4174-aa0d-58db88f27e2f,2026-01-11 01:00:51+00:00,5,,Just embarassing that there is no google fit/health connect integration.,5.431.0
Whoop,google_play,us,e88c7de4-c1d2-49bb-9ef5-0d93afef6948,2026-01-11 00:45:47+00:00,1,,whoop doesn't care features of their app doesn't work correctly on Android. I'm on the latest Pixel and any top nav icons in their mobile hybrid app overlaying the top menu in Android and are not interactive. Opened support tickets to no avail. Almost a year and they can't be bothered.,5.431.0
Whoop,google_play,us,5735ca90-2f27-46c4-9497-d579ed6ff4c2,2026-01-10 15:29:29+00:00,5,,Great app!! love it!,5.431.0
Whoop,google_play,us,7bd6f7f1-8bd4-44e8-a325-e775db14195b,2026-01-10 15:03:03+00:00,5,,Great health feedback!,5.430.0
Whoop,google_play,us,d9b074fa-7bbf-4264-9004-12729afadba3,2026-01-10 12:46:21+00:00,5,,I have been using my Whoop for over 2 years. I am happily addicted to monitoring my stats.,5.431.0
Whoop,google_play,us,d1ccc488-6ba3-4e48-9793-426946af7238,2026-01-10 12:41:03+00:00,5,,very happy with all the info and features and its so easy to use,5.431.0
Whoop,google_play,us,547a6f9e-611f-4810-9c92-7a5c56ff39f3,2026-01-10 11:45:09+00:00,3,,"good service, needs more features. add nutrition tracking and supersets in strength trainer",5.431.0
Whoop,google_play,us,9a30c740-e394-415c-ba9b-75f8a766f931,2026-01-10 11:19:38+00:00,5,,Great ui and app,5.430.0
Whoop,google_play,us,fa8f333e-eb9c-4bf7-8c6a-eb9993d3d942,2026-01-10 11:03:17+00:00,5,,Whoop MG will help me live longer.,5.431.0
Whoop,google_play,us,3f8aa214-b0a2-4807-b033-0db343d1c4cf,2026-01-10 05:51:24+00:00,5,,it is very easy to use,5.431.0
Whoop,google_play,us,aaf895e0-c378-41c2-bbb7-0222afea9347,2026-01-10 05:24:03+00:00,5,,"Many good insights. The only thing I can't understand is how hours of sleep are measured and due to the relevance of this KPI, I have doubts about its usefulness overall.",5.431.0
Whoop,google_play,us,6342464a-c7df-4d12-98f8-dba27f1b83b0,2026-01-10 05:00:58+00:00,4,,nice. community group chat messages don't show up unless you're actively watching the chat. I get the lush notification but never see anything in chat history.,5.431.0
Whoop,google_play,us,33c80dfe-7c08-453b-98ab-f00e31fcca15,2026-01-10 02:08:25+00:00,4,,I don't think reading are 💯 correct,5.431.0
Whoop,google_play,us,95aee6c9-83e6-4f70-a679-6ca07882fb92,2026-01-10 00:36:27+00:00,3,,had whoop for 5 years but now bored of it.,5.430.0
Whoop,google_play,us,5ff1fb68-b2b2-46ef-baca-6aabe0178e8d,2026-01-09 12:32:25+00:00,2,,Too many notifications. The toggle options are nonsensical to me. I can't figure out which ones to toggle off so I turned them all off. I'm a busy person. Stop spamming me with dozens of notifications. If I want whoop info that is not immediately important (like for example if my battery is almost dead) then I will open the app when I have time.,5.430.0
Whoop,google_play,us,a9aa1f44-e4ef-4205-bd8b-d4651950e847,2026-01-09 11:05:00+00:00,5,,im a whoop stan and im not a stan of anything nornally,5.430.0
Whoop,google_play,us,c60b2e05-1555-47bd-8eb6-f0b7fb2ca6ae,2026-01-09 04:00:19+00:00,5,,Best decision I've made for my health in a very very long time. Couldn't be happier. 😊,5.430.0
Whoop,google_play,us,7c7dba4d-bf4f-4b07-b98d-8cfcc09f6530,2026-01-08 23:25:19+00:00,5,,love to use the day to day sleep/recovery/strain data and Whoop analysis to guide my running,5.430.0
Whoop,google_play,us,3bb155c2-3b3c-4917-9e07-a1dc37d5f704,2026-01-08 12:55:06+00:00,4,,"reliable, helpful",5.430.0
Whoop,google_play,us,f330655c-2b91-4410-a06f-ea7dcd5da6d7,2026-01-08 08:12:07+00:00,5,,love it😍,5.430.0
Whoop,google_play,us,bf3c6039-67be-4757-bf3d-ce75012f9728,2026-01-08 06:11:35+00:00,1,,"Whoop has to be the worst investment I've made in my fitness. In a market that has so many fitness bands etc this one goes right at the bottom for me. I've a whoop 5.0 and it's practically useless for me now. It constantly fails in detecting activity. terrible at detecting swimming, gym and walks. Also fails at identifying sleep correctly. It's literally like running a manual register where I keep going and inputting information myself. I have come to a point where I barely check it.",5.430.0
Whoop,google_play,us,89c142a8-69cf-4a26-9019-f26913d1a8af,2026-01-08 03:50:09+00:00,5,,An outstanding device. Track all physical activities which other smart watches lack. I suggest for those who are in the gym or pro running.,5.430.0
Whoop,google_play,us,cd12950a-96cd-4a5d-b2ad-6d12edeca5b5,2026-01-07 23:21:54+00:00,2,,Lot of ads for an app this costly...,5.430.0
Whoop,google_play,us,2af3bf95-2f8b-496c-84fa-79b6f9496c14,2026-01-07 22:23:40+00:00,4,,"A great app, but some improvements I would suggest: Everytime I missclick on a diary item name (eg: ""Consumed dairy?"") , it opens the entry page, but when I return to the main page, it goes back to the top of the page. Kinda annoying that. Would also love to edit the names and delete (or hide) the conversations with the AI coach.",5.431.0
Whoop,google_play,us,d8c23b18-02e1-4165-9124-13b08a9653d7,2026-01-07 19:07:25+00:00,5,,So far the best product in the market. Great App!,5.430.0
Whoop,google_play,us,6c6bf85b-514c-48de-bf41-92427fe09b50,2026-01-07 17:24:30+00:00,5,,Fun insight,5.430.0
Whoop,google_play,us,21f6534d-8908-4d7f-8787-f40846da46bf,2026-01-07 16:09:30+00:00,1,,"now adays when i set up waking activity it dose not give accurate information, for example I walk 7 KM it show 22 KM. also the map mix-up",5.430.0
Whoop,google_play,us,b5a9da92-1cb1-4a77-892d-962f771a6494,2026-01-07 12:56:58+00:00,5,,been using whoop now for 4 months and fully addicted. can't recommend it enough if someone is interested in their health !,5.430.0
Whoop,google_play,us,5497d6c9-ba13-45bb-8a68-a77ed43dd908,2026-01-07 12:20:43+00:00,5,,Excellent data display.,5.430.0
Whoop,google_play,us,108aac40-0d68-4a4c-8100-86223269d222,2026-01-07 08:01:21+00:00,1,,"got a whoop recently. the whoop AI assistant button is always on bottom right, covering most of the NUX journies effectively ruining the experience",5.430.0
Whoop,google_play,us,23cbbcf3-eaa8-425c-8832-0ad56f9aa22b,2026-01-06 22:14:08+00:00,5,,"My third year with Whoop, still continuing!",5.430.0
Whoop,google_play,us,864b7ed3-7ac0-4d6e-a489-97f867d8f51a,2026-01-06 21:08:28+00:00,1,,SCAMMER APP!!! CHARGES 300 BUCKS PER MONTH!!!!!!!!!!!!!! DO NEVER GIVE CREDIT CARD!!!!!!!!! THEY WILL CHARGE RANDOMLY HUNDREDS OF DOLLARS!!!!!!!!!!!!!!!!!! THEY WILL SCAM YOU!!!!!!!!!!!!,5.430.0
Whoop,google_play,us,34e2c04e-56f5-4380-856f-82d06e7f09d3,2026-01-06 14:24:21+00:00,5,,Absolutely LOVE!,5.430.0
Whoop,google_play,us,6db4a08c-9344-477c-adf4-a68247e2224c,2026-01-06 14:17:57+00:00,1,,its pretty horrible and too expensive for what it is.,5.430.0
Whoop,google_play,us,c71013d4-cc51-45db-9969-4e6ef420d97a,2026-01-06 13:53:10+00:00,2,,"The group chat in my Android device (Pixel 6) doesn't get updated, I get the notifications that a new message is in there but I don't see it when I enter the chat.",5.430.0
Whoop,google_play,us,af96911e-1a69-42c6-a26f-129438371811,2026-01-06 12:21:45+00:00,5,,very good for monitoring sleep and knows when you cheat and great overall health tracker,5.430.0
Whoop,google_play,us,d8528fc5-0366-4a61-beb0-3242a7b5fe04,2026-01-06 07:57:12+00:00,5,,I love using the WHOOP band!! Gives me amazing insights into my health and daily activities.,5.430.0
Whoop,google_play,us,44072a53-f093-42fe-a830-20e57a324fdc,2026-01-05 16:07:04+00:00,2,,"I was really enjoying it, but since approx. New Years my app. has been causing my phone to randomly restart. Now the app won't work at all... won't even open. My phone keeps telling me the app won't respond.... paid for this through like July or August..... not cool.",5.430.0
Whoop,google_play,us,120394a9-7c33-42dd-b2e8-272cab089d92,2026-01-05 05:04:43+00:00,4,,"WHOOP will change your life and add tremendous discipline and routine. However, I feel that it overestimates things like calories, steps etc by a bit so you need to also mentally sync up with it and adjust accordingly.",5.430.0
Whoop,google_play,us,36a4de6f-8626-4d95-b83f-9f9e15d4bc4d,2026-01-04 19:25:52+00:00,3,,"It's great for what it is , but it could be a thousand times better. I think they're too focused on a very select group of info and they give it too much weight",5.430.0
Whoop,google_play,us,142d1f7c-79eb-4aa9-9b65-5c0cbde2c0a9,2026-01-03 12:42:22+00:00,3,,ไม่มีภาษาไทย ทั้งที่คนไทยใช้เยอะ,5.430.0
Whoop,google_play,us,139da2e9-935a-4a1c-97ea-29304545a5a8,2026-01-03 00:40:23+00:00,1,,the app keeps crashing and I'm having to uninstall and install everytime,
Whoop,google_play,us,a1ae8e07-317f-425f-a2f7-ac5fe0a0f051,2026-01-02 22:37:41+00:00,3,,"Interface terrible, especially when logging activities. It's too easy to swipe-exit the logging-activity screen when swiping up and down to set the time or select the activity, resulting in having to start over again. The auto detection for activities is spotty. The analysis is nice, but want more assertive coaching, guidance as to what to do with my numbers, especially around sleep and recovery.",5.430.0
Whoop,google_play,us,806ba25f-83cb-4ae9-9d4a-97566424354c,2026-01-01 22:04:44+00:00,3,,"I am expecting this device could use location, repetitive motion, past exercise history to detect the training correctly, but it has a long way to go. It does the good job to detect sleep which is the best so far from my smart watch experience.",5.430.0
Whoop,google_play,us,70317529-76b7-4df5-99bb-a431963500e5,2026-01-01 17:31:15+00:00,5,,Great!,5.430.0
Whoop,google_play,us,7a198a3f-c665-4695-a9d7-391ce3207510,2026-01-01 00:10:04+00:00,5,,love the Data!,5.430.0
